master_record_number,agency,agency_tracking_number,county,city,collision_date,vehicles_involved,number_injured,number_dead,latitude,longitude,roadway_name,roadway_suffix,roadway_number,roadway_local_id,distance_from_reference,miles-feet_indicator,direction_from_reference,intersection_road_name,intersection_road_name_suffix,intersection_road_number,intersection_local_id,mile_marker,intersection_indicator,intersect_type,interchange_related_indicator,relation_to_junction,work_zone_type,construction_maintenance_zone,construction_maintenance_zone_location,fatal_case_number,officer_first_name,officer_last_name,weather_condition(s),manner_of_crash,pedestrian,bicycle,scooter,parking,hitrun,mou
100716787,METROPOLITAN NASHVILLE POLICE DEPT,20150007446,Davidson,Nashville,1/3/2015 9:30:00 AM,2,0,0,36.202430,-86.739100,LITTON AVE,,,,0.00,,,GALLATIN PIKE,,,,0.00,Y,Unknown, ,OtherLocation,None,,,         ,Tien,Nguyen,Rain,Unknown,no,no,no,no,yes,False
100716790,METROPOLITAN NASHVILLE POLICE DEPT,20150007619,Davidson,Madison,1/3/2015 2:00:00 PM,2,0,0,36.271990,-86.684570,RIO VISTA DR,,,,0.00,,,ANDERSON LN,,,,0.00,Y,OTHER,N,OtherLocation,None,,,         ,Caleb,Foster,Rain,HeadOn,no,no,no,no,no,False
100716806,METROPOLITAN NASHVILLE POLICE DEPT,20150007343,Davidson,Nashville,1/3/2015 10:36:00 AM,2,0,0,36.166910,-86.802400,JACKSON ST,,,,0.00,,,BLANK ST,,,,0.00,Y,T-Intersection,N,Non-Junction,None,,,         ,Nathan,Mayo,Rain,"Sideswipe, Same Direction",no,no,no,no,no,False
100716814,METROPOLITAN NASHVILLE POLICE DEPT,20150007754,Davidson,Nashville,1/3/2015 3:36:00 PM,2,0,0,36.055120,-86.641150,ZELIDA AVE,,,,101.00,Feet,East,HICKORY CLUB DR,,,,0.00,N,Not at Intersection, ,Non-Junction,None,,,         ,Thomas,Odom,Rain,Front to Rear,no,no,no,no,no,False
100716816,METROPOLITAN NASHVILLE POLICE DEPT,20150007815,Davidson,Nashville,1/3/2015 2:50:00 PM,2,0,0,36.072140,-86.732890,EDMONDSON PIKE,,,,0.00,,,WHISPERING HILLS DR,,,,0.00,Y,Four-Way, ,Intersection-Related,None,,,         ,Kevin,Wiles,Rain,Front to Rear,no,no,no,no,yes,False
100716829,METROPOLITAN NASHVILLE POLICE DEPT,20150007798,Davidson,Nashville,1/3/2015 2:38:00 PM,2,1,0,36.087470,-86.695860,METROPLEX DR,,,,233.00,Feet,North,S PERIMETER PARK DR,,,,0.00,N,Not at Intersection,N,Non-Junction,None,,,         ,Michael,Moss,Rain,Not Collision with Motor Vehicle in Transport,no,no,no,no,no,False
100716831,METROPOLITAN NASHVILLE POLICE DEPT,20150007856,Davidson,Nashville,1/3/2015 4:20:00 PM,1,0,0,36.232660,-86.825210,STATE HWY 155,,,,0.00,,,STATE HWY 155,,,,0.00,Y,Unknown,N,Non-Junction,None,,,         ,Zachary,Ronan,Rain,Not Collision with Motor Vehicle in Transport,no,no,no,no,no,False
100716839,METROPOLITAN NASHVILLE POLICE DEPT,20150007702,Davidson,Nashville,1/3/2015 3:03:00 PM,1,1,0,36.148480,-86.785250,12TH AVE S,,,,25.00,Feet,South,HAWKINS ST,,,,0.00,N,Not at Intersection,N,Non-Junction,None,,,         ,Maria,Cortez,Rain,Not Collision with Motor Vehicle in Transport,no,no,no,no,no,False
100716856,METROPOLITAN NASHVILLE POLICE DEPT,20150004490,Davidson,Madison,1/2/2015 3:35:00 PM,3,2,0,36.244280,-86.722580,US HWY 31E,,,,109.00,Feet,South,LAKEWOOD DR,,,,0.00,N,Not at Intersection,N,Non-Junction,None,,,         ,Nathan,Dungan,Clear,Front to Rear,no,no,no,no,no,False
100716857,METROPOLITAN NASHVILLE POLICE DEPT,20150004977,Davidson,Madison,1/2/2015 6:00:00 PM,2,0,0,36.266410,-86.710950,US HWY 31E,,,,190.00,Feet,South,DUPONT AVE,,,,0.00,N,Not at Intersection,N,Non-Junction,None,,,         ,Nathan,Dungan,Rain,Front to Rear,no,no,no,no,no,False
100716867,METROPOLITAN NASHVILLE POLICE DEPT,20150007750,Davidson,Nashville,1/3/2015 3:49:00 PM,2,0,0,36.033580,-86.712960,BARNES RD,,,,0.00,,,US HWY 31 ALT,,,,0.00,Y,Four-Way, ,Intersection-Related,None,,,         ,Eric,Burford,Rain,Front to Rear,no,no,no,no,no,False
100716868,METROPOLITAN NASHVILLE POLICE DEPT,20150007970,Davidson,Nashville,1/3/2015 5:07:00 PM,2,1,0,36.045260,-86.717090,STATE HWY 254,,,,0.00,,,HICKORY PLAZA DR,,,,0.00,Y,Four-Way,N,Intersection,None,,,         ,Eric,Burford,Rain,Angle,no,no,no,no,no,False
100716883,METROPOLITAN NASHVILLE POLICE DEPT,20150007971,Davidson,Nashville,1/3/2015 4:30:00 PM,2,0,0,36.103580,-86.666520,OLD MURFREESBORO PIKE,,,,0.00,,,FAIRCLOTH LN,,,,0.00,Y,OTHER,N,Intersection-Related,None,,,         ,Thomas,Barnes,Rain,Angle,no,no,no,no,no,False
100716885,METROPOLITAN NASHVILLE POLICE DEPT,20150007947,Davidson,Not in City Limit,1/3/2015 5:02:00 PM,2,0,0,36.325310,-86.887020,BINKLEY RD,,,,0.00,,,BIDWELL RD,,,,0.00,Y,Unknown, ,Non-Junction,None,,,         ,Jacob,Partin,Rain,Angle,no,no,no,no,no,False
100716887,METROPOLITAN NASHVILLE POLICE DEPT,20150008019,Davidson,Nashville,1/3/2015 5:25:00 PM,3,0,0,36.169460,-86.806610,JEFFERSON ST,,,,0.00,,,DR DB TODD JR BLVD,,,,0.00,Y,Four-Way, ,Intersection,None,,,         ,Christopher,Littles,Rain,Front to Rear,no,no,no,no,yes,False
100716889,METROPOLITAN NASHVILLE POLICE DEPT,20150008016,Davidson,Nashville,1/3/2015 5:31:00 PM,2,2,0,0.000000,0.000000,,,I440,,30.00,Feet,East,,,,,5.60,N,Not at Intersection,N,Non-Junction,None,,,         ,Mekisha,Page,Rain,Angle,no,no,no,no,no,False
100716901,VANDERBILT UNIVERSITY POLICE,15-008066,Davidson,Nashville,1/3/2015 5:50:00 PM,2,0,0,36.111120,-86.765690,STATE HWY 155,,,,0.00,,,,,,,0.00,,, ,,None,,,         ,Nancy,Douglas,,,no,no,no,yes,no,OHO
100716912,METROPOLITAN NASHVILLE POLICE DEPT,20150005177,Davidson,Nashville,1/2/2015 6:45:00 PM,2,0,0,36.242580,-86.756830,US HWY 31W,,,,0.00,,,DOVERSIDE DR,,,,0.00,Y,Four-Way,N,Intersection,None,,,         ,Nathan,Dungan,Rain,Front to Rear,no,no,no,no,yes,False
100716925,METROPOLITAN NASHVILLE POLICE DEPT,20150008014,Davidson,Nashville,1/3/2015 5:30:00 PM,1,1,0,36.084520,-86.701960,WALLACE RD,,,,17.00,Feet,South,LARGO DR,,,,0.00,N,Not at Intersection,N,Non-Junction,None,,,         ,Michael,Moss,Rain,Not Collision with Motor Vehicle in Transport,yes,no,no,no,no,False
100716930,METROPOLITAN NASHVILLE POLICE DEPT,20150008451,Davidson,Goodlettsville,1/3/2015 8:10:00 PM,2,0,0,36.300500,-86.695370,US HWY 31E,,,,239.00,Feet,West,SHEPHERD HILLS DR,,,,0.00,N,Not at Intersection,N,Non-Junction,None,,,         ,Jessica,Ware,Rain,Unknown,no,no,no,yes,yes,False
100716939,METROPOLITAN NASHVILLE POLICE DEPT,20150008305,Davidson,Nashville,1/3/2015 7:36:00 PM,3,0,0,36.212780,-86.731730,GALLATIN PIKE,,,,243.00,Feet,South,MCCHESNEY AVE,,,,0.00,N,Not at Intersection, ,Non-Junction,None,,,         ,Kimberly,Brown,Rain,"Sideswipe, Same Direction",no,no,no,no,no,False
100716945,METROPOLITAN NASHVILLE POLICE DEPT,20150008221,Davidson,Nashville,1/3/2015 7:00:00 PM,2,0,0,36.103580,-86.666520,OLD MURFREESBORO PIKE,,,,0.00,,,FAIRCLOTH LN,,,,0.00,Y,OTHER,N,Intersection,None,,,         ,Thomas,Barnes,Rain,Angle,no,no,no,no,no,False
100716951,METROPOLITAN NASHVILLE POLICE DEPT,20150008417,Davidson,Nashville,1/3/2015 8:13:00 PM,2,0,0,0.000000,0.000000,18TH,AVE,,,0.00,,,DIVISION,ST,,,0.00,Y,T-Intersection, ,Intersection,None,,,         ,Mekisha,Page,Rain,Angle,no,no,no,no,no,False
100716952,METROPOLITAN NASHVILLE POLICE DEPT,20150008461,Davidson,Nashville,1/3/2015 12:00:00 AM,1,0,0,36.128070,-86.728340,I 24,,,,0.00,,,,,,,51.30,N,Not at Intersection,N,Non-Junction,None,,,         ,Jacob,Masteller,Rain,Not Collision with Motor Vehicle in Transport,no,no,no,no,yes,False
100716959,METROPOLITAN NASHVILLE POLICE DEPT,20150007979,Davidson,Nashville,1/3/2015 5:10:00 PM,1,0,0,36.157650,-86.790750,I 40,,,,0.00,,,,,,,209.00,N,Not at Intersection, ,Non-Junction,None,,,         ,Eric,Harvey,Rain,Not Collision with Motor Vehicle in Transport,no,no,no,no,no,False
100716985,METROPOLITAN NASHVILLE POLICE DEPT,20150008167,Davidson,Not in City Limit,1/3/2015 6:20:00 PM,1,1,0,36.012700,-86.709070,HOLT RD,,,,569.00,Feet,East,BROOKVIEW FOREST DR,,,,0.00,N,Not at Intersection,N,Non-Junction,None,,,         ,Miguel,Garcia,Rain,Not Collision with Motor Vehicle in Transport,no,no,no,no,no,False
100716989,METROPOLITAN NASHVILLE POLICE DEPT,20150008448,Davidson,Nashville,1/3/2015 7:16:00 PM,3,2,0,36.013380,-86.620700,-- UNKNOWN RAMP/ROAD --,,,,0.00,Feet,,I 24,,,,0.00,Y,T-Intersection,Y,Intersection,None,,,         ,Oscar,Gomez,Rain,Front to Rear,no,no,no,no,yes,False
100716997,METROPOLITAN NASHVILLE POLICE DEPT,20150008597,Davidson,Nashville,1/3/2015 9:27:00 PM,2,0,0,36.160820,-86.781770,7TH AVE N,,,,0.00,,,COMMERCE ST,,,,0.00,Y,Four-Way, ,Non-Junction,None,,,         ,Blaze,Williams,Clear,Angle,no,no,no,no,no,False
100717004,METROPOLITAN NASHVILLE POLICE DEPT,20150008287,Davidson,Nashville,1/3/2015 7:25:00 PM,2,0,0,36.213990,-86.730840,GALLATIN PIKE,,,,53.00,Feet,South,GILLOCK ST,,,,0.00,N,Not at Intersection,N,Non-Junction,None,,,         ,Matthew,Cammarn,Rain,Front to Rear,no,no,no,no,no,False
100717015,METROPOLITAN NASHVILLE POLICE DEPT,20150008605,Davidson,Nashville,1/3/2015 9:30:00 PM,2,0,0,36.228630,-86.772580,I 65,,,,0.00,,,,,,,88.90,N,Not at Intersection,N,Non-Junction,Construction Zone,Other,Advanced Warning Area,         ,Jerry,Pirtle,Rain,Angle,no,no,no,no,no,False
100717016,METROPOLITAN NASHVILLE POLICE DEPT,20150008335,Davidson,Not in City Limit,1/3/2015 7:24:00 PM,2,0,0,36.068860,-86.941450,BAUGH RD,,,,0.00,Feet,,BELLEVUE RD,,,,0.00,Y,Four-Way, ,Intersection,None,,,         ,Brandon,Pedigo,Rain,Angle,no,no,no,no,no,False
100717023,METROPOLITAN NASHVILLE POLICE DEPT,20150007962,Davidson,Nashville,1/3/2015 5:03:00 PM,1,1,0,36.058800,-86.920650,STATE HWY 100,,,,83.00,Feet,West,WILLOUGHBY WAY,,,,0.00,N,Not at Intersection,N,Non-Junction,None,,,         ,John,Thomas,Rain,Not Collision with Motor Vehicle in Transport,no,no,no,no,no,False
100717040,METROPOLITAN NASHVILLE POLICE DEPT,20150008455,Davidson,Nashville,1/3/2015 7:36:00 PM,2,0,0,36.182340,-86.745270,STRATTON AVE,,,,76.00,Feet,West,N 14TH ST,,,,0.00,N,Not at Intersection,N,Non-Junction,None,,,         ,Cressie,Prill,Rain,"Sideswipe, Same Direction",no,no,no,no,no,False
100717042,METROPOLITAN NASHVILLE POLICE DEPT,20150009038,Davidson,Nashville,1/4/2015 12:24:00 AM,2,0,0,36.141730,-86.673760,EXIT 216B,,,,0.00,Feet,East,I 40,,,,0.00,N,Not at Intersection, ,,None,,,         ,Curtis,Fisher,,,no,no,no,no,no,False
100717057,METROPOLITAN NASHVILLE POLICE DEPT,20150009002,Davidson,Not in City Limit,1/4/2015 12:00:00 AM,1,0,0,36.359440,-86.884810,US HWY 431,,,,802.00,Feet,North,JACKMAN RD,,,,0.00,N,Not at Intersection,N,Non-Junction,None,,,         ,Chad,Brown,Rain,Not Collision with Motor Vehicle in Transport,no,no,no,no,yes,False
100717068,METROPOLITAN NASHVILLE POLICE DEPT,15-0006815,Davidson,Not in City Limit,1/3/2015 5:25:00 AM,1,0,0,36.277430,-86.793470,STATE HWY 45,,,,811.00,Feet,East,HICKORY HILLS BLVD,,,,0.00,N,Not at Intersection, ,,,,,         ,Nicholas,Truan,,,no,no,no,no,no,False
100717069,METROPOLITAN NASHVILLE POLICE DEPT,2015-0009244,Davidson,Nashville,1/3/2015 9:30:00 PM,2,0,0,36.172480,-86.595100,STATE HWY 265,,,,0.00,,,TULIP GROVE RD,,,,0.00,Y,T-Intersection,N,Non-Junction,None,,,         ,Blake,Giles,Rain,Angle,no,no,no,yes,yes,False
100717097,METROPOLITAN NASHVILLE POLICE DEPT,20150009508,Davidson,Nashville,1/4/2015 3:28:00 AM,1,0,0,36.128530,-86.813750,W LINDEN AVE,,,,0.00,,,29TH AVE S,,,,0.00,Y,T-Intersection,N,Unknown,None,,,         ,Harris,Smith,Rain,Not Collision with Motor Vehicle in Transport,no,no,no,no,yes,False
100717098,METROPOLITAN NASHVILLE POLICE DEPT,20150008840,Davidson,Nashville,1/3/2015 8:46:00 PM,2,0,0,36.045510,-86.712040,STATE HWY 254,,,,185.00,Feet,East,RAMP,,,,0.00,N,Not at Intersection,N,Non-Junction,None,,,         ,Jarred,Frazier,Rain,"Sideswipe, Same Direction",no,no,no,no,no,False
100717099,METROPOLITAN NASHVILLE POLICE DEPT,20150006224,Davidson,Nashville,1/3/2015 12:59:00 AM,2,0,0,36.152060,-86.793130,DIVISION ST,,,,0.00,,,17TH AVE S,,,,0.00,Y,Four-Way,N,Intersection,None,,,         ,Harris,Smith,Rain,Angle,no,no,no,no,no,False
100717121,METROPOLITAN NASHVILLE POLICE DEPT,20150007625,Davidson,Nashville,1/3/2015 2:00:00 PM,2,0,0,36.142280,-86.875520,US HWY 70,,,,363.00,Feet,West,WILCLAY DR,,,,0.00,N,Not at Intersection, ,,None,,,         ,Corteze,Armstrong,,,no,no,no,no,no,False
100717123,METROPOLITAN NASHVILLE POLICE DEPT,20150007206,Davidson,Nashville,1/3/2015 8:25:00 AM,1,0,0,36.089650,-86.750530,TROUSDALE DR,,,,0.00,,,GRASSMERE PARK,,,,0.00,Y,T-Intersection, ,Intersection-Related,None,,,         ,Darrell,Osment,Rain,Not Collision with Motor Vehicle in Transport,no,no,no,no,no,False
100717140,METROPOLITAN NASHVILLE POLICE DEPT,20150007618,Davidson,Nashville,1/3/2015 2:04:00 PM,2,1,0,36.066000,-86.717610,US HWY 31 ALT,,,,163.00,Feet,South,RAMP,,,,0.00,N,Not at Intersection,N,Non-Junction,None,,,         ,Darrell,Osment,Rain,"Sideswipe, Same Direction",no,no,no,no,no,False
100717142,METROPOLITAN NASHVILLE POLICE DEPT,20150009872,Davidson,Madison,1/4/2015 7:45:00 AM,2,0,0,36.263460,-86.715780,STATE HWY 45,,,,242.00,Feet,East,PEGGY ST,,,,0.00,N,Not at Intersection, ,Non-Junction,None,,,         ,Joshua,Borum,Cloudy,Front to Rear,no,no,no,no,no,False
100717143,METROPOLITAN NASHVILLE POLICE DEPT,20150007423,Davidson,Nashville,1/3/2015 11:46:00 AM,2,0,0,36.165150,-86.602770,BELL RD,,,,0.00,,,MILLS RD,,,,0.00,Y,T-Intersection, ,Intersection-Related,None,,,         ,Craig,Carlson,Cloudy,Front to Rear,no,no,no,no,no,False
100717144,METROPOLITAN NASHVILLE POLICE DEPT,20150007517,Davidson,Nashville,1/3/2015 12:47:00 PM,1,1,0,36.168890,-86.606690,EXIT 221A,,,,0.00,Feet,East,I 40,,,,0.00,N,Not at Intersection,N,Non-Junction,None,,,         ,Craig,Carlson,Cloudy,Not Collision with Motor Vehicle in Transport,no,no,no,no,no,False
100717145,METROPOLITAN NASHVILLE POLICE DEPT,20150007601,Davidson,Nashville,1/3/2015 1:52:00 PM,1,0,0,36.168890,-86.606690,EXIT 221A,,,,0.00,Feet,East,I 40,,,,0.00,N,Not at Intersection, ,Non-Junction,None,,,         ,Craig,Carlson,Cloudy,Not Collision with Motor Vehicle in Transport,no,no,no,no,no,False
100717153,METROPOLITAN NASHVILLE POLICE DEPT,2015-0009758,Davidson,Nashville,1/4/2015 5:45:00 AM,1,0,0,36.160880,-86.871970,LARAMIE AVE,,,,0.00,,,WACO DR,,,,0.00,Y,T-Intersection,N,Intersection,None,,,         ,Cesar,Castillo,Cloudy,Unknown,no,no,no,no,yes,False
100717158,BRENTWOOD POLICE DEPT,201500000245,Davidson,Nashville,1/3/2015 12:28:00 PM,2,0,0,36.026040,-86.792780,US HWY 31,,,,651.00,Feet,North,MEADOWLAKE RD,,,,0.00,N,Not at Intersection, ,,None,,,         ,Ray,Placentia,,,no,no,no,yes,no,False
100717180,METROPOLITAN NASHVILLE POLICE DEPT,2015-0009918,Davidson,Nashville,1/4/2015 8:12:00 AM,2,1,0,36.135690,-86.727080,I 24,,,,0.00,,,,,,,52.20,N,Not at Intersection,N,Entrance/Exit Ramp Related,None,,,         ,Stanley,Collins,Clear,"Sideswipe, Same Direction",no,no,no,no,no,False
100717202,METROPOLITAN NASHVILLE POLICE DEPT,20150010182,Davidson,Nashville,1/4/2015 11:00:00 AM,1,0,0,36.062890,-86.727750,CHERRYWOOD DR,,,,0.00,,,WATSONWOOD DR,,,,0.00,Y,T-Intersection,N,Intersection,None,,,         ,Samuel,Ruth,Clear,Not Collision with Motor Vehicle in Transport,no,no,no,no,yes,False
100717218,METROPOLITAN NASHVILLE POLICE DEPT,20150010146,Davidson,Nashville,1/4/2015 10:39:00 AM,2,2,0,36.133010,-86.892420,US HWY 70,,,,148.00,Feet,North,OLD CHARLOTTE PIKE,,,,0.00,N,Not at Intersection,Y,Non-Junction,None,,,         ,Ryan,Burger,Cloudy,Front to Rear,no,no,no,no,no,False
100717221,METROPOLITAN NASHVILLE POLICE DEPT,20150010263,Davidson,Nashville,1/4/2015 12:07:00 PM,2,0,0,36.087210,-86.692680,STATE HWY 255,,,,164.00,Feet,West,ANTIOCH PIKE,,,,0.00,N,Not at Intersection,N,Non-Junction,None,,,         ,Christopher,Hanor,Cloudy,Front to Rear,no,no,no,no,no,False
100717234,METROPOLITAN NASHVILLE POLICE DEPT,20150010265,Davidson,Nashville,1/4/2015 12:00:00 PM,1,0,0,36.088010,-86.886480,SIENA DR,,,,0.00,,,CLOISTER DR,,,,0.00,Y,T-Intersection, ,Intersection,None,,,         ,Corteze,Armstrong,Cloudy,Not Collision with Motor Vehicle in Transport,no,no,no,no,no,False
100717242,METROPOLITAN NASHVILLE POLICE DEPT,20150007349,Davidson,Nashville,1/3/2015 10:51:00 AM,3,1,0,36.155370,-86.790330,US HWY 70S,,,,48.00,Feet,West,15TH AVE S,,,,0.00,N,Not at Intersection,Y,Crossover-Related,None,,,         ,Thomas,West,Rain,Not Collision with Motor Vehicle in Transport,no,no,no,no,no,False
100717244,METROPOLITAN NASHVILLE POLICE DEPT,20150010225,Davidson,Goodlettsville,1/4/2015 12:04:00 PM,2,0,0,36.297630,-86.698690,RAMP,,,,0.00,Feet,East,US HWY 31E,,,,0.00,N,Not at Intersection, ,,,,,         ,Joshua,Borum,,,no,no,no,no,no,False
100717274,METROPOLITAN NASHVILLE POLICE DEPT,20150008617,Davidson,Nashville,1/3/2015 7:38:00 PM,2,0,0,36.044830,-86.662940,STATE HWY 254,,,,422.00,Feet,West,CANE RIDGE RD,,,,0.00,N,Not at Intersection, ,Non-Junction,None,,,         ,John,Stanfield,Rain,Front to Rear,no,no,no,no,no,False
100717275,METROPOLITAN NASHVILLE POLICE DEPT,20150008263,Davidson,Nashville,1/3/2015 7:15:00 PM,2,0,0,36.051140,-86.646230,STATE HWY 254,,,,241.00,Feet,East,HICKORY HOLLOW TER,,,,0.00,N,Not at Intersection, ,Non-Junction,None,,,         ,John,Stanfield,Rain,"Sideswipe, Same Direction",no,no,no,no,no,False
100717276,METROPOLITAN NASHVILLE POLICE DEPT,20150007914,Davidson,Nashville,1/3/2015 4:44:00 PM,2,0,0,36.045090,-86.671560,STATE HWY 254,,,,332.00,Feet,West,HICKORY PARK DR,,,,0.00,N,Not at Intersection, ,Non-Junction,None,,,         ,John,Stanfield,Rain,Front to Rear,no,no,no,no,no,False
100717290,METROPOLITAN NASHVILLE POLICE DEPT,20150010456,Davidson,Nashville,1/4/2015 2:54:00 PM,2,0,0,36.151000,-86.625310,BELL RD,,,,473.00,Feet,South,STEWARTS FERRY PIKE,,,,0.00,N,Not at Intersection, ,Non-Junction,None,,,         ,Michael,Apsey,Cloudy,Front to Rear,no,no,no,no,no,False
100717295,METROPOLITAN NASHVILLE POLICE DEPT,20150010470,Davidson,Nashville,1/4/2015 3:01:00 PM,1,0,0,36.139630,-86.665010,-- UNKNOWN RAMP/ROAD --,,,,0.00,Feet,East,EXIT 216C,,,,0.00,N,Not at Intersection,N,Entrance/Exit Ramp Related,None,,,         ,Jared,Ester,Rain,Not Collision with Motor Vehicle in Transport,no,no,no,no,no,False
100717307,METROPOLITAN NASHVILLE POLICE DEPT,20150010475,Davidson,Nashville,1/4/2015 3:00:00 PM,2,0,0,36.217090,-86.692130,-- UNKNOWN RAMP/ROAD --,,,,0.00,Feet,East,STATE HWY 155,,,,0.00,N,Not at Intersection, ,Non-Junction,None,,,         ,Leslie,Hale,Cloudy,"Sideswipe, Same Direction",no,no,no,no,no,False
100717315,METROPOLITAN NASHVILLE POLICE DEPT,20150010426,Davidson,Nashville,1/4/2015 2:15:00 PM,2,0,0,36.165750,-86.753770,S 8TH ST,,,,582.00,Feet,East,S 7TH ST,,,,0.00,N,Not at Intersection, ,Non-Junction,None,,,         ,Nicholas,Kulp,Clear,Angle,no,no,no,no,no,False
100717317,METROPOLITAN NASHVILLE POLICE DEPT,20150010458,Davidson,Nashville,1/4/2015 2:25:00 PM,2,0,0,36.082990,-86.697980,EXIT 56,,,,0.00,,,I 24,,,,0.00,Y,Y-Intersection, ,Entrance/Exit Ramp Related,None,,,         ,Jonathan,Frith,Rain,"Sideswipe, Same Direction",no,no,no,no,no,False
100717325,METROPOLITAN NASHVILLE POLICE DEPT,2015-0010600,Davidson,Nashville,1/4/2015 4:00:00 PM,2,0,0,36.060290,-86.903440,STATE HWY 254,,,,812.00,Feet,South,STATE HWY 100,,,,0.00,N,Not at Intersection, ,Non-Junction,None,,,         ,Michael,Rogers,Cloudy,Front to Rear,no,no,no,no,no,False
100717326,METROPOLITAN NASHVILLE POLICE DEPT,20150010557,Davidson,Nashville,1/4/2015 3:44:00 PM,1,0,0,36.070230,-86.690050,I 24,,,,0.00,,,,,,,56.95,N,Not at Intersection,N,Non-Junction,None,,,         ,John,Stanfield,Rain,Not Collision with Motor Vehicle in Transport,no,no,no,no,no,False
100717329,METROPOLITAN NASHVILLE POLICE DEPT,20150010647,Davidson,Nashville,1/4/2015 3:38:00 PM,2,1,0,36.085390,-86.727110,TRAVIS DR,,,,0.00,,,PARAGON MILLS RD,,,,0.00,Y,T-Intersection,N,Intersection,None,,,         ,David,Hughes,Cloudy,Front to Rear,no,no,no,no,yes,False
100717335,METROPOLITAN NASHVILLE POLICE DEPT,20150008021,Davidson,Nashville,1/3/2015 5:34:00 PM,2,0,0,36.181730,-86.641490,JACKSON DOWNS BLVD,,,,0.00,,,US HWY 70,,,,0.00,Y,Four-Way, ,,None,,,         ,Felipe,Pereira,,,no,no,no,no,no,False
100717338,METROPOLITAN NASHVILLE POLICE DEPT,20150010683,Davidson,Nashville,1/4/2015 4:32:00 PM,2,0,0,36.024310,-86.742390,EDMONDSON PIKE,,,,0.00,,,MOUNT PISGAH RD,,,,0.00,Y,T-Intersection, ,Intersection-Related,None,,,         ,Tien,Nguyen,Rain,Front to Rear,no,no,no,no,no,False
100717373,METROPOLITAN NASHVILLE POLICE DEPT,20150010830,Davidson,Nashville,1/4/2015 5:46:00 PM,2,0,0,36.111160,-86.811280,GRAYBAR LN,,,,0.00,,,US HWY 431,,,,0.00,Y,T-Intersection, ,Intersection-Related,None,,,         ,Tien,Nguyen,Clear,Angle,no,no,no,no,no,False
100717385,METROPOLITAN NASHVILLE POLICE DEPT,20150010864,Davidson,Nashville,1/4/2015 3:00:00 PM,2,0,0,36.166320,-86.798290,14TH AVE N,,,,0.00,,,HERMAN ST,,,,0.00,Y,Unknown,N,Non-Junction,None,,,         ,Christopher,Littles,Cloudy,Angle,no,no,no,no,yes,False
100717386,METROPOLITAN NASHVILLE POLICE DEPT,20150010805,Davidson,Nashville,1/4/2015 5:34:00 PM,2,0,0,36.179820,-86.741760,ORDWAY PL,,,,87.00,Feet,West,N 16TH ST,,,,0.00,N,Not at Intersection,N,Non-Junction,None,,,         ,Rachael,Sacco,Cloudy,"Sideswipe, Same Direction",no,no,no,no,yes,False
100717387,METROPOLITAN NASHVILLE POLICE DEPT,20150010862,Davidson,Nashville,1/4/2015 5:55:00 PM,2,1,0,36.173380,-86.648370,US HWY 70,,,,228.00,Feet,West,SPRING PLACE DR,,,,0.00,N,Not at Intersection,N,Non-Junction,None,,,         ,Austin,Childress,Cloudy,Front to Rear,no,no,no,no,no,False
100717393,METROPOLITAN NASHVILLE POLICE DEPT,20150010944,Davidson,Nashville,1/4/2015 6:41:00 PM,1,0,0,36.147180,-86.743570,I 40,,,,0.00,,,,,,,212.00,N,Not at Intersection, ,Non-Junction,None,,,         ,Michael,Apsey,Cloudy,Not Collision with Motor Vehicle in Transport,no,no,no,no,no,False
100717398,METROPOLITAN NASHVILLE POLICE DEPT,20150010970,Davidson,Nashville,1/4/2015 6:57:00 PM,1,1,0,36.047060,-86.661790,I 24,,,,0.00,,,,,,,59.20,N,Not at Intersection,N,Non-Junction,None,,,         ,Oscar,Gomez,Cloudy,Not Collision with Motor Vehicle in Transport,no,no,no,no,yes,False
100717405,GOODLETTSVILLE POLICE DEPT,15-00427,Davidson,Goodlettsville,1/4/2015 6:05:00 PM,2,1,0,36.306731,-86.694215,CONFERENCE,DR,,,50.00,Feet,South,,,SR386,,1.00,N,Not at Intersection,N,Non-Junction,None,,,         ,Charles,Hauskin,Cloudy,Front to Rear,no,no,no,no,no,False
100717427,METROPOLITAN NASHVILLE POLICE DEPT,20150011122,Davidson,Nashville,1/4/2015 8:25:00 PM,2,0,0,36.040350,-86.745200,STATE HWY 254,,,,519.00,Feet,West,EDMONDSON PIKE,,,,0.00,N,Not at Intersection,N,OtherLocation,None,,,         ,Tien,Nguyen,Clear,Front to Rear,no,no,no,no,yes,False
100717439,METROPOLITAN NASHVILLE POLICE DEPT,20150011112,Davidson,Nashville,1/4/2015 7:25:00 PM,2,0,0,36.170830,-86.601300,-- UNKNOWN RAMP/ROAD --,,,,0.00,,,I 40,,,,0.00,Y,Four-Way, ,Intersection-Related,None,,,         ,John,Kelley,Cloudy,Front to Rear,no,no,no,no,no,False
100717453,METROPOLITAN NASHVILLE POLICE DEPT,20150011254,Davidson,Nashville,1/4/2015 9:44:00 PM,2,0,0,36.157680,-86.774990,4TH AVE S,,,,194.00,Feet,North,GATEWAY BLVD,,,,0.00,N,Not at Intersection, ,Non-Junction,None,,,         ,Blaze,Williams,Clear,Front to Rear,no,no,no,no,no,False