master_record_number,agency,agency_tracking_number,county,city,collision_date,vehicles_involved,number_injured,number_dead,latitude,longitude,roadway_name,roadway_suffix,roadway_number,roadway_local_id,distance_from_reference,miles-feet_indicator,direction_from_reference,intersection_road_name,intersection_road_name_suffix,intersection_road_number,intersection_local_id,mile_marker,intersection_indicator,intersect_type,interchange_related_indicator,relation_to_junction,work_zone_type,construction_maintenance_zone,construction_maintenance_zone_location,fatal_case_number,officer_first_name,officer_last_name,weather_condition(s),manner_of_crash,pedestrian,bicycle,scooter,parking,hitrun,mou
100718391,METROPOLITAN NASHVILLE POLICE DEPT,20150018268,Davidson,Nashville,1/6/2015 7:00:00 PM,3,1,0,36.140790,-86.817550,US HWY 70S,,,,50.00,Feet,South,ACKLEN PARK DR,,,,0.00,N,Not at Intersection,N,Non-Junction,None,,,         ,Charles,Griffin,Clear,Front to Rear,no,no,no,no,no,False
100718405,METROPOLITAN NASHVILLE POLICE DEPT,20150018224,Davidson,Nashville,1/6/2015 7:30:00 PM,2,0,0,36.158600,-86.782710,US HWY 70,,,,17.00,Feet,East,9TH AVE N,,,,0.00,N,Not at Intersection, ,,None,,,         ,Tyler,Hutton,,,no,no,no,no,no,False
100718413,METROPOLITAN NASHVILLE POLICE DEPT,20150018112,Davidson,Nashville,1/6/2015 6:00:00 PM,2,1,0,36.149190,-86.773900,I 40,,,,0.00,,,,,,,210.20,N,Not at Intersection,N,Non-Junction,None,,,         ,Chaz,Pace,Clear,Front to Rear,no,no,no,no,no,False
100718416,METROPOLITAN NASHVILLE POLICE DEPT,20150017498,Davidson,Nashville,1/6/2015 3:25:00 PM,2,2,0,36.148670,-86.807040,24TH AVE N,,,,0.00,,,ELLISTON PL,,,,0.00,Y,T-Intersection,N,Intersection,None,,,         ,Eric,Harvey,Clear,Angle,no,no,no,no,no,Campus
100718417,METROPOLITAN NASHVILLE POLICE DEPT,20150017634,Davidson,Nashville,1/6/2015 4:00:00 PM,2,0,0,36.158420,-86.790610,US HWY 70,,,,0.00,,,CHURCH ST,,,,0.00,Y,T-Intersection,N,Intersection-Related,None,,,         ,Eric,Harvey,Clear,Angle,no,no,no,no,yes,False
100718418,METROPOLITAN NASHVILLE POLICE DEPT,20150018179,Davidson,Nashville,1/6/2015 6:35:00 PM,3,0,0,36.129760,-86.816620,I 440,,,,0.00,,,,,,,2.00,N,Not at Intersection, ,Non-Junction,None,,,         ,Eric,Harvey,Clear,Front to Rear,no,no,no,no,no,False
100718419,METROPOLITAN NASHVILLE POLICE DEPT,20150017984,Davidson,Nashville,1/6/2015 5:20:00 PM,2,0,0,36.156160,-86.759600,I 24,,,,0.00,,,,,,,49.70,N,Not at Intersection,N,Non-Junction,None,,,         ,Ryan,Howard,Clear,Front to Rear,no,no,no,no,yes,False
100718434,METROPOLITAN NASHVILLE POLICE DEPT,20150017912,Davidson,Nashville,1/6/2015 7:38:00 PM,2,0,0,36.210180,-86.872890,EXIT 24,,,,0.00,Feet,East,STATE HWY 12,,,,0.00,N,Not at Intersection, ,Entrance/Exit Ramp Related,None,,,         ,Victor,Alexander,Cloudy,Front to Rear,no,no,no,no,no,False
100718436,METROPOLITAN NASHVILLE POLICE DEPT,20150017920,Davidson,Nashville,1/6/2015 5:45:00 PM,2,0,0,36.191580,-86.785860,I 65,,,,0.00,,,,,,,86.00,N,Not at Intersection, ,Non-Junction,None,,,         ,Jacob,Paul,Clear,"Sideswipe, Same Direction",no,no,no,no,no,False
100718442,METROPOLITAN NASHVILLE POLICE DEPT,20150018667,Davidson,Nashville,1/6/2015 8:42:00 PM,2,0,0,36.125720,-86.788560,CARUTHERS AVE,,,,220.00,Feet,East,12TH AVE S,,,,0.00,N,Not at Intersection, ,Non-Junction,None,,,         ,Jacob,Crouch,Clear,Angle,no,no,no,no,no,False
100718458,BERRY HILL POLICE DEPT,15-0082,Davidson,Berry Hill,1/6/2015 6:10:00 AM,2,0,0,36.119980,-86.769560,BERRY RD,,,,139.00,Feet,East,LARMON DR,,,,0.00,N,Not at Intersection, ,Non-Junction,None,,,         ,Michael,Lewis,Clear,Angle,no,no,no,no,no,False
100718461,METROPOLITAN NASHVILLE POLICE DEPT,20150018804,Davidson,Not in City Limit,1/6/2015 9:30:00 PM,2,0,0,36.264430,-86.732240,STATE HWY 45,,,,0.00,,,S GRAYCROFT AVE,,,,0.00,Y,Four-Way, ,Non-Junction,None,,,         ,Benjamin,Smith,Clear,"Sideswipe, Opposite Direction",no,no,no,no,yes,False
100718468,METROPOLITAN NASHVILLE POLICE DEPT,20150009509,Davidson,Nashville,1/4/2015 3:15:00 AM,2,0,0,36.178160,-86.800940,I 65,,,,0.00,,,,,,,84.90,N,Not at Intersection,N,Non-Junction,None,,,         ,Lewis,Taylor,Rain,"Sideswipe, Same Direction",no,no,no,no,yes,False
100718474,METROPOLITAN NASHVILLE POLICE DEPT,2015-0019013,Davidson,Nashville,1/6/2015 11:44:00 PM,2,1,0,36.209300,-86.775920,I 65,,,,0.00,,,,,,,87.55,N,Not at Intersection,Y,Entrance/Exit Ramp Related,Construction Zone,Lane Shift-Crossover,Activity Area,         ,Michael,Agee,Clear,Angle,no,no,no,no,no,False
100718477,METROPOLITAN NASHVILLE POLICE DEPT,20150019222,Davidson,Nashville,1/7/2015 12:44:00 AM,1,0,0,36.209130,-86.623010,STATE HWY 45,,,,391.00,Feet,South,HILLS LN,,,,0.00,N,Not at Intersection,N,Non-Junction,None,,,         ,Curtis,Fisher,Clear,Not Collision with Motor Vehicle in Transport,no,no,no,no,no,False
100718492,METROPOLITAN NASHVILLE POLICE DEPT,2015-0019175,Davidson,Nashville,1/7/2015 12:00:00 AM,1,1,0,36.215180,-86.598350,US HWY 70,,,,0.00,,,,,,,0.00,,,N,Non-Junction,None,,,         ,Blake,Giles,Clear,Not Collision with Motor Vehicle in Transport,yes,no,no,yes,no,False
100718497,METROPOLITAN NASHVILLE POLICE DEPT,20150014926,Davidson,Nashville,1/5/2015 10:05:00 PM,2,0,0,36.130930,-86.857790,STATE HWY 155,,,,0.00,,,,,,,0.00,,,N,Non-Junction,None,,,         ,Adam,Reese,Clear,"Sideswipe, Opposite Direction",no,no,no,yes,yes,False
100718514,METROPOLITAN NASHVILLE POLICE DEPT,20150016228,Davidson,Nashville,1/6/2015 7:45:00 AM,2,0,0,36.142520,-86.709770,I 40,,,,0.00,,,,,,,214.20,N,Not at Intersection,N,Non-Junction,None,,,         ,Jason,Smith,Clear,"Sideswipe, Same Direction",no,no,no,no,yes,False
100718517,METROPOLITAN NASHVILLE POLICE DEPT,20150000189,Davidson,Antioch,1/1/2015 12:54:00 AM,2,0,0,0.000000,0.000000,3532 MURFREESBORO,,,,0.25,Miles,South,MT VIEW CR,,,,0.00,N,Not at Intersection, ,Non-Junction,None,,,         ,Dezmond,Hughes,Clear,"Sideswipe, Same Direction",no,no,no,no,no,False
100718521,METROPOLITAN NASHVILLE POLICE DEPT,20150012486,Davidson,Nashville,1/5/2015 7:39:00 AM,2,0,0,36.143800,-86.728890,ELM HILL PIKE,,,,403.00,Feet,West,POPLAR ST,,,,0.00,N,Not at Intersection,N,Non-Junction,None,,,         ,Jeb,Johnston,Clear,"Sideswipe, Same Direction",no,no,no,no,no,False
100718522,METROPOLITAN NASHVILLE POLICE DEPT,20150017217,Davidson,Nashville,1/6/2015 1:39:00 PM,2,1,0,36.117120,-86.791510,GRANNY WHITE PIKE,,,,0.00,,,GALE LN,,,,0.00,Y,Four-Way,N,Intersection-Related,None,,,         ,Steven,Jones,Clear,Angle,no,no,no,no,no,False
100718524,METROPOLITAN NASHVILLE POLICE DEPT,2015-0016501,Davidson,Nashville,1/6/2015 9:13:00 AM,2,0,0,36.137500,-86.775690,I 65,,,,0.00,,,,,,,81.60,N,Not at Intersection, ,Non-Junction,None,,,         ,Byron,Boelter,Clear,Front to Rear,no,no,no,no,no,False
100718525,Nashville Airport Police,2015-00030,Davidson,Nashville,1/6/2015 9:40:00 AM,1,0,0,0.000000,0.000000,HANGAR,LN,SR801,,0.25,Miles,West,DONELSON,PIKE,SR255,,0.00,N,Not at Intersection, ,Non-Junction,None,,,         ,Brian,Wolters,Clear,Not Collision with Motor Vehicle in Transport,no,no,no,yes,no,False
100718543,METROPOLITAN NASHVILLE POLICE DEPT,2015-0020275,Davidson,Nashville,1/7/2015 7:44:00 AM,2,0,0,36.121240,-86.910730,I 40,,,,0.00,,,,,,,200.20,N,Not at Intersection, ,Non-Junction,None,,,         ,Curtis,Rich,Cloudy,Front to Rear,no,no,no,no,no,False
100718551,BERRY HILL POLICE DEPT,15-0089,Davidson,Berry Hill,1/6/2015 2:02:00 PM,2,1,0,36.122000,-86.775610,US HWY 31,,,,166.00,Feet,South,HORNER AVE,,,,0.00,N,Not at Intersection,N,Non-Junction,None,,,         ,Ronnie,Hill,Clear,Front to Rear,no,no,no,no,no,False
100718557,METROPOLITAN NASHVILLE POLICE DEPT,20150020274,Davidson,Nashville,1/7/2015 7:30:00 AM,2,1,0,36.117990,-86.725890,I 24,,,,0.00,,,,,,,53.05,N,Not at Intersection,Y,Non-Junction,None,,,         ,Brandon,Tennant,Blowing Snow,Front to Rear,no,no,no,no,no,False
100718560,METROPOLITAN NASHVILLE POLICE DEPT,2015-0020437,Davidson,Nashville,1/7/2015 8:22:00 AM,2,0,0,36.115510,-86.826620,STATE HWY 155,,,,0.00,,,BOWLING AVE,,,,0.00,Y,Four-Way, ,Intersection,None,,,         ,Curtis,Rich,Cloudy,Front to Rear,no,no,no,no,yes,False
100718563,METROPOLITAN NASHVILLE POLICE DEPT,20150020339,Davidson,Not in City Limit,1/7/2015 7:45:00 AM,2,0,0,36.322450,-86.908690,US HWY 41 ALT,,,,605.00,Feet,East,OLD CLARKSVILLE PIKE,,,,0.00,N,Not at Intersection, ,Non-Junction,None,,,         ,Alan,Jordan,Blowing Snow,Front to Rear,no,no,no,no,no,False
100718567,METROPOLITAN NASHVILLE POLICE DEPT,2015-0017301,Davidson,Nashville,1/6/2015 2:12:00 PM,2,2,0,36.160350,-86.817900,BOOKER ST,,,,23.00,Feet,East,LENA ST,,,,0.00,N,Not at Intersection,N,Non-Junction,None,,,         ,Darryl,Morton,Clear,Angle,no,no,no,no,no,False
100718572,METROPOLITAN NASHVILLE POLICE DEPT,20150020413,Davidson,Antioch,1/7/2015 12:00:00 AM,1,0,0,36.068650,-86.595480,MOUNT VIEW RD,,,,319.00,Feet,East,MOUNT VIEW RIDGE DR,,,,0.00,N,Not at Intersection,N,Non-Junction,None,,,         ,Steven,Snitzer,Unknown,Not Collision with Motor Vehicle in Transport,no,no,no,no,no,False
100718577,METROPOLITAN NASHVILLE POLICE DEPT,20150020329,Davidson,Nashville,1/7/2015 7:54:00 AM,3,0,0,36.035950,-86.783150,I 65,,,,0.00,,,,,,,74.35,N,Not at Intersection,N,Non-Junction,None,,,         ,Nathan,Kemp,Clear,Front to Rear,no,no,no,no,no,False
100718587,VANDERBILT UNIVERSITY POLICE,15-0017288,Davidson,Nashville,1/6/2015 12:00:00 AM,2,0,0,36.109440,-86.765070,POWELL AVE,,,,0.00,,,,,,,0.00,,,N,Non-Junction,None,,,         ,Donald,Clark,Clear,Rear to Rear,no,no,no,yes,yes,OHO
100718590,METROPOLITAN NASHVILLE POLICE DEPT,2015-020401,Davidson,Nashville,1/7/2015 8:15:00 AM,2,0,0,36.158250,-86.771820,US HWY 70,,,,0.00,,,GATEWAY BLVD,,,,0.00,Y,Four-Way, ,Intersection-Related,Construction Zone,,,         ,Charles,Coe,Cloudy,Angle,no,no,no,no,no,False
100718597,METROPOLITAN NASHVILLE POLICE DEPT,20150020578,Davidson,Nashville,1/7/2015 9:10:00 AM,2,0,0,36.180610,-86.796260,GARFIELD ST,,,,0.00,,,US HWY 41 ALT,,,,0.00,Y,Four-Way,N,Intersection,None,,,         ,Steven,Spillers,Clear,Angle,no,no,no,no,yes,False
100718603,METROPOLITAN NASHVILLE POLICE DEPT,20150020603,Davidson,Nashville,1/7/2015 9:28:00 AM,1,0,0,36.110000,-86.722210,EXIT 3A,,,,0.00,,,I 24,,,,0.00,Y,Y-Intersection,Y,Entrance/Exit Ramp Related,None,,,         ,Brandon,Tennant,Blowing Snow,Not Collision with Motor Vehicle in Transport,no,no,no,no,no,False
100718605,METROPOLITAN NASHVILLE POLICE DEPT,20150020602,Davidson,Nashville,1/7/2015 9:20:00 AM,2,0,0,36.158420,-86.790610,US HWY 70,,,,0.00,,,CHURCH ST,,,,0.00,Y,Four-Way, ,Non-Junction,None,,,         ,Wesley,Henderson,Snow,"Sideswipe, Same Direction",no,no,no,no,no,False
100718610,METROPOLITAN NASHVILLE POLICE DEPT,20150020870,Davidson,Nashville,1/7/2015 10:56:00 AM,2,0,0,36.063970,-86.774270,US HWY 31,,,,0.00,,,FOREST ACRES DR,,,,0.00,Y,T-Intersection, ,Intersection,None,,,         ,Arthur,Hummell,Cloudy,Angle,no,no,no,no,no,False
100718614,METROPOLITAN NASHVILLE POLICE DEPT,2015-0020873,Davidson,Not in City Limit,1/7/2015 10:56:00 AM,1,1,0,36.210200,-86.928480,STATE HWY 12,,,,580.00,Feet,North,OLD HYDES FERRY PIKE,,,,0.00,N,Not at Intersection,N,Non-Junction,None,,,         ,William,Caillouette,Clear,Not Collision with Motor Vehicle in Transport,no,no,no,no,no,False
100718616,METROPOLITAN NASHVILLE POLICE DEPT,20150020900,Davidson,Nashville,1/7/2015 10:00:00 AM,2,0,0,36.071330,-86.636410,STATE HWY 254,,,,0.00,,,RAMP,,,,0.00,Y,OTHER, ,,None,,,         ,Julius,Gallon,,,no,no,no,yes,no,False
100718618,METROPOLITAN NASHVILLE POLICE DEPT,20150020812,Davidson,Nashville,1/7/2015 10:56:00 AM,2,0,0,36.069130,-86.682730,RICHARDS RD,,,,200.00,Feet,East,RAMP,,,,0.00,N,Not at Intersection, ,Non-Junction,None,,,         ,James,Thomas,Cloudy,Angle,no,no,no,no,no,False
100718619,METROPOLITAN NASHVILLE POLICE DEPT,20150020947,Davidson,Nashville,1/7/2015 11:26:00 AM,2,0,0,36.198440,-86.620240,STATE HWY 45,,,,0.00,,,US HWY 70,,,,0.00,Y,Four-Way, ,Intersection,None,,,         ,James,Curtis,Cloudy,Front to Rear,no,no,no,no,no,False
100718621,METROPOLITAN NASHVILLE POLICE DEPT,2015-0022216,Davidson,Nashville,1/7/2015 6:55:00 AM,3,0,0,36.044790,-86.661940,STATE HWY 254,,,,139.00,Feet,West,CANE RIDGE RD,,,,0.00,N,Not at Intersection,N,Non-Junction,None,,,         ,James,Grady,Cloudy,Rear to Rear,no,no,no,no,no,False
100718624,METROPOLITAN NASHVILLE POLICE DEPT,2015-0013986,Davidson,Nashville,1/5/2015 4:18:00 PM,2,0,0,36.092980,-86.652340,US HWY 41,,,,364.00,Feet,South,OLD MURFREESBORO PIKE,,,,0.00,N,Not at Intersection,N,Non-Junction,None,,,         ,Brandon,O'Guin,Clear,Front to Rear,no,no,no,no,no,False
100718629,METROPOLITAN NASHVILLE POLICE DEPT,20150020929,Davidson,Nashville,1/7/2015 11:15:00 AM,2,0,0,36.084180,-86.705750,STATE HWY 255,,,,46.00,Feet,North,LINBAR DR,,,,0.00,N,Not at Intersection,N,Non-Junction,None,,,         ,Christopher,Davis,Clear,Front to Rear,no,no,no,no,yes,False
100718630,METROPOLITAN NASHVILLE POLICE DEPT,2015-020846,Davidson,Nashville,1/7/2015 10:30:00 AM,2,0,0,36.158880,-86.782050,US HWY 31,,,,0.00,,,US HWY 70,,,,0.00,Y,Four-Way, ,Intersection,None,,,         ,Charles,Coe,Cloudy,Angle,no,no,no,no,no,False
100718633,METROPOLITAN NASHVILLE POLICE DEPT,20150021144,Davidson,Nashville,1/7/2015 12:29:00 PM,2,0,0,36.094860,-86.807600,LONE OAK RD,,,,22.00,Feet,East,HUNT PL,,,,0.00,N,Not at Intersection, ,,None,,,         ,Nathan,Kemp,,,no,no,no,no,no,False
100718653,METROPOLITAN NASHVILLE POLICE DEPT,20150021111,Davidson,Nashville,1/7/2015 12:00:00 AM,2,0,0,36.127970,-86.750130,ROSEMARY LN,,,,152.00,Feet,South,HUTTON DR,,,,0.00,N,Not at Intersection, ,Non-Junction,None,,,         ,Trevin,Tolbert,Cloudy,Unknown,no,no,no,no,yes,False
100718666,METROPOLITAN NASHVILLE POLICE DEPT,20150021105,Davidson,Not in City Limit,1/7/2015 12:35:00 PM,2,1,0,36.263340,-86.714610,STATE HWY 45,,,,0.00,,,DOUGLAS ST,,,,0.00,Y,T-Intersection,Y,Intersection,None,,,         ,Jeffery,Burnette,Clear,Angle,no,no,no,no,no,False
100718672,METROPOLITAN NASHVILLE POLICE DEPT,20150008496,Davidson,Nashville,1/3/2015 8:53:00 PM,3,0,0,36.094730,-86.706860,I 24,,,,0.00,,,,,,,55.00,N,Not at Intersection,N,Non-Junction,None,,,         ,Adam,Earle,Clear,"Sideswipe, Same Direction",no,no,no,no,no,False
100718675,METROPOLITAN NASHVILLE POLICE DEPT,2015-0021335,Davidson,Nashville,1/7/2015 1:37:00 PM,2,0,0,36.114840,-86.861360,US HWY 70S,,,,50.00,Feet,South,DAVIDSON RD,,,,0.00,N,Not at Intersection, ,Non-Junction,None,,,         ,Walter,Gray II,Clear,Front to Rear,no,no,no,no,no,False
100718685,METROPOLITAN NASHVILLE POLICE DEPT,20150017925,Davidson,Nashville,1/6/2015 6:08:00 PM,2,0,0,36.154770,-86.779420,US HWY 41,,,,0.00,,,US HWY 31,,,,0.00,Y,Roundabout, ,Intersection,None,,,         ,MIchael,Mihajlov,Clear,Angle,no,no,no,no,no,False
100718693,METROPOLITAN NASHVILLE POLICE DEPT,20150007695,Davidson,Nashville,1/3/2015 2:40:00 PM,2,0,0,36.269270,-86.756060,STATE HWY 45,,,,0.00,,,US HWY 31W,,,,0.00,Y,Four-Way, ,Non-Junction,None,,,         ,Nathan,Dungan,Rain,Front to Rear,no,no,no,no,yes,False
100718694,METROPOLITAN NASHVILLE POLICE DEPT,20150007897,Davidson,Madison,1/3/2015 2:30:00 PM,2,0,0,36.263230,-86.711850,US HWY 31E,,,,50.00,Feet,North,STATE HWY 45,,,,0.00,N,Not at Intersection, ,Non-Junction,None,,,         ,Nathan,Dungan,Rain,Front to Rear,no,no,no,no,yes,False
100718697,METROPOLITAN NASHVILLE POLICE DEPT,20150021470,Davidson,Nashville,1/7/2015 2:24:00 PM,2,0,0,36.086590,-86.771330,RAMP,,,,0.00,,,STATE HWY 255,,,,0.00,Y,Four-Way, ,Intersection-Related,None,,,         ,Tien,Nguyen,Clear,Front to Rear,no,no,no,no,no,False
100718703,METROPOLITAN NASHVILLE POLICE DEPT,20150021542,Davidson,Nashville,1/7/2015 2:50:00 PM,2,0,0,36.081140,-86.715290,STATE HWY 255,,,,49.00,Feet,West,HUMBER DR,,,,0.00,N,Not at Intersection,N,Non-Junction,None,,,         ,Jessie,Meadows,Clear,Angle,no,no,no,no,no,False
100718704,METROPOLITAN NASHVILLE POLICE DEPT,20150018701,Davidson,Nashville,1/6/2015 9:41:00 PM,1,1,0,36.153280,-86.772180,4TH AVE S,,,,0.00,,,ELM ST,,,,0.00,Y,OTHER,N,Non-Junction,None,,,         ,Aaron,Thomas,Clear,Not Collision with Motor Vehicle in Transport,yes,no,no,yes,yes,False
100718710,METROPOLITAN NASHVILLE POLICE DEPT,20150021611,Davidson,Nashville,1/7/2015 3:18:00 PM,2,0,0,36.183020,-86.748670,GALLATIN AVE,,,,118.00,Feet,South,W EASTLAND AVE,,,,0.00,N,Not at Intersection, ,Non-Junction,None,,,         ,Rachael,Sacco,Clear,"Sideswipe, Same Direction",no,no,no,no,no,False
100718711,VANDERBILT UNIVERSITY POLICE,15-0021460,Davidson,Nashville,1/7/2015 11:30:00 AM,2,0,0,36.141660,-86.806430,25TH AVE S,,,,0.00,,,,,,,0.00,,, ,,,,,         ,Linda,Jennings,,,no,no,no,yes,no,Campus
100718712,METROPOLITAN NASHVILLE POLICE DEPT,20150018558,Davidson,Nashville,1/6/2015 8:50:00 PM,1,1,0,36.193580,-86.723520,RIVERSIDE DR,,,,280.00,Feet,North,MCKENNELL DR,,,,0.00,N,Not at Intersection,N,Non-Junction,None,,,         ,Ryan,Howard,Clear,Not Collision with Motor Vehicle in Transport,no,no,no,no,no,False
100718730,BRENTWOOD POLICE DEPT,201500000628,Davidson,Nashville,1/7/2015 3:24:00 PM,2,0,0,36.033800,-86.788480,US HWY 31,,,,250.00,Feet,North,STATE HWY 252,,,,0.00,N,Not at Intersection, ,Non-Junction,None,,,         ,Kimberly,Lamberson,Clear,Front to Rear,no,no,no,no,no,False
100718731,METROPOLITAN NASHVILLE POLICE DEPT,20150021722,Davidson,Nashville,1/7/2015 3:10:00 PM,2,1,0,36.233660,-86.699480,PENNINGTON BEND RD,,,,0.00,,,LOCK TWO RD,,,,0.00,Y,Y-Intersection,N,Non-Junction,None,,,         ,Jiyayi,Suleyman,Clear,Angle,no,no,no,no,no,False
100718736,METROPOLITAN NASHVILLE POLICE DEPT,20150021616,Davidson,Nashville,1/7/2015 3:17:00 PM,2,1,0,36.146980,-86.795030,GRAND AVE,,,,0.00,,,18TH AVE S,,,,0.00,Y,Four-Way,N,Intersection,None,,,         ,Maria,Cortez,Clear,Angle,no,no,no,no,no,Campus
100718737,METROPOLITAN NASHVILLE POLICE DEPT,20150021708,Davidson,Nashville,1/7/2015 3:26:00 PM,2,0,0,36.149110,-86.746930,I 40,,,,0.00,,,,,,,211.80,N,Not at Intersection, ,Non-Junction,None,,,         ,Stephen,Soule,Clear,Angle,no,no,no,no,no,False
100718739,METROPOLITAN NASHVILLE POLICE DEPT,20150021871,Davidson,Nashville,1/7/2015 4:11:00 PM,2,0,0,36.045260,-86.714750,BRENTWOOD EAST DR,,,,0.00,,,STATE HWY 254,,,,0.00,Y,Four-Way, ,Intersection-Related,None,,,         ,Tien,Nguyen,Clear,Angle,no,no,no,no,no,False
100718743,METROPOLITAN NASHVILLE POLICE DEPT,20150021857,Davidson,Nashville,1/7/2015 4:21:00 PM,2,1,0,36.154310,-86.763030,EXIT 211B,,,,0.00,,,I 40,,,,0.00,Y,OTHER,N,Non-Junction,None,,,         ,MIchael,Mihajlov,Clear,Front to Rear,no,no,no,no,no,False
100718751,METROPOLITAN NASHVILLE POLICE DEPT,2015-0021869,Davidson,Nashville,1/7/2015 4:25:00 PM,2,0,0,36.125080,-86.847480,US HWY 70S,,,,50.00,Feet,East,STATE HWY 155,,,,0.00,N,Not at Intersection, ,Non-Junction,None,,,         ,Walter,Gray II,Clear,Angle,no,no,no,no,no,False
100718756,METROPOLITAN NASHVILLE POLICE DEPT,20150022084,Davidson,Nashville,1/7/2015 5:16:00 PM,1,0,0,36.169020,-86.682380,FAIRWAY DR,,,,16.00,Feet,South,US HWY 70,,,,0.00,N,Not at Intersection, ,Non-Junction,None,,,         ,Jiyayi,Suleyman,Clear,Not Collision with Motor Vehicle in Transport,no,no,no,no,no,False
100718760,METROPOLITAN NASHVILLE POLICE DEPT,20150022128,Davidson,Nashville,1/7/2015 5:21:00 PM,1,0,0,36.128810,-86.760560,SEMINOLE AVE,,,,0.00,,,CRAIGHEAD ST,,,,0.00,Y,T-Intersection, ,Intersection-Related,None,,,         ,Tien,Nguyen,Clear,Not Collision with Motor Vehicle in Transport,no,no,no,no,no,False
100718768,METROPOLITAN NASHVILLE POLICE DEPT,20150007816,Davidson,Madison,1/3/2015 3:30:00 PM,2,0,0,36.249390,-86.719400,US HWY 31E,,,,0.00,,,E PALESTINE AVE,,,,0.00,Y,Four-Way,N,Intersection,None,,,         ,Nathan,Dungan,Rain,Front to Rear,no,no,no,no,no,False
100718769,METROPOLITAN NASHVILLE POLICE DEPT,20150008109,Davidson,Madison,1/3/2015 6:15:00 PM,2,0,0,36.263060,-86.711910,US HWY 31E,,,,0.00,,,STATE HWY 45,,,,0.00,Y,Four-Way, ,Intersection,None,,,         ,Nathan,Dungan,Rain,Angle,no,no,no,no,no,False
100718770,METROPOLITAN NASHVILLE POLICE DEPT,20150008336,Davidson,Nashville,1/3/2015 7:50:00 PM,1,0,0,36.236420,-86.762120,I 65,,,,0.00,,,,,,,89.70,N,Not at Intersection,N,Entrance/Exit Ramp Related,Construction Zone,Work On Shoulder Or Median,Activity Area,         ,Nathan,Dungan,Rain,Not Collision with Motor Vehicle in Transport,no,no,no,no,no,False
100718771,METROPOLITAN NASHVILLE POLICE DEPT,20150008516,Davidson,Madison,1/3/2015 8:55:00 PM,1,0,0,36.265840,-86.710820,DULING AVE,,,,75.00,Feet,East,US HWY 31E,,,,0.00,N,Not at Intersection,N,"Driveway, Alley Access, etc",None,,,         ,Nathan,Dungan,Rain,Not Collision with Motor Vehicle in Transport,no,no,no,no,no,False
100718783,METROPOLITAN NASHVILLE POLICE DEPT,20150022184,Davidson,Nashville,1/7/2015 5:15:00 PM,2,2,0,36.143590,-86.702080,I 40,,,,0.00,,,,,,,214.60,N,Not at Intersection,N,Non-Junction,None,,,         ,Jared,Ester,Clear,Front to Rear,no,no,no,no,no,False
100718784,METROPOLITAN NASHVILLE POLICE DEPT,20150022148,Davidson,Antioch,1/7/2015 5:50:00 PM,1,1,0,36.034700,-86.586760,LAVERGNE COUCHVILLE PIKE,,,,39.00,Feet,South,ROUND ROCK DR,,,,0.00,N,Not at Intersection,N,Non-Junction,None,,,         ,Jessie,Meadows,Clear,Not Collision with Motor Vehicle in Transport,no,no,no,no,no,False
100718785,METROPOLITAN NASHVILLE POLICE DEPT,20150022121,Davidson,Antioch,1/7/2015 6:27:00 PM,2,0,0,36.017380,-86.619740,STATE HWY 171,,,,196.00,Feet,North,FIRESTONE PKWY,,,,0.00,N,Not at Intersection, ,Non-Junction,None,,,         ,Jessie,Meadows,Clear,Front to Rear,no,no,no,no,no,False
100718786,METROPOLITAN NASHVILLE POLICE DEPT,20150022138,Davidson,Nashville,1/7/2015 5:24:00 PM,2,0,0,36.167910,-86.796230,I 40,,,,0.00,,,,,,,208.20,N,Not at Intersection, ,Non-Junction,None,,,         ,Seth,Oden,Clear,Front to Rear,no,no,no,no,no,False
100718789,METROPOLITAN NASHVILLE POLICE DEPT,2015-0022011,Davidson,Nashville,1/7/2015 4:50:00 PM,2,0,0,36.124420,-86.833320,WILSON BLVD S,,,,0.00,,,WOODLAWN DR,,,,0.00,Y,Four-Way,N,Non-Junction,None,,,         ,Christopher,Clark,Clear,Angle,no,no,no,no,no,False
100718790,METROPOLITAN NASHVILLE POLICE DEPT,20150022105,Davidson,Nashville,1/7/2015 5:20:00 PM,2,0,0,36.191960,-86.781590,I 65,,,,0.00,,,,,,,86.25,N,Not at Intersection, ,Non-Junction,None,,,         ,Ethan,Luffman,Clear,Front to Rear,no,no,no,no,no,False
100718795,METROPOLITAN NASHVILLE POLICE DEPT,20150022251,Davidson,Nashville,1/7/2015 5:45:00 PM,2,0,0,36.173950,-86.770380,I 24,,,,0.00,,,,,,,48.15,N,Not at Intersection, ,Entrance/Exit Ramp Related,None,,,         ,Terence,Maahs,Cloudy,Front to Rear,no,no,no,no,no,False
100718798,BERRY HILL POLICE DEPT,15-0091,Davidson,Berry Hill,1/6/2015 6:45:00 PM,1,1,0,36.112340,-86.767980,STATE HWY 155,,,,0.00,,,POWELL AVE,,,,0.00,Y,Four-Way,Y,Intersection,None,,,         ,John,Gleixner,Clear,Not Collision with Motor Vehicle in Transport,yes,no,no,no,no,False
100718802,VANDERBILT UNIVERSITY POLICE,15-0001584,Davidson,Nashville,1/7/2015 5:40:00 PM,2,0,0,36.143830,-86.797230,EDGEHILL AVE,,,,51.00,Feet,West,APPLETON DR,,,,0.00,N,Not at Intersection, ,Non-Junction,None,,,         ,Garrett,Bennett,Clear,Front to Rear,no,no,no,no,no,Campus