master_record_number,agency,agency_tracking_number,county,city,collision_date,vehicles_involved,number_injured,number_dead,latitude,longitude,roadway_name,roadway_suffix,roadway_number,roadway_local_id,distance_from_reference,miles-feet_indicator,direction_from_reference,intersection_road_name,intersection_road_name_suffix,intersection_road_number,intersection_local_id,mile_marker,intersection_indicator,intersect_type,interchange_related_indicator,relation_to_junction,work_zone_type,construction_maintenance_zone,construction_maintenance_zone_location,fatal_case_number,officer_first_name,officer_last_name,weather_condition(s),manner_of_crash,pedestrian,bicycle,scooter,parking,hitrun,mou
100718803,METROPOLITAN NASHVILLE POLICE DEPT,20150022234,Davidson,Nashville,1/7/2015 5:55:00 PM,2,0,0,0.000000,0.000000,WEDGEWOOD,AVE,,,0.00,,,VILLA,PL,,,0.00,Y,T-Intersection,N,Intersection,None,,,         ,Mekisha,Page,Clear,Angle,no,no,no,no,no,False
100718808,METROPOLITAN NASHVILLE POLICE DEPT,2015-0022410,Davidson,Nashville,1/7/2015 6:52:00 PM,2,0,0,36.131430,-86.834250,US HWY 70S,,,,0.00,,,WILSON BLVD S,,,,0.00,Y,Four-Way, ,Non-Junction,None,,,         ,Christopher,Clark,Clear,Angle,no,no,no,no,no,False
100718811,METROPOLITAN NASHVILLE POLICE DEPT,20150021594,Davidson,Nashville,1/7/2015 3:14:00 PM,2,3,0,36.141040,-86.822260,-- UNKNOWN RAMP/ROAD --,,,,0.00,Feet,East,I 440,,,,0.00,N,Not at Intersection,N,Non-Junction,None,,,         ,Eric,Harvey,Clear,Front to Rear,no,no,no,no,no,False
100718812,METROPOLITAN NASHVILLE POLICE DEPT,20150021727,Davidson,Nashville,1/7/2015 2:00:00 PM,2,0,0,36.109170,-86.811840,US HWY 431,,,,0.00,,,CRESTMOOR RD,,,,0.00,Y,T-Intersection,N,Intersection-Related,None,,,         ,Eric,Harvey,Clear,Front to Rear,no,no,no,no,yes,False
100718815,METROPOLITAN NASHVILLE POLICE DEPT,20150021960,Davidson,Nashville,1/7/2015 4:15:00 PM,2,0,0,36.240360,-86.748500,STATE HWY 155,,,,0.00,,,-- UNKNOWN RAMP/ROAD --,,,,0.00,Y,Y-Intersection, ,Entrance/Exit Ramp Related,None,,,         ,Nathan,Dungan,Clear,"Sideswipe, Same Direction",no,no,no,no,yes,False
100718816,METROPOLITAN NASHVILLE POLICE DEPT,20150022255,Davidson,Nashville,1/7/2015 5:59:00 PM,2,0,0,36.116100,-86.792090,I 440,,,,0.00,,,,,,,3.85,N,Not at Intersection, ,,None,,,         ,William,Taylor,,,no,no,no,no,no,False
100718820,METROPOLITAN NASHVILLE POLICE DEPT,20150022438,Davidson,Nashville,1/7/2015 7:03:00 PM,3,3,0,36.116100,-86.790630,I 440,,,,0.00,,,,,,,3.95,N,Not at Intersection,N,Non-Junction,None,,,         ,Tien,Nguyen,Clear,Front to Rear,no,no,no,no,no,False
100718825,METROPOLITAN NASHVILLE POLICE DEPT,2015022245,Davidson,Nashville,1/7/2015 5:57:00 PM,2,2,0,36.153110,-86.765140,I 40,,,,0.00,,,,,,,210.70,N,Not at Intersection,Y,Entrance/Exit Ramp Related,None,,,         ,Michael,Schlegel,Clear,Angle,no,no,no,no,no,False
100718827,METROPOLITAN NASHVILLE POLICE DEPT,20150021794,Davidson,Madison,1/7/2015 4:00:00 PM,2,0,0,36.263210,-86.713440,STATE HWY 45,,,,500.00,Feet,West,US HWY 31E,,,,0.00,N,Not at Intersection, ,"Driveway, Alley Access, etc",None,,,         ,Nathan,Dungan,Clear,Angle,no,no,no,no,no,False
100718829,METROPOLITAN NASHVILLE POLICE DEPT,20150022550,Davidson,Nashville,1/7/2015 7:25:00 PM,2,0,0,0.000000,0.000000,WEST END,AVE,,,0.00,,,MURPHY,RD,,,0.00,Y,T-Intersection, ,Intersection,None,,,         ,Mekisha,Page,Clear,Angle,no,no,no,no,yes,False
100718833,METROPOLITAN NASHVILLE POLICE DEPT,20150022641,Davidson,Not in City Limit,1/7/2015 8:10:00 PM,2,0,0,36.079670,-86.953550,US HWY 70S,,,,0.00,Feet,,COLEY DAVIS CT,,,,0.00,Y,Four-Way,N,Intersection-Related,None,,,         ,Justin,Miller,Clear,Front to Rear,no,no,no,no,no,False
100718834,METROPOLITAN NASHVILLE POLICE DEPT,2015022080,Davidson,Nashville,1/7/2015 5:13:00 PM,2,0,0,36.151980,-86.779230,US HWY 31,,,,70.00,Feet,North,GLEAVES ST,,,,0.00,N,Not at Intersection,N,Non-Junction,None,,,         ,Michael,Schlegel,Clear,Front to Rear,no,no,no,no,no,False
100718835,METROPOLITAN NASHVILLE POLICE DEPT,20150022603,Davidson,Nashville,1/7/2015 7:07:00 PM,2,1,0,36.278070,-86.734410,I 65,,,,0.00,,,,,,,93.20,N,Not at Intersection,N,Non-Junction,None,,,         ,Samuel,Miller,Clear,Front to Rear,no,no,no,no,no,False
100718844,METROPOLITAN NASHVILLE POLICE DEPT,20150022538,Davidson,Not in City Limit,1/7/2015 7:30:00 PM,2,0,0,36.264250,-86.733390,STATE HWY 45,,,,129.00,Feet,East,HEAD DR,,,,0.00,N,Not at Intersection,N,Non-Junction,None,,,         ,Broderick,Jones,Clear,Front to Rear,no,no,no,no,no,False
100718854,METROPOLITAN NASHVILLE POLICE DEPT,20150022085,Davidson,Madison,1/7/2015 5:00:00 PM,2,0,0,36.264210,-86.734610,STATE HWY 45,,,,150.00,Feet,East,BOYDS HILLTOP DR,,,,0.00,N,Not at Intersection, ,Non-Junction,None,,,         ,Nathan,Dungan,Clear,Front to Rear,no,no,no,no,no,False
100718855,METROPOLITAN NASHVILLE POLICE DEPT,20150022344,Davidson,Goodlettsville,1/7/2015 6:15:00 PM,2,0,0,36.289230,-86.724130,I 65,,,,0.00,,,,,,,94.15,N,Not at Intersection, ,Non-Junction,None,,,         ,Nathan,Dungan,Clear,Front to Rear,no,no,no,no,no,False
100718858,METROPOLITAN NASHVILLE POLICE DEPT,20150022513,Davidson,Antioch,1/7/2015 7:20:00 PM,2,0,0,0.000000,0.000000,HAMILTON CHURCH,,,3334,300.00,Feet,South,MT VIEW,,,,0.00,N,Not at Intersection, ,Non-Junction,None,,,         ,David,Collins,Cloudy,Front to Rear,no,no,no,no,no,False
100718865,METROPOLITAN NASHVILLE POLICE DEPT,20150021716,Davidson,Nashville,1/7/2015 4:00:00 PM,2,0,0,36.154380,-86.759830,I 40,,,,0.00,,,,,,,211.00,N,Not at Intersection, ,Non-Junction,None,,,         ,James,DeSantis,Clear,"Sideswipe, Same Direction",no,no,no,no,no,False
100718870,METROPOLITAN NASHVILLE POLICE DEPT,20150018178,Davidson,Nashville,1/6/2015 6:40:00 PM,2,0,0,36.213650,-86.731090,GALLATIN PIKE,,,,124.00,Feet,North,MCCHESNEY AVE,,,,0.00,N,Not at Intersection, ,Non-Junction,None,,,         ,Justin,Coyle,Clear,"Sideswipe, Same Direction",no,no,no,no,no,False
100718871,METROPOLITAN NASHVILLE POLICE DEPT,20150022659,Davidson,Nashville,1/7/2015 8:08:00 PM,2,0,0,36.169580,-86.600880,STATE HWY 45,,,,0.00,,,EXIT 221B,,,,0.00,Y,Four-Way, ,Intersection-Related,None,,,         ,Russell,Freeman,Clear,Angle,no,no,no,no,no,False
100718874,METROPOLITAN NASHVILLE POLICE DEPT,20150023010,Davidson,Nashville,1/7/2015 9:56:00 PM,2,0,0,36.220590,-86.624760,STATE HWY 45,,,,77.00,Feet,South,SOUTHFORK BLVD,,,,0.00,N,Not at Intersection, ,Non-Junction,None,,,         ,Kevin,Reynolds,Clear,"Sideswipe, Opposite Direction",no,no,no,no,no,False
100718876,METROPOLITAN NASHVILLE POLICE DEPT,20150021554,Davidson,Nashville,1/7/2015 2:45:00 PM,2,0,0,36.146170,-86.666610,STATE HWY 255,,,,74.00,Feet,North,ROYAL PKWY,,,,0.00,N,Not at Intersection,N,Non-Junction,None,,,         ,Leslie,Hale,Clear,Angle,no,no,no,no,no,False
100718877,METROPOLITAN NASHVILLE POLICE DEPT,20150022503,Davidson,Nashville,1/7/2015 6:57:00 PM,2,2,0,36.051550,-86.714250,OCALA DR,,,,0.00,Feet,,US HWY 31 ALT,,,,0.00,Y,Four-Way,Y,Intersection,None,,,         ,William,Durham,Clear,Angle,no,no,no,no,no,False
100718895,METROPOLITAN NASHVILLE POLICE DEPT,20150023074,Davidson,Not in City Limit,1/7/2015 10:20:00 PM,1,1,0,36.311950,-86.860120,US HWY 431,,,,1420.00,Feet,East,OLD CLARKSVILLE PIKE,,,,0.00,N,Not at Intersection,N,Non-Junction,None,,,         ,Timothy,Morgan,Clear,Not Collision with Motor Vehicle in Transport,no,no,no,no,yes,False
100718896,METROPOLITAN NASHVILLE POLICE DEPT,20150023145,Davidson,Nashville,1/7/2015 10:54:00 PM,1,0,0,36.085110,-86.702830,STATE HWY 255,,,,100.00,Feet,West,-- UNKNOWN RAMP/ROAD --,,,,0.00,N,Not at Intersection, ,Entrance/Exit Ramp Related,None,,,         ,Tyler,Conrads,Clear,Not Collision with Motor Vehicle in Transport,no,no,no,no,no,False
100718901,METROPOLITAN NASHVILLE POLICE DEPT,20150022020,Davidson,Nashville,1/7/2015 4:59:00 PM,3,3,0,36.094570,-86.624870,BELL RD,,,,246.00,Feet,North,HARBOR LIGHTS DR,,,,0.00,N,Not at Intersection,N,Non-Junction,None,,,         ,Thomas,Barnes,Clear,Front to Rear,no,no,no,no,no,False
100718903,METROPOLITAN NASHVILLE POLICE DEPT,20150023135,Davidson,Nashville,1/7/2015 10:55:00 PM,1,1,0,36.136700,-86.727230,EXIT 52,,,,0.00,,,I 24,,,,0.00,Y,Traffic Circle,N,Entrance/Exit Ramp Related,None,,,         ,Brian,Penny,Clear,Not Collision with Motor Vehicle in Transport,no,no,no,no,no,False
100718904,METROPOLITAN NASHVILLE POLICE DEPT,20150019449,Davidson,Nashville,1/7/2015 2:04:00 AM,1,0,0,36.149020,-86.804490,23RD AVE N,,,,0.00,,,,,,,0.00,,,N,Non-Junction,None,,,         ,Taylor,Jeansonne,Clear,Not Collision with Motor Vehicle in Transport,no,no,no,yes,no,Campus
100718905,METROPOLITAN NASHVILLE POLICE DEPT,20150023178,Davidson,Nashville,1/7/2015 11:08:00 PM,1,1,0,36.074160,-86.739550,BLACKMAN RD,,,,0.00,,,,,,,0.00,,,N,OtherLocation,None,,,         ,Taylor,Jeansonne,Clear,Not Collision with Motor Vehicle in Transport,no,no,no,no,yes,False
100718909,METROPOLITAN NASHVILLE POLICE DEPT,20150015894,Davidson,Nashville,1/6/2015 12:00:00 AM,2,0,0,36.157570,-86.759820,I 24,,,,0.00,,,,,,,49.65,N,Not at Intersection,Y,Non-Junction,None,,,         ,David,Simmonds,Clear,"Sideswipe, Same Direction",no,no,no,no,no,False
100718932,METROPOLITAN NASHVILLE POLICE DEPT,20150020129,Davidson,Nashville,1/7/2015 6:16:00 AM,2,1,0,36.153780,-86.855540,HEMSTEAD ST,,,,150.00,Feet,South,URBANDALE AVE,,,,0.00,N,Not at Intersection,N,Non-Junction,None,,,         ,Barry,Scarbrough,Clear,"Sideswipe, Opposite Direction",no,no,no,no,no,False
100718934,METROPOLITAN NASHVILLE POLICE DEPT,20150021272,Davidson,Nashville,1/7/2015 1:16:00 PM,3,2,0,36.140490,-86.822840,I 440,,,,0.00,,,,,,,0.20,N,Not at Intersection,N,Non-Junction,None,,,         ,Nathan,Kemp,Cloudy,Angle,no,no,no,no,no,False
100718935,METROPOLITAN NASHVILLE POLICE DEPT,2015-0021423,Davidson,Nashville,1/7/2015 2:00:00 PM,2,0,0,36.148940,-86.857890,STATE HWY 155,,,,199.00,Feet,North,LENOX AVE,,,,0.00,N,Not at Intersection,N,Non-Junction,None,,,         ,Curtis,Rich,Clear,Angle,no,no,no,no,no,False
100718939,METROPOLITAN NASHVILLE POLICE DEPT,2015-0013207,Davidson,Nashville,1/5/2015 11:56:00 AM,2,0,0,36.154680,-86.665440,STATE HWY 255,,,,0.00,,,,,,,0.00,,, ,Non-Junction,None,,,         ,Jeb,Johnston,Clear,Rear to Side,no,no,no,yes,yes,False
100718941,METROPOLITAN NASHVILLE POLICE DEPT,20150005989,Davidson,Antioch,1/2/2015 11:41:00 PM,2,1,0,0.000000,0.000000,ANDERSON,,,,0.00,,,COUNTRY WAY RD,,,,0.00,Y,Four-Way,Y,Intersection,None,,,         ,Dezmond,Hughes,Rain,Angle,no,no,no,no,no,False
100718942,METROPOLITAN NASHVILLE POLICE DEPT,2015-021300,Davidson,Nashville,1/7/2015 1:20:00 PM,2,0,0,36.154770,-86.779420,US HWY 41,,,,0.00,,,US HWY 31,,,,0.00,Y,Roundabout, ,Intersection,None,,,         ,Charles,Coe,Cloudy,"Sideswipe, Same Direction",no,no,no,no,no,False
100718949,METROPOLITAN NASHVILLE POLICE DEPT,2015-0024396,Davidson,Nashville,1/8/2015 6:55:00 AM,2,0,0,36.105820,-86.813860,US HWY 431,,,,0.00,,,ABBOTT MARTIN RD,,,,0.00,Y,Four-Way, ,,None,,,         ,Curtis,Rich,,,no,no,no,no,no,False
100718950,METROPOLITAN NASHVILLE POLICE DEPT,2015-0024276,Davidson,Nashville,1/8/2015 6:15:00 AM,2,1,0,36.155640,-86.789710,14TH AVE,,,,0.00,,,US HWY 70,,,,0.00,Y,Four-Way,Y,Intersection,None,,,         ,Matthew,Moses,Clear,Angle,no,no,no,no,no,False
100718951,METROPOLITAN NASHVILLE POLICE DEPT,2015-0023243,Davidson,Nashville,1/7/2015 11:20:00 PM,2,0,0,36.233500,-86.767970,I 65,,,,0.00,,,,,,,89.30,N,Not at Intersection, ,Non-Junction,Construction Zone,,,         ,Michael,Johnson,Clear,"Sideswipe, Same Direction",no,no,no,no,no,False
100718955,METROPOLITAN NASHVILLE POLICE DEPT,20150024317,Davidson,Nashville,1/8/2015 6:35:00 AM,2,0,0,36.155640,-86.789710,14TH AVE,,,,0.00,,,US HWY 70,,,,0.00,Y,Four-Way, ,Intersection,None,,,         ,Nathan,Kemp,Clear,Angle,no,no,no,no,no,False
100718956,METROPOLITAN NASHVILLE POLICE DEPT,20150024378,Davidson,Nashville,1/8/2015 7:15:00 AM,2,0,0,36.121860,-86.754920,I 440,,,,0.00,,,,,,,6.10,N,Not at Intersection, ,Non-Junction,None,,,         ,Nathan,Kemp,Clear,Front to Rear,no,no,no,no,no,False
100718960,METROPOLITAN NASHVILLE POLICE DEPT,20150024337,Davidson,Nashville,1/8/2015 6:50:00 AM,2,0,0,36.085330,-86.701380,STATE HWY 255,,,,0.00,,,I 24,,,,0.00,Y,Y-Intersection, ,Entrance/Exit Ramp Related,None,,,         ,Randall,Combs,Cloudy,Front to Rear,no,no,no,no,no,False
100718961,METROPOLITAN NASHVILLE POLICE DEPT,20150024458,Davidson,Nashville,1/8/2015 7:40:00 AM,2,0,0,36.191810,-86.783950,I 65,,,,0.00,,,,,,,86.10,N,Not at Intersection, ,Non-Junction,None,,,         ,Ky,Luu,Clear,Front to Rear,no,no,no,no,no,False
100718962,METROPOLITAN NASHVILLE POLICE DEPT,2015-0024514,Davidson,Nashville,1/8/2015 8:00:00 AM,2,0,0,36.151970,-86.847880,US HWY 70,,,,194.00,Feet,West,50TH AVE N,,,,0.00,N,Not at Intersection, ,,None,,,         ,Curtis,Rich,,,no,no,no,no,no,False
100718971,METROPOLITAN NASHVILLE POLICE DEPT,20150021343,Davidson,Nashville,1/7/2015 1:35:00 PM,2,1,0,36.154870,-86.763350,US HWY 70,,,,0.00,,,LINDSLEY AVE,,,,0.00,Y,Four-Way,N,Intersection,None,,,         ,David,Hazzard,Clear,Front to Rear,no,no,no,no,no,False
100718972,METROPOLITAN NASHVILLE POLICE DEPT,20150024636,Davidson,Nashville,1/8/2015 8:12:00 AM,2,0,0,36.041270,-86.778710,STATE HWY 254,,,,234.00,Feet,East,FRANKLIN PIKE CIR,,,,0.00,N,Not at Intersection, ,Non-Junction,None,,,         ,Arthur,Hummell,Clear,Front to Rear,no,no,no,no,no,False
100718975,METROPOLITAN NASHVILLE POLICE DEPT,2015-0024768,Davidson,Nashville,1/8/2015 8:40:00 AM,2,0,0,36.154690,-86.831250,I 40,,,,0.00,,,,,,,205.45,N,Not at Intersection, ,Non-Junction,None,,,         ,Curtis,Rich,Clear,Front to Rear,no,no,no,no,no,False
100718980,METROPOLITAN NASHVILLE POLICE DEPT,2015-024591,Davidson,Nashville,1/8/2015 8:10:00 AM,2,0,0,36.159540,-86.774660,3RD AVE S,,,,0.00,,,DEMONBREUN ST,,,,0.00,Y,Four-Way, ,,None,,,         ,Charles,Coe,,,no,no,no,no,no,False
100718992,METROPOLITAN NASHVILLE POLICE DEPT,20150024523,Davidson,Nashville,1/8/2015 7:50:00 AM,2,0,0,36.151450,-86.700310,ACORN DR,,,,0.00,,,ELM TREE DR,,,,0.00,Y,T-Intersection, ,Intersection,None,,,         ,Daniel,Crockett,Clear,Angle,no,no,no,no,no,False
100718996,METROPOLITAN NASHVILLE POLICE DEPT,20150024429,Davidson,Nashville,1/8/2015 7:32:00 AM,2,0,0,36.225530,-86.777000,I 24,,,,0.00,,,,,,,44.80,N,Not at Intersection, ,Non-Junction,Construction Zone,,,         ,Clint,Gilleland,Clear,"Sideswipe, Same Direction",no,no,no,no,no,False
100718997,METROPOLITAN NASHVILLE POLICE DEPT,20150024678,Davidson,Nashville,1/8/2015 8:05:00 AM,2,0,0,36.136540,-86.726660,EXIT 52B,,,,0.00,,,I 24,,,,0.00,Y,T-Intersection, ,Non-Junction,None,,,         ,Trevin,Tolbert,Clear,Front to Rear,no,no,no,no,no,False
100718998,METROPOLITAN NASHVILLE POLICE DEPT,20150024835,Davidson,Nashville,1/8/2015 9:01:00 AM,2,0,0,36.136850,-86.822180,EXIT 1A,,,,0.00,Feet,East,I 440,,,,0.00,N,Not at Intersection,N,Non-Junction,None,,,         ,Nathan,Kemp,Clear,Front to Rear,no,no,no,no,yes,False
100719000,METROPOLITAN NASHVILLE POLICE DEPT,2015-0024948,Davidson,Nashville,1/8/2015 9:44:00 AM,2,0,0,36.152530,-86.832440,US HWY 70,,,,10.00,Feet,East,39TH AVE N,,,,0.00,N,Not at Intersection, ,Non-Junction,None,,,         ,Curtis,Rich,Clear,Angle,no,no,no,no,no,False
100719012,METROPOLITAN NASHVILLE POLICE DEPT,2015 024479,Davidson,Nashville,1/8/2015 7:55:00 AM,3,1,0,36.124230,-86.745070,I 440,,,,0.00,,,,,,,6.55,N,Not at Intersection,N,Non-Junction,None,,,         ,James,Grady,Clear,Front to Rear,no,no,no,no,no,False
100719014,METROPOLITAN NASHVILLE POLICE DEPT,20150024787,Davidson,Nashville,1/8/2015 8:42:00 AM,2,0,0,36.147170,-86.793720,MUSIC SQ W,,,,110.00,Feet,North,MUSIC SQ S,,,,0.00,N,Not at Intersection,N,Non-Junction,None,,,         ,Timothy,Miller,Clear,"Sideswipe, Same Direction",no,no,no,no,no,False
100719021,METROPOLITAN NASHVILLE POLICE DEPT,2015-0024912,Davidson,Nashville,1/8/2015 9:31:00 AM,2,0,0,36.153610,-86.764100,I 40,,,,0.00,,,,,,,210.75,N,Not at Intersection, ,Non-Junction,None,,,         ,Mikala,Moore,Clear,Front to Rear,no,no,no,no,no,False
100719024,METROPOLITAN NASHVILLE POLICE DEPT,20150024940,Davidson,Nashville,1/8/2015 9:41:00 AM,2,0,0,36.150030,-86.748240,I 40,,,,0.00,,,,,,,211.70,N,Not at Intersection,N,Non-Junction,None,,,         ,James,Curtis,Clear,Front to Rear,no,no,no,no,no,False
100719029,METROPOLITAN NASHVILLE POLICE DEPT,2015-0024891,Davidson,Nashville,1/8/2015 9:15:00 AM,2,0,0,36.153560,-86.787720,I 40,,,,0.00,,,,,,,209.30,N,Not at Intersection,N,Non-Junction,None,,,         ,Emily,Davies,Clear,Front to Rear,no,no,no,no,no,False
100719030,METROPOLITAN NASHVILLE POLICE DEPT,2015-0025010,Davidson,Nashville,1/8/2015 9:56:00 AM,2,0,0,36.109580,-86.837410,ESTES RD,,,,0.00,,,ABBOTT MARTIN RD,,,,0.00,Y,Four-Way,N,Intersection,None,,,         ,Cesar,Castillo,Clear,Angle,no,no,no,no,no,False
100719036,Nashville Airport Police,15-044,Davidson,Nashville,1/8/2015 6:20:00 AM,2,0,0,36.111580,-86.685640,US HWY 41,,,,0.00,,,AIR FREIGHT BLVD,,,,0.00,Y,T-Intersection, ,Intersection-Related,None,,,         ,George,Rusho,Clear,Front to Rear,no,no,no,no,no,False
100719049,METROPOLITAN NASHVILLE POLICE DEPT,20150024718,Davidson,Nashville,1/8/2015 8:30:00 AM,2,0,0,36.163110,-86.761640,EXIT 49,,,,0.00,,,I 24,,,,0.00,Y,OTHER, ,Non-Junction,None,,,         ,Eric,Knight,Clear,Front to Rear,no,no,no,no,no,False
100719063,METROPOLITAN NASHVILLE POLICE DEPT,20150025553,Davidson,Nashville,1/8/2015 12:52:00 PM,3,1,0,36.128970,-86.802750,US HWY 431,,,,95.00,Feet,South,ASHWOOD AVE,,,,0.00,N,Not at Intersection,N,Non-Junction,None,,,         ,Nathan,Kemp,Clear,Front to Rear,no,no,no,no,no,False
100719072,THP District 3 - Nashville,315001458,Davidson,Nashville,1/8/2015 8:14:00 AM,3,0,0,36.034410,-86.783360,I 65,,,,0.00,,,,,,,74.25,N,Not at Intersection, ,Non-Junction,None,,,         ,Charles,Spires,Clear,"Sideswipe, Same Direction",no,no,no,no,no,False
100719073,METROPOLITAN NASHVILLE POLICE DEPT,20150025563,Davidson,Nashville,1/8/2015 12:55:00 PM,2,0,0,36.078760,-86.837010,TYNE BLVD,,,,0.00,,,US HWY 431,,,,0.00,Y,Four-Way, ,Intersection,None,,,         ,Arthur,Hummell,Clear,Front to Rear,no,no,no,no,no,False
100719075,METROPOLITAN NASHVILLE POLICE DEPT,20150025470,Davidson,Not in City Limit,1/8/2015 12:23:00 PM,2,0,0,36.263390,-86.695520,E OLD HICKORY BLVD,,,,276.00,Feet,East,LANIER DR,,,,0.00,N,Not at Intersection, ,Non-Junction,None,,,         ,Caleb,Foster,Clear,Front to Rear,no,no,no,no,no,False
100719085,METROPOLITAN NASHVILLE POLICE DEPT,20150025606,Davidson,Nashville,1/8/2015 1:15:00 PM,2,0,0,36.161120,-86.783500,US HWY 31,,,,198.00,Feet,South,9TH AVE N,,,,0.00,N,Not at Intersection, ,Non-Junction,None,,,         ,Michael,Johnson,Clear,Front to Rear,no,no,no,no,no,False
100719088,METROPOLITAN NASHVILLE POLICE DEPT,2015-0025663,Davidson,Nashville,1/8/2015 1:22:00 PM,2,0,0,36.140900,-86.833030,40TH AVE N,,,,84.00,Feet,North,MURPHY RD,,,,0.00,N,Not at Intersection, ,Non-Junction,None,,,         ,Curtis,Rich,Clear,Angle,no,no,no,no,no,False
100719113,METROPOLITAN NASHVILLE POLICE DEPT,20150017437,Davidson,Nashville,1/6/2015 3:09:00 PM,2,0,0,36.255790,-86.741770,CHADWELL DR,,,,213.00,Feet,East,PORT DR,,,,0.00,N,Not at Intersection, ,,,,,         ,Samuel,Miller,,,no,no,no,no,no,False
100719115,METROPOLITAN NASHVILLE POLICE DEPT,2015-0025666,Davidson,Nashville,1/8/2015 1:24:00 PM,2,0,0,36.107610,-86.720250,I 24,,,,0.00,,,,,,,53.90,N,Not at Intersection, ,Entrance/Exit Ramp Related,None,,,         ,Brandon,O'Guin,Clear,Angle,no,no,no,no,no,False
100719120,GOODLETTSVILLE POLICE DEPT,15-00877,Davidson,Goodlettsville,1/8/2015 2:20:00 PM,2,0,0,36.297930,-86.700350,GLEAVES ST,,,,149.00,Feet,West,RIVERGATE PKWY,,,,0.00,N,Not at Intersection, ,Non-Junction,None,,,         ,Benny,Alexander,Clear,Front to Rear,no,no,no,no,no,False
100719135,METROPOLITAN NASHVILLE POLICE DEPT,20150025924,Davidson,Nashville,1/8/2015 3:02:00 PM,2,0,0,36.139790,-86.760830,US HWY 31 ALT,,,,11.00,Feet,North,OLD RADNOR CAR LINE RD,,,,0.00,N,Not at Intersection, ,Non-Junction,None,,,         ,Jessie,Meadows,Clear,"Sideswipe, Same Direction",no,no,no,no,no,False
100719152,METROPOLITAN NASHVILLE POLICE DEPT,20150025887,Davidson,Nashville,1/8/2015 2:34:00 PM,2,2,0,36.162640,-86.617930,I 40,,,,0.00,,,,,,,219.80,N,Not at Intersection,N,Non-Junction,None,,,         ,Timothy,Mead,Clear,Front to Rear,no,no,no,no,no,False
100719156,METROPOLITAN NASHVILLE POLICE DEPT,20150025915,Davidson,Nashville,1/8/2015 2:51:00 PM,2,3,0,36.038720,-86.730940,STATE HWY 254,,,,0.00,Feet,,WOODLAND HILLS DR,,,,0.00,Y,T-Intersection,N,Intersection-Related,None,,,         ,Tien,Nguyen,Clear,HeadOn,no,no,no,no,no,False
100719160,METROPOLITAN NASHVILLE POLICE DEPT,20150026212,Davidson,Nashville,1/8/2015 3:50:00 PM,2,0,0,36.189010,-86.628170,US HWY 70,,,,428.00,Feet,East,HICKORY HILL LN,,,,0.00,N,Not at Intersection, ,Non-Junction,None,,,         ,Kevin,Reynolds,Clear,Angle,no,no,no,no,no,False
100719162,METROPOLITAN NASHVILLE POLICE DEPT,20150026025,Davidson,Nashville,1/8/2015 3:25:00 PM,2,0,0,36.118590,-86.700790,US HWY 41,,,,116.00,Feet,West,RAMP,,,,0.00,N,Not at Intersection,N,Non-Junction,None,,,         ,Jared,Ester,Clear,Front to Rear,no,no,no,no,no,False
100719178,METROPOLITAN NASHVILLE POLICE DEPT,20150026162,Davidson,Nashville,1/8/2015 4:04:00 PM,2,0,0,36.182830,-86.798290,-- UNKNOWN RAMP/ROAD --,,,,0.00,,,I 65,,,,0.00,Y,T-Intersection, ,Entrance/Exit Ramp Related,None,,,         ,Colby,Mathis,Clear,Front to Rear,no,no,no,no,no,False
100719186,METROPOLITAN NASHVILLE POLICE DEPT,20150013792,Davidson,Nashville,1/5/2015 3:22:00 PM,2,2,0,36.165340,-86.764100,I 24,,,,0.00,,,,,,,49.05,N,Not at Intersection,N,Non-Junction,None,,,         ,Robert,Fondren,Cloudy,Front to Rear,no,no,no,no,no,False
100719191,METROPOLITAN NASHVILLE POLICE DEPT,2015-0025639,Davidson,Nashville,1/8/2015 12:29:00 PM,2,0,0,36.209900,-86.844190,SOUTHVIEW DR,,,,135.00,Feet,North,W HAMILTON RD,,,,0.00,N,Not at Intersection,N,Non-Junction,None,,,         ,William,Caillouette,Clear,Front to Rear,no,no,no,no,no,False
100719195,METROPOLITAN NASHVILLE POLICE DEPT,20150026322,Davidson,Nashville,1/8/2015 4:37:00 PM,3,0,0,36.082750,-86.765030,STATE HWY 255,,,,0.00,,,RAMP,,,,0.00,Y,Four-Way,N,Intersection-Related,None,,,         ,Tien,Nguyen,Clear,Angle,no,no,no,no,no,False
100719198,METROPOLITAN NASHVILLE POLICE DEPT,20150026414,Davidson,Nashville,1/8/2015 5:06:00 PM,2,0,0,36.175830,-86.746010,HOLLY ST,,,,0.00,,,S 14TH ST,,,,0.00,Y,Four-Way,N,Intersection,None,,,         ,Cressie,Prill,Clear,Angle,no,no,no,no,no,False
100719202,METROPOLITAN NASHVILLE POLICE DEPT,20150026193,Davidson,Nashville,1/8/2015 3:30:00 PM,2,0,0,36.216370,-86.775050,I 65,,,,0.00,,,,,,,88.00,N,Not at Intersection, ,Non-Junction,Construction Zone,,,         ,Broderick,Jones,Clear,"Sideswipe, Same Direction",no,no,no,no,yes,False
100719221,METROPOLITAN NASHVILLE POLICE DEPT,20150026634,Davidson,Goodlettsville,1/8/2015 5:25:00 PM,2,0,0,36.287380,-86.726120,I 65,,,,0.00,,,,,,,94.00,N,Not at Intersection, ,,,,,         ,Daniel,Caruth,,,no,no,no,no,no,False