master_record_number,agency,agency_tracking_number,county,city,collision_date,vehicles_involved,number_injured,number_dead,latitude,longitude,roadway_name,roadway_suffix,roadway_number,roadway_local_id,distance_from_reference,miles-feet_indicator,direction_from_reference,intersection_road_name,intersection_road_name_suffix,intersection_road_number,intersection_local_id,mile_marker,intersection_indicator,intersect_type,interchange_related_indicator,relation_to_junction,work_zone_type,construction_maintenance_zone,construction_maintenance_zone_location,fatal_case_number,officer_first_name,officer_last_name,weather_condition(s),manner_of_crash,pedestrian,bicycle,scooter,parking,hitrun,mou
100719667,METROPOLITAN NASHVILLE POLICE DEPT,20150031192,Davidson,Nashville,1/9/2015 5:27:00 PM,2,0,0,36.123830,-86.810840,I 440,,,,0.00,,,,,,,2.45,N,Not at Intersection,N,Non-Junction,None,,,         ,Dustin,Tidwell,Clear,Front to Rear,no,no,no,no,no,False
100719671,METROPOLITAN NASHVILLE POLICE DEPT,20150030924,Davidson,Not in City Limit,1/9/2015 12:00:00 AM,2,0,0,36.316150,-86.832750,CLAY LICK RD,,,,516.00,Feet,East,CLAYLICK RD,,,,0.00,N,Not at Intersection,N,Non-Junction,None,,,         ,Sharissa,Perez,Clear,"Sideswipe, Opposite Direction",no,no,no,no,no,False
100719679,METROPOLITAN NASHVILLE POLICE DEPT,20150031332,Davidson,Not in City Limit,1/9/2015 5:51:00 PM,3,0,0,36.275980,-86.735190,I 65,,,,0.00,,,,,,,93.05,N,Not at Intersection,N,Non-Junction,None,,,         ,Ryan,Allen,Clear,Front to Rear,no,no,no,no,yes,False
100719682,METROPOLITAN NASHVILLE POLICE DEPT,2015-0031191,Davidson,Nashville,1/9/2015 5:31:00 PM,2,0,0,36.148190,-86.857890,STATE HWY 155,,,,73.00,Feet,South,LENOX AVE,,,,0.00,N,Not at Intersection, ,,None,,,         ,Walter,Gray II,,,no,no,no,no,no,False
100719688,METROPOLITAN NASHVILLE POLICE DEPT,20150031310,Davidson,Nashville,1/9/2015 6:20:00 PM,2,1,0,36.071310,-86.676290,WAIKIKI BLVD,,,,0.00,,,PALM TREE CT,,,,0.00,Y,Unknown,N,Non-Junction,None,,,         ,Sergio,Espinosa,Clear,Front to Rear,no,no,no,yes,no,False
100719692,METROPOLITAN NASHVILLE POLICE DEPT,20150030838,Davidson,Nashville,1/9/2015 4:00:00 PM,2,0,0,36.192340,-86.829080,US HWY 41 ALT,,,,0.00,,,CLIFF DR,,,,0.00,Y,Unknown, ,Non-Junction,None,,,         ,Kenneth,Oneal,Clear,Front to Rear,no,no,no,no,no,False
100719701,METROPOLITAN NASHVILLE POLICE DEPT,20150031143,Davidson,Nashville,1/9/2015 5:13:00 PM,2,0,0,36.190120,-86.775400,I 24,,,,0.00,,,,,,,46.90,N,Not at Intersection,N,Non-Junction,None,,,         ,Charles,Wakefield,Clear,Front to Rear,no,no,no,no,no,False
100719707,METROPOLITAN NASHVILLE POLICE DEPT,20150031254,Davidson,Nashville,1/9/2015 6:18:00 PM,2,0,0,36.159160,-86.789120,CHURCH ST,,,,132.00,Feet,East,12TH AVE N,,,,0.00,N,Not at Intersection, ,,,,,         ,Caleb,Rogan,,,no,no,no,no,no,False
100719709,METROPOLITAN NASHVILLE POLICE DEPT,20150031141,Davidson,Madison,1/9/2015 5:10:00 PM,2,0,0,36.263610,-86.686330,STATE HWY 45,,,,234.00,Feet,East,ARCHWOOD DR,,,,0.00,N,Not at Intersection, ,Non-Junction,None,,,         ,Nathan,Dungan,Clear,Front to Rear,no,no,no,no,no,False
100719710,METROPOLITAN NASHVILLE POLICE DEPT,20150031251,Davidson,Nashville,1/9/2015 5:20:00 PM,2,1,0,36.155460,-86.829160,I 40,,,,0.00,,,,,,,205.55,N,Not at Intersection,N,Non-Junction,None,,,         ,Mark,Hatt,Clear,Front to Rear,no,no,no,no,no,False
100719711,METROPOLITAN NASHVILLE POLICE DEPT,20150031495,Davidson,Nashville,1/9/2015 6:06:00 PM,2,0,0,36.124990,-86.847610,STATE HWY 155,,,,0.00,,,US HWY 70S,,,,0.00,Y,Four-Way, ,Non-Junction,None,,,         ,Dustin,Tidwell,Clear,Angle,no,no,no,no,no,False
100719718,METROPOLITAN NASHVILLE POLICE DEPT,20150017565,Davidson,Nashville,1/6/2015 3:18:00 PM,2,0,0,36.196610,-86.775610,I 65,,,,0.00,,,,,,,86.65,N,Not at Intersection,N,Non-Junction,None,,,         ,Samuel,Miller,Clear,"Sideswipe, Same Direction",no,no,no,no,yes,False
100719720,METROPOLITAN NASHVILLE POLICE DEPT,20150031403,Davidson,Nashville,1/9/2015 6:10:00 PM,1,0,0,36.179400,-86.773860,I 24,,,,0.00,,,,,,,47.75,N,Not at Intersection,N,Non-Junction,None,,,         ,Caleb,Rogan,Clear,Not Collision with Motor Vehicle in Transport,no,no,no,no,no,False
100719730,METROPOLITAN NASHVILLE POLICE DEPT,20150030546,Davidson,Nashville,1/9/2015 3:16:00 PM,2,3,0,36.146590,-86.755770,US HWY 41,,,,611.00,Feet,West,TRIMBLE ST,,,,0.00,N,Not at Intersection,N,Non-Junction,None,,,         ,Michael,Moss,Clear,Front to Rear,no,no,no,no,no,False
100719733,METROPOLITAN NASHVILLE POLICE DEPT,20150031290,Davidson,Nashville,1/9/2015 5:21:00 PM,2,1,0,36.191790,-86.779960,EXIT 86B,,,,0.00,Feet,East,I 65,,,,0.00,N,Not at Intersection,N,Non-Junction,None,,,         ,Joshua,Hausman,Clear,Front to Rear,no,no,no,no,no,False
100719734,METROPOLITAN NASHVILLE POLICE DEPT,20150031265,Davidson,Nashville,1/9/2015 5:43:00 PM,2,0,0,36.167000,-86.763720,SHELBY AVE,,,,0.00,,,S 4TH ST,,,,0.00,Y,Four-Way,N,Intersection,None,,,         ,Nicholas,Kulp,Clear,"Sideswipe, Same Direction",no,no,no,no,no,False
100719736,METROPOLITAN NASHVILLE POLICE DEPT,20150031521,Davidson,Nashville,1/9/2015 6:56:00 PM,2,0,0,36.073040,-86.637260,US HWY 41,,,,500.00,Feet,North,BELL RD,,,,0.00,N,Not at Intersection, ,Non-Junction,None,,,         ,Brandon,Vance,Clear,Front to Rear,no,no,no,no,no,False
100719745,METROPOLITAN NASHVILLE POLICE DEPT,20150031229,Davidson,Nashville,1/9/2015 5:37:00 PM,2,1,0,36.103580,-86.666520,OLD MURFREESBORO PIKE,,,,0.00,,,FAIRCLOTH LN,,,,0.00,Y,Four-Way,N,Intersection,None,,,         ,Timothy,Mead,Clear,Angle,no,no,no,no,no,False
100719746,METROPOLITAN NASHVILLE POLICE DEPT,20150031366,Davidson,Nashville,1/9/2015 6:12:00 PM,2,1,0,36.182850,-86.748750,GALLATIN AVE,,,,186.00,Feet,South,W EASTLAND AVE,,,,0.00,N,Not at Intersection,N,Non-Junction,None,,,         ,Brian,Theriac,Clear,Front to Rear,no,no,no,no,no,False
100719748,VANDERBILT UNIVERSITY POLICE,15-0031448,Davidson,Nashville,1/9/2015 12:00:00 AM,2,0,0,36.140070,-86.805120,24TH AVE S,,,,0.00,,,PIERCE AVE,,,,0.00,Y,Unknown,N,Non-Junction,None,,,         ,Cedric,Edwards,Unknown,Rear to Side,no,no,no,yes,yes,Campus
100719749,METROPOLITAN NASHVILLE POLICE DEPT,20150000636,Davidson,Nashville,1/1/2015 4:44:00 AM,1,1,1,36.204632,-86.797752,YOUNGS LN,,,,0.00,,,FREE SILVER RD,,,,0.00,Y,T-Intersection,N,Intersection,None,,,15-0002  ,Christopher,Augustin,Clear,Not Collision with Motor Vehicle in Transport,no,no,no,no,no,False
100719750,METROPOLITAN NASHVILLE POLICE DEPT,20150030725,Davidson,Nashville,1/9/2015 12:00:00 AM,2,0,0,36.151100,-86.750870,I 40,,,,0.00,,,,,,,211.55,N,Not at Intersection,N,Entrance/Exit Ramp Related,None,,,         ,Cressie,Prill,Clear,Front to Rear,no,no,no,no,no,False
100719768,METROPOLITAN NASHVILLE POLICE DEPT,20150031337,Davidson,Nashville,1/9/2015 6:00:00 PM,2,0,0,36.153150,-86.764400,-- UNKNOWN RAMP/ROAD --,,,,0.00,Feet,East,I 40,,,,0.00,N,Not at Intersection, ,Non-Junction,None,,,         ,Austin,Childress,Clear,Front to Rear,no,no,no,no,no,False
100719771,METROPOLITAN NASHVILLE POLICE DEPT,20150030722,Davidson,Nashville,1/9/2015 3:00:00 PM,2,1,0,36.110870,-86.744330,STATE HWY 155,,,,0.00,,,RAMP,,,,0.00,Y,Four-Way,N,Intersection-Related,None,,,         ,Adam,Earle,Clear,Front to Rear,no,no,no,no,no,False
100719772,METROPOLITAN NASHVILLE POLICE DEPT,20150030792,Davidson,Nashville,1/9/2015 3:56:00 PM,2,0,0,36.168620,-86.766010,I 24,,,,0.00,,,,,,,48.80,N,Not at Intersection, ,,None,,,         ,Whitney,Arnold,,,no,no,no,no,no,False
100719773,METROPOLITAN NASHVILLE POLICE DEPT,20150031013,Davidson,Nashville,1/9/2015 4:35:00 PM,2,0,0,36.202240,-86.739200,GALLATIN PIKE,,,,70.00,Feet,South,LITTON AVE,,,,0.00,N,Not at Intersection,N,Non-Junction,None,,,         ,Whitney,Arnold,Clear,Front to Rear,no,no,no,no,yes,False
100719780,METROPOLITAN NASHVILLE POLICE DEPT,20150031026,Davidson,Nashville,1/9/2015 5:08:00 PM,2,0,0,36.087380,-86.695880,METROPLEX DR,,,,200.00,Feet,North,S PERIMETER PARK DR,,,,0.00,N,Not at Intersection,N,Non-Junction,None,,,         ,Jessie,Meadows,Clear,Angle,no,no,no,no,yes,False
100719781,METROPOLITAN NASHVILLE POLICE DEPT,20150031210,Davidson,Nashville,1/9/2015 6:11:00 PM,3,0,0,36.134300,-86.726940,-- UNKNOWN RAMP/ROAD --,,,,0.00,Feet,East,I 24,,,,0.00,N,Not at Intersection,N,Non-Junction,None,,,         ,Jessie,Meadows,Clear,Front to Rear,no,no,no,no,no,False
100719782,METROPOLITAN NASHVILLE POLICE DEPT,20150031463,Davidson,Nashville,1/9/2015 6:49:00 PM,2,2,0,36.114570,-86.724650,I 24,,,,0.00,,,,,,,53.30,N,Not at Intersection,N,Non-Junction,None,,,         ,Jessie,Meadows,Clear,Front to Rear,no,no,no,no,no,False
100719790,METROPOLITAN NASHVILLE POLICE DEPT,20150031808,Davidson,Nashville,1/9/2015 7:55:00 PM,2,0,0,36.150310,-86.625380,BELL RD,,,,720.00,Feet,South,STEWARTS FERRY PIKE,,,,0.00,N,Not at Intersection,N,Non-Junction,None,,,         ,Brandon,Vance,Clear,Angle,no,no,no,no,yes,False
100719791,METROPOLITAN NASHVILLE POLICE DEPT,20150031479,Davidson,Nashville,1/9/2015 6:39:00 PM,3,2,0,36.046270,-86.660930,EXIT 59,,,,0.00,,,I 24,,,,0.00,Y,Y-Intersection,N,Entrance/Exit Ramp Related,None,,,         ,John,Stanfield,Clear,Front to Rear,no,no,no,no,no,False
100719794,METROPOLITAN NASHVILLE POLICE DEPT,2015-0031586,Davidson,Nashville,1/9/2015 7:10:00 PM,3,2,0,36.229700,-86.781330,I 24,,,,0.00,,,,,,,44.20,N,Not at Intersection,N,Non-Junction,None,,,         ,Zachary,Ronan,Clear,Front to Rear,no,no,no,no,no,False
100719799,METROPOLITAN NASHVILLE POLICE DEPT,20150030767,Davidson,Nashville,1/9/2015 2:13:00 PM,2,0,0,36.081710,-86.761870,-- UNKNOWN RAMP/ROAD --,,,,0.00,Feet,East,SIDCO DR,,,,0.00,N,Not at Intersection, ,Entrance/Exit Ramp Related,None,,,         ,Miguel,Garcia,Clear,Front to Rear,no,no,no,no,no,False
100719806,METROPOLITAN NASHVILLE POLICE DEPT,20150031659,Davidson,Nashville,1/9/2015 7:34:00 PM,2,2,0,36.082170,-86.651960,UNA ANTIOCH PIKE,,,,0.00,,,PICCADILLY ROW,,,,0.00,Y,T-Intersection,N,Intersection,None,,,         ,Joseph,Progar,Clear,Front to Rear,no,no,no,no,no,False
100719808,METROPOLITAN NASHVILLE POLICE DEPT,20150031748,Davidson,Nashville,1/9/2015 7:53:00 PM,2,0,0,36.212720,-86.606910,US HWY 70,,,,62.00,Feet,North,RACHELS LN,,,,0.00,N,Not at Intersection, ,Non-Junction,None,,,         ,Russell,Freeman,Clear,"Sideswipe, Same Direction",no,no,no,no,no,False
100719812,METROPOLITAN NASHVILLE POLICE DEPT,20150022454,Davidson,Madison,1/7/2015 7:00:00 PM,4,0,0,36.277790,-86.734540,I 65,,,,0.00,,,,,,,93.20,N,Not at Intersection,N,Non-Junction,None,,,         ,Nathan,Dungan,Clear,"Sideswipe, Same Direction",no,no,no,no,yes,False
100719827,METROPOLITAN NASHVILLE POLICE DEPT,20150031660,Davidson,Nashville,1/9/2015 7:05:00 PM,2,0,0,36.098470,-86.822000,US HWY 431,,,,243.00,Feet,West,CASTLEMAN DR,,,,0.00,N,Not at Intersection, ,"Driveway, Alley Access, etc",None,,,         ,Michael,Hunnicutt,Clear,Angle,no,no,no,no,no,False
100719845,METROPOLITAN NASHVILLE POLICE DEPT,20150032343,Davidson,Nashville,1/9/2015 10:45:00 PM,1,0,0,36.205950,-86.768540,E TRINITY LN,,,,0.00,,,US HWY 31W,,,,0.00,Y,Four-Way,N,Intersection,None,,,         ,Ashley,Arnold,Clear,Not Collision with Motor Vehicle in Transport,yes,no,no,no,no,False
100719847,METROPOLITAN NASHVILLE POLICE DEPT,20150032419,Davidson,Nashville,1/9/2015 11:27:00 PM,1,0,0,36.140730,-86.732280,I 40,,,,0.00,,,,,,,213.00,N,Not at Intersection,Y,Entrance/Exit Ramp Related,None,,,         ,Christina,Buckner,Clear,Not Collision with Motor Vehicle in Transport,no,no,no,no,no,False
100719850,METROPOLITAN NASHVILLE POLICE DEPT,20150032362,Davidson,Joelton,1/9/2015 10:55:00 PM,1,1,0,36.353280,-86.868440,GREENBRIER RD,,,,0.55,Miles,North,US HWY 431,,,,0.00,N,Not at Intersection,N,Non-Junction,None,,,         ,Alex,Marchak,Clear,Not Collision with Motor Vehicle in Transport,no,no,no,no,no,False
100719852,METROPOLITAN NASHVILLE POLICE DEPT,20150028627,Davidson,Nashville,1/10/2015 6:15:00 AM,2,0,0,36.173170,-86.740140,FATHERLAND ST,,,,89.00,Feet,West,S 17TH ST,,,,0.00,N,Not at Intersection, ,Non-Junction,None,,,         ,Steven,Wiser,Clear,"Sideswipe, Same Direction",no,no,no,no,no,False
100719855,METROPOLITAN NASHVILLE POLICE DEPT,20150032376,Davidson,Nashville,1/9/2015 11:42:00 PM,1,0,0,36.185460,-86.754330,MCFERRIN AVE,,,,62.00,Feet,North,CHICAMAUGA AVE,,,,0.00,N,Not at Intersection, ,,,,,         ,Terrance,McBride,,,no,no,no,no,no,False
100719857,BERRY HILL POLICE DEPT,15-0127,Davidson,Berry Hill,1/9/2015 12:07:00 AM,2,1,0,36.119330,-86.772510,BERRY RD,,,,106.00,Feet,East,-- UNKNOWN RAMP/ROAD --,,,,0.00,N,Not at Intersection,N,Non-Junction,None,,,         ,Roy,Yoquelet,Clear,Front to Rear,no,no,no,no,yes,False
100719863,METROPOLITAN NASHVILLE POLICE DEPT,20150032760,Davidson,Nashville,1/10/2015 1:15:00 AM,2,0,0,36.170220,-86.746900,S 14TH ST,,,,224.00,Feet,South,SHELBY AVE,,,,0.00,N,Not at Intersection,N,Non-Junction,None,,,         ,Steven,Wiser,Clear,Front to Rear,no,no,no,no,no,False
100719864,METROPOLITAN NASHVILLE POLICE DEPT,20150032441,Davidson,Nashville,1/9/2015 11:25:00 PM,2,1,0,36.206700,-86.779380,US HWY 431,,,,292.00,Feet,West,HAMPTON ST,,,,0.00,N,Not at Intersection,N,Non-Junction,None,,,         ,Charles,Duke,Clear,Front to Rear,no,no,no,no,no,False
100719866,METROPOLITAN NASHVILLE POLICE DEPT,20150032809,Davidson,Nashville,1/10/2015 1:40:00 AM,1,1,0,36.078150,-86.743900,STATE HWY 255,,,,418.00,Feet,East,GAYWOOD DR,,,,0.00,N,Not at Intersection,N,Non-Junction,None,,,         ,Jason,Thomas,Clear,Not Collision with Motor Vehicle in Transport,no,no,no,no,no,False
100719872,METROPOLITAN NASHVILLE POLICE DEPT,20150032855,Davidson,Nashville,1/10/2015 2:05:00 AM,2,0,0,36.217130,-86.747760,US HWY 31E,,,,424.00,Feet,South,-- UNKNOWN RAMP/ROAD --,,,,0.00,N,Not at Intersection, ,Non-Junction,None,,,         ,Terrance,McBride,Clear,"Sideswipe, Same Direction",no,no,no,no,yes,False
100719873,METROPOLITAN NASHVILLE POLICE DEPT,20150032648,Davidson,Nashville,1/9/2015 10:48:00 PM,6,0,0,36.107460,-86.724850,NEESE DR,,,,702.00,Feet,East,MILDRED CT,,,,0.00,N,Not at Intersection,N,Non-Junction,None,,,         ,Justin,McCormick,Clear,Angle,no,no,no,yes,yes,False
100719875,METROPOLITAN NASHVILLE POLICE DEPT,2015-0000176,Davidson,Nashville,1/1/2015 12:45:00 AM,3,1,0,36.086900,-86.648660,US HWY 41,,,,0.00,,,NASHBORO BLVD,,,,0.00,Y,Four-Way,N,Intersection-Related,None,,,         ,Charles,Shaw,Clear,Rear to Rear,no,no,no,no,yes,False
100719876,METROPOLITAN NASHVILLE POLICE DEPT,20150032291,Davidson,Nashville,1/9/2015 10:27:00 PM,1,1,0,36.179910,-86.800460,I 65,,,,0.00,,,,,,,85.00,N,Not at Intersection,Y,Entrance/Exit Ramp Related,None,,,         ,Kevin,Frei,Clear,Not Collision with Motor Vehicle in Transport,no,no,no,no,no,False
100719880,METROPOLITAN NASHVILLE POLICE DEPT,20150032717,Davidson,Nashville,1/10/2015 1:05:00 AM,2,1,0,36.134230,-86.779040,WEDGEWOOD AVE,,,,0.00,,,US HWY 31,,,,0.00,Y,Four-Way,N,Non-Junction,None,,,         ,Devon,Morgan,Clear,Angle,no,no,no,no,no,False
100719882,METROPOLITAN NASHVILLE POLICE DEPT,20150032931,Davidson,Nashville,1/10/2015 2:40:00 AM,2,0,0,36.140910,-86.886320,I 40,,,,0.00,,,,,,,202.10,N,Not at Intersection,N,Non-Junction,None,,,         ,Anthony,Cavis,Clear,"Sideswipe, Same Direction",no,no,no,no,yes,False
100719885,METROPOLITAN NASHVILLE POLICE DEPT,2015-0024289,Davidson,Nashville,1/8/2015 6:24:00 AM,1,0,0,36.165850,-86.781890,CHARLOTTE AVE,,,,0.00,,,5TH AVE N,,,,0.00,Y,Four-Way, ,Intersection-Related,None,,,         ,Michael,Willis Jr.,Clear,Not Collision with Motor Vehicle in Transport,no,no,no,no,no,False
100719894,METROPOLITAN NASHVILLE POLICE DEPT,20150024208,Davidson,Nashville,1/8/2015 5:40:00 AM,2,1,0,36.111630,-86.792630,STATE HWY 155,,,,0.00,,,GRANNY WHITE PIKE,,,,0.00,Y,Four-Way,N,Intersection,None,,,         ,Conner,Harris,Clear,Angle,no,no,no,no,no,False
100719895,METROPOLITAN NASHVILLE POLICE DEPT,20150029204,Davidson,Nashville,1/9/2015 10:45:00 AM,2,0,0,36.184270,-86.798200,I 65,,,,0.00,,,,,,,85.30,N,Not at Intersection,N,Entrance/Exit Ramp Related,None,,,         ,Ky,Luu,Clear,"Sideswipe, Same Direction",no,no,no,no,no,False
100719896,GOODLETTSVILLE POLICE DEPT,15-01043,Davidson,Goodlettsville,1/9/2015 4:03:00 PM,2,0,0,36.309560,-86.695720,STATE HWY 386,,,,0.00,,,CONFERENCE DR,,,,0.00,Y,T-Intersection, ,Entrance/Exit Ramp Related,None,,,         ,John,Spencer,Clear,Front to Rear,no,no,no,no,no,False
100719899,METROPOLITAN NASHVILLE POLICE DEPT,2015-0033193,Davidson,Nashville,1/10/2015 4:35:00 AM,2,2,0,36.145970,-86.666650,ROYAL PKWY,,,,0.00,,,STATE HWY 255,,,,0.00,Y,Four-Way,N,Intersection,None,,,         ,Benjamin,Cole,Clear,HeadOn,no,no,no,no,no,False
100719908,METROPOLITAN NASHVILLE POLICE DEPT,20150033204,Davidson,Nashville,1/10/2015 4:35:00 AM,2,0,0,36.250850,-86.784620,I 24,,,,0.00,,,,,,,42.60,N,Not at Intersection,N,Non-Junction,None,,,         ,Matthew,Lachance,Clear,Angle,no,no,no,no,no,False
100719912,METROPOLITAN NASHVILLE POLICE DEPT,20150029633,Davidson,Nashville,1/9/2015 1:24:00 PM,2,0,0,36.162110,-86.790620,11TH AVE N,,,,0.00,,,CHARLOTTE AVE,,,,0.00,Y,Four-Way,N,Non-Junction,None,,,         ,Michael,Johnson,Clear,Front to Rear,no,no,no,no,no,False
100719914,METROPOLITAN NASHVILLE POLICE DEPT,20150021264,Davidson,Nashville,1/7/2015 1:13:00 PM,1,0,0,36.153120,-86.726240,US HWY 70,,,,1407.00,Feet,West,SPENCE LN,,,,0.00,N,Not at Intersection, ,Non-Junction,None,,,         ,Jeb,Johnston,Clear,Not Collision with Motor Vehicle in Transport,no,no,no,no,no,False
100719917,Nashville Airport Police,15-00054,Davidson,Nashville,1/9/2015 8:50:00 AM,3,0,0,0.000000,0.000000,DISCRETE OUTBOUND,DR,SR1,,1.00,Miles,South,,,I40,,1.00,N,Not at Intersection,N,Non-Junction,None,,,         ,Jerry,Lovell,Clear,Other,no,no,no,no,no,False
100719922,METROPOLITAN NASHVILLE POLICE DEPT,2015029625,Davidson,Nashville,1/9/2015 1:00:00 PM,2,0,0,36.155640,-86.789710,US HWY 70,,,,0.00,Feet,,14TH AVE,,,,0.00,Y,Four-Way, ,Intersection,None,,,         ,Timothy,Miller,Clear,Angle,no,no,no,no,no,False
100719927,METROPOLITAN NASHVILLE POLICE DEPT,2015-0033443,Davidson,Not in City Limit,1/10/2015 7:25:00 AM,2,0,0,36.327300,-86.891550,I 24,,,,0.00,,,,,,,33.70,N,Not at Intersection, ,Non-Junction,None,,,         ,Charles,Kaster,Clear,Front to Rear,no,no,no,no,no,False
100719930,METROPOLITAN NASHVILLE POLICE DEPT,2015-0028878,Davidson,Nashville,1/9/2015 8:36:00 AM,2,1,0,36.225660,-86.597750,SAUNDERSVILLE RD,,,,0.00,Feet,,LEXINGTON WAY,,,,0.00,Y,Four-Way,N,Intersection,None,,,         ,Jeb,Johnston,Clear,HeadOn,no,no,no,no,no,False
100719941,GOODLETTSVILLE POLICE DEPT,15-01057,Davidson,Goodlettsville,1/9/2015 5:10:00 PM,3,1,0,36.334530,-86.717180,US HWY 31W,,,,127.00,Feet,North,FANNIN DR,,,,0.00,N,Not at Intersection,N,Non-Junction,None,,,         ,George,Forbes,Clear,Front to Rear,no,no,no,no,no,False
100719942,METROPOLITAN NASHVILLE POLICE DEPT,2015-0029664,Davidson,Nashville,1/9/2015 1:31:00 PM,2,0,0,36.082050,-86.647270,US HWY 41,,,,284.00,Feet,South,SHUMATE LN,,,,0.00,N,Not at Intersection, ,Non-Junction,None,,,         ,Jeb,Johnston,Clear,"Sideswipe, Opposite Direction",no,no,no,no,no,False
100719948,METROPOLITAN NASHVILLE POLICE DEPT,20150033588,Davidson,Nashville,1/10/2015 9:00:00 AM,2,0,0,36.158250,-86.771820,US HWY 70,,,,0.00,,,GATEWAY BLVD,,,,0.00,Y,Four-Way,Y,Intersection,None,,,         ,Joshua,Hollins,Clear,Front to Rear,no,no,no,no,no,False
100719956,METROPOLITAN NASHVILLE POLICE DEPT,20150033468,Davidson,Nashville,1/9/2015 8:00:00 PM,5,0,0,36.127670,-86.706600,THOMPSON PL,,,,0.00,,,,,,,0.00,,, ,OtherLocation,None,,,         ,Luis,Lopez,Clear,Angle,no,no,no,yes,yes,False
100719960,METROPOLITAN NASHVILLE POLICE DEPT,20150033744,Davidson,Nashville,1/10/2015 10:21:00 AM,2,0,0,36.147440,-86.743990,I 40,,,,0.00,,,,,,,212.00,N,Not at Intersection, ,Non-Junction,None,,,         ,Mitchell,McClay,Clear,Front to Rear,no,no,no,no,no,False
100719961,GOODLETTSVILLE POLICE DEPT,15-01142,Davidson,Goodlettsville,1/10/2015 8:09:00 AM,2,0,0,36.310880,-86.696730,CONFERENCE DR,,,,0.00,Feet,,MISSION RIDGE DR,,,,0.00,Y,T-Intersection, ,Intersection-Related,None,,,         ,John,Spencer,Clear,"Sideswipe, Same Direction",no,no,no,no,no,False
100719966,METROPOLITAN NASHVILLE POLICE DEPT,2015-0033660,Davidson,Nashville,1/10/2015 9:28:00 AM,2,0,0,36.153280,-86.764790,I 40,,,,0.00,,,,,,,210.70,N,Not at Intersection, ,Entrance/Exit Ramp Related,Maintenance Zone,,,         ,Paul,Sorace,Clear,"Sideswipe, Same Direction",no,no,no,no,no,False
100720008,METROPOLITAN NASHVILLE POLICE DEPT,20150033909,Davidson,Nashville,1/10/2015 11:43:00 AM,2,0,0,36.134040,-86.727100,I 24,,,,0.00,,,,,,,52.10,N,Not at Intersection, ,Non-Junction,None,,,         ,Roderic,Williams,Clear,Front to Rear,no,no,no,no,no,False
100720019,METROPOLITAN NASHVILLE POLICE DEPT,20150034014,Davidson,Nashville,1/10/2015 12:40:00 PM,2,0,0,36.256240,-86.738500,I 65,,,,0.00,,,,,,,91.70,N,Not at Intersection, ,Non-Junction,None,,,         ,Joshua,Borum,Clear,Angle,no,no,no,no,no,False
100720057,METROPOLITAN NASHVILLE POLICE DEPT,20150031896,Davidson,Nashville,1/9/2015 8:26:00 PM,2,0,0,36.149670,-86.769820,US HWY 31 ALT,,,,0.00,,,MCCANN ST,,,,0.00,Y,T-Intersection, ,Intersection-Related,None,,,         ,Paul,Goebel,Clear,Angle,no,no,no,no,no,False
100720065,METROPOLITAN NASHVILLE POLICE DEPT,20150034287,Davidson,Nashville,1/10/2015 3:34:00 PM,2,0,0,36.156830,-86.771900,PEABODY ST,,,,0.00,,,2ND AVE S,,,,0.00,Y,Four-Way, ,Non-Junction,None,,,         ,MIchael,Mihajlov,Clear,"Sideswipe, Same Direction",no,no,no,no,no,False
100720066,METROPOLITAN NASHVILLE POLICE DEPT,20150034187,Davidson,Nashville,1/10/2015 1:54:00 PM,3,0,0,36.148420,-86.780540,I 40,,,,0.00,,,,,,,209.80,N,Not at Intersection, ,Non-Junction,None,,,         ,Nicholas,Smith,Clear,Front to Rear,no,no,no,no,yes,False
100720087,METROPOLITAN NASHVILLE POLICE DEPT,20150034251,Davidson,Nashville,1/10/2015 3:18:00 PM,2,0,0,36.162560,-86.761130,I 24,,,,0.00,,,,,,,49.30,N,Not at Intersection, ,Non-Junction,None,,,         ,Ryan,Howard,Clear,"Sideswipe, Same Direction",no,no,no,no,no,False
100720088,METROPOLITAN NASHVILLE POLICE DEPT,20150034499,Davidson,Nashville,1/10/2015 5:02:00 PM,2,0,0,36.159340,-86.774530,3RD AVE S,,,,83.00,Feet,South,DEMONBREUN ST,,,,0.00,N,Not at Intersection, ,Non-Junction,None,,,         ,Blaze,Williams,Clear,"Sideswipe, Same Direction",no,no,no,no,no,False
100720090,METROPOLITAN NASHVILLE POLICE DEPT,20150034454,Davidson,Nashville,1/10/2015 4:42:00 PM,2,0,0,36.109400,-86.727930,STATE HWY 155,,,,0.00,,,SOUTHLAKE DR,,,,0.00,Y,Four-Way, ,Intersection-Related,None,,,         ,Daniel,Cayton,Clear,Front to Rear,no,no,no,no,no,False
100720095,METROPOLITAN NASHVILLE POLICE DEPT,20150034285,Davidson,Nashville,1/10/2015 3:25:00 PM,2,0,0,36.145380,-86.871590,US HWY 70,,,,362.00,Feet,West,WESTBORO DR,,,,0.00,N,Not at Intersection, ,Non-Junction,None,,,         ,Brandon,Rardin,Clear,Front to Rear,no,no,no,no,no,False
100720096,METROPOLITAN NASHVILLE POLICE DEPT,20150034446,Davidson,Goodlettsville,1/10/2015 3:49:00 PM,2,0,0,36.299750,-86.696590,US HWY 31E,,,,0.00,,,CUDE LN,,,,0.00,Y,T-Intersection, ,Non-Junction,None,,,         ,Rodney,Phipps,Clear,Front to Rear,no,no,no,no,no,False