master_record_number,agency,agency_tracking_number,county,city,collision_date,vehicles_involved,number_injured,number_dead,latitude,longitude,roadway_name,roadway_suffix,roadway_number,roadway_local_id,distance_from_reference,miles-feet_indicator,direction_from_reference,intersection_road_name,intersection_road_name_suffix,intersection_road_number,intersection_local_id,mile_marker,intersection_indicator,intersect_type,interchange_related_indicator,relation_to_junction,work_zone_type,construction_maintenance_zone,construction_maintenance_zone_location,fatal_case_number,officer_first_name,officer_last_name,weather_condition(s),manner_of_crash,pedestrian,bicycle,scooter,parking,hitrun,mou
100720098,METROPOLITAN NASHVILLE POLICE DEPT,20150034396,Davidson,Nashville,1/10/2015 4:25:00 PM,2,0,0,36.204200,-86.776520,I 65,,,,0.00,,,,,,,87.15,N,Not at Intersection, ,Non-Junction,Construction Zone,,,         ,Victor,Alexander,Clear,"Sideswipe, Same Direction",no,no,no,no,no,False
100720101,METROPOLITAN NASHVILLE POLICE DEPT,20150034514,Davidson,Not in City Limit,1/10/2015 5:02:00 PM,1,0,0,36.008760,-86.693850,CULBERTSON RD,,,,886.00,Feet,North,SUNNYWOOD DR,,,,0.00,N,Not at Intersection,N,Non-Junction,None,,,         ,Joseph,Progar,Clear,Not Collision with Motor Vehicle in Transport,no,no,no,no,no,False
100720109,METROPOLITAN NASHVILLE POLICE DEPT,20150034338,Davidson,Nashville,1/10/2015 3:45:00 PM,2,0,0,36.144660,-86.744040,ELM HILL PIKE,,,,0.00,,,FESSLERS LN,,,,0.00,Y,Four-Way,Y,Intersection,None,,,         ,John,Kelley,Clear,Angle,no,no,no,no,no,False
100720113,METROPOLITAN NASHVILLE POLICE DEPT,20150034586,Davidson,Nashville,1/10/2015 5:00:00 PM,2,0,0,36.089250,-86.617090,BUTLER RD,,,,0.00,,,SMITH SPRINGS RD,,,,0.00,Y,T-Intersection,N,Intersection,None,,,         ,Thomas,Barnes,Clear,Angle,no,no,no,no,yes,False
100720118,METROPOLITAN NASHVILLE POLICE DEPT,20150034545,Davidson,Nashville,1/10/2015 5:15:00 PM,2,0,0,36.081100,-86.758370,STATE HWY 255,,,,0.00,Feet,,TROUSDALE DR,,,,0.00,Y,Four-Way, ,Intersection,None,,,         ,Kevin,Wiles,Clear,Angle,no,no,no,no,no,False
100720119,METROPOLITAN NASHVILLE POLICE DEPT,20150034687,Davidson,Nashville,1/10/2015 5:57:00 PM,2,0,0,36.154280,-86.787970,-- UNKNOWN RAMP/ROAD --,,,,0.00,Feet,East,I 40,,,,0.00,N,Not at Intersection, ,Entrance/Exit Ramp Related,None,,,         ,Blaze,Williams,Clear,Front to Rear,no,no,no,no,no,False
100720125,METROPOLITAN NASHVILLE POLICE DEPT,20150034492,Davidson,Nashville,1/10/2015 5:18:00 PM,1,0,0,36.161900,-86.619120,I 40,,,,0.00,,,,,,,219.70,N,Not at Intersection, ,Non-Junction,None,,,         ,James,Tidwell,Clear,Not Collision with Motor Vehicle in Transport,no,no,no,no,no,False
100720130,METROPOLITAN NASHVILLE POLICE DEPT,20150032159,Davidson,Nashville,1/9/2015 9:45:00 PM,2,0,0,36.154620,-86.759200,I 40,,,,0.00,,,,,,,211.00,N,Not at Intersection,Y,Non-Junction,Maintenance Zone,Lane Shift-Crossover,Transition Area,         ,Felipe,Pereira,Clear,"Sideswipe, Same Direction",no,no,no,no,no,False
100720131,METROPOLITAN NASHVILLE POLICE DEPT,20150034543,Davidson,Nashville,1/10/2015 5:10:00 PM,2,0,0,36.147890,-86.744670,I 40,,,,0.00,,,,,,,212.00,N,Not at Intersection,N,Non-Junction,None,,,         ,Felipe,Pereira,Clear,"Sideswipe, Same Direction",no,no,no,no,yes,False
100720140,METROPOLITAN NASHVILLE POLICE DEPT,20150034656,Davidson,Nashville,1/10/2015 5:55:00 PM,4,1,0,36.132880,-86.727110,I 24,,,,0.00,,,,,,,52.00,N,Not at Intersection,N,Non-Junction,None,,,         ,Lukas,Cantrell,Clear,Front to Rear,no,no,no,no,no,False
100720145,BERRY HILL POLICE DEPT,15-0152,Davidson,Berry Hill,1/10/2015 7:04:00 PM,2,0,0,36.121370,-86.775400,KIRKWOOD AVE,,,,0.00,,,US HWY 31,,,,0.00,Y,OTHER, ,,None,,,         ,Roy,Morris,,,no,no,no,no,no,False
100720150,METROPOLITAN NASHVILLE POLICE DEPT,20150034267,Davidson,Nashville,1/10/2015 3:26:00 PM,2,0,0,0.000000,0.000000,POWELL,AVE,,,0.00,,,POWELL,PL,,,0.00,Y,T-Intersection,N,Intersection,None,,,         ,Mekisha,Page,Clear,Front to Rear,no,no,no,no,no,False
100720154,METROPOLITAN NASHVILLE POLICE DEPT,20150034693,Davidson,Nashville,1/10/2015 6:06:00 PM,2,2,0,36.137230,-86.727220,-- UNKNOWN RAMP/ROAD --,,,,0.00,Feet,East,I 24,,,,0.00,N,Not at Intersection,N,Non-Junction,None,,,         ,John,Stanfield,Clear,Front to Rear,no,no,no,no,no,False
100720156,METROPOLITAN NASHVILLE POLICE DEPT,20150025962,Davidson,Nashville,1/8/2015 3:00:00 PM,3,0,0,36.249180,-86.734410,DUE WEST AVE W,,,,0.00,,,S GRAYCROFT AVE,,,,0.00,Y,Four-Way,Y,Intersection-Related,None,,,         ,Nathan,Dungan,Clear,Front to Rear,no,no,no,no,no,False
100720157,METROPOLITAN NASHVILLE POLICE DEPT,20150005812,Davidson,Nashville,1/2/2015 10:54:00 PM,2,0,0,36.165620,-86.778420,UNION ST,,,,56.00,Feet,East,3RD AVE N,,,,0.00,N,Not at Intersection,N,Non-Junction,None,,,         ,Austin,Bass,Rain,Front to Rear,no,no,no,no,yes,False
100720159,METROPOLITAN NASHVILLE POLICE DEPT,20150034268,Davidson,Nashville,1/10/2015 3:00:00 PM,2,0,0,36.068420,-86.707430,HAYWOOD LN,,,,4.00,Feet,East,CHAMBERS DR,,,,0.00,N,Not at Intersection,N,Non-Junction,None,,,         ,Jared,Jenkins,Clear,Front to Rear,no,no,no,no,no,False
100720161,THP District 3 - Nashville,315002078,Davidson,Not in City Limit,1/10/2015 5:26:00 PM,2,0,0,36.342900,-86.922000,I 24,,,,0.00,,,,,,,31.55,N,Not at Intersection, ,Non-Junction,None,,,         ,Sherman,Lingo,Clear,Not Collision with Motor Vehicle in Transport,no,no,no,no,no,False
100720175,Nashville Airport Police,2015-00065,Davidson,Nashville,1/10/2015 3:02:00 PM,2,0,0,36.135910,-86.667630,RAMP,,,,0.00,,,TERMINAL DR,,,,0.00,Y,OTHER,N,Non-Junction,None,,,         ,Nathan,Holt,Clear,"Sideswipe, Same Direction",no,no,no,no,yes,False
100720177,METROPOLITAN NASHVILLE POLICE DEPT,20150030786,Davidson,Nashville,1/9/2015 3:40:00 PM,2,1,0,36.154170,-86.788300,I 40,,,,0.00,,,,,,,209.30,N,Not at Intersection,N,Non-Junction,None,,,         ,Jonathan,Weeks,Clear,"Sideswipe, Same Direction",no,no,no,no,no,False
100720179,METROPOLITAN NASHVILLE POLICE DEPT,20150035093,Davidson,Nashville,1/10/2015 8:26:00 PM,2,0,0,36.153600,-86.756550,I 40,,,,0.00,,,,,,,211.20,N,Not at Intersection,N,Non-Junction,None,,,         ,James,Tidwell,Clear,"Sideswipe, Same Direction",no,no,no,no,yes,False
100720188,METROPOLITAN NASHVILLE POLICE DEPT,2015-0034987,Davidson,Nashville,1/10/2015 7:35:00 PM,2,0,0,36.113800,-86.789870,CLIFTON LN,,,,697.00,Feet,East,GRANNY WHITE PIKE,,,,0.00,N,Not at Intersection, ,Non-Junction,None,,,         ,Clyde,Stambaugh,Clear,Rear to Side,no,no,no,no,no,False
100720191,METROPOLITAN NASHVILLE POLICE DEPT,20150016091,Davidson,Madison,1/6/2015 6:21:00 AM,2,0,0,36.262820,-86.680950,STATE HWY 45,,,,0.00,,,RIO VISTA DR,,,,0.00,Y,Four-Way,N,Intersection,None,,,         ,Ryan,Kozlowski,Clear,Angle,no,no,no,no,no,False
100720195,METROPOLITAN NASHVILLE POLICE DEPT,20150034949,Davidson,Nashville,1/10/2015 7:40:00 PM,1,0,0,36.157610,-86.781260,US HWY 31,,,,103.00,Feet,South,MCGAVOCK ST,,,,0.00,N,Not at Intersection, ,Non-Junction,None,,,         ,MIchael,Mihajlov,Clear,Not Collision with Motor Vehicle in Transport,no,no,no,no,no,False
100720200,METROPOLITAN NASHVILLE POLICE DEPT,20150034884,Davidson,Nashville,1/10/2015 7:16:00 PM,2,0,0,0.000000,0.000000,,,I40,,50.00,Feet,East,,,,,210.00,N,Not at Intersection, ,Non-Junction,None,,,         ,Mekisha,Page,Clear,Angle,no,no,no,no,no,False
100720210,METROPOLITAN NASHVILLE POLICE DEPT,20150034565,Davidson,Nashville,1/10/2015 5:10:00 PM,2,0,0,36.093000,-86.679080,RAMP,,,,0.00,Feet,East,STATE HWY 255,,,,0.00,N,Not at Intersection, ,Non-Junction,None,,,         ,Jared,Jenkins,Clear,"Sideswipe, Same Direction",no,no,no,no,no,False
100720212,METROPOLITAN NASHVILLE POLICE DEPT,20150035126,Davidson,Nashville,1/10/2015 8:33:00 PM,2,2,0,0.000000,0.000000,NOLENSVILE,PIKE,,,0.00,,,MCMURRAY,DR,,,0.00,Y,T-Intersection,N,Intersection,None,,,         ,Mekisha,Page,Clear,Angle,no,no,no,no,no,False
100720217,METROPOLITAN NASHVILLE POLICE DEPT,20150034672,Davidson,Nashville,1/10/2015 6:51:00 PM,2,0,0,36.083990,-86.706330,STATE HWY 255,,,,147.00,Feet,West,LINBAR DR,,,,0.00,N,Not at Intersection,N,Non-Junction,None,,,         ,Jared,Jenkins,Clear,Front to Rear,no,no,no,no,no,False
100720222,METROPOLITAN NASHVILLE POLICE DEPT,20150034950,Davidson,Nashville,1/10/2015 7:45:00 PM,2,0,0,36.079510,-86.714330,WALLACE RD,,,,45.00,Feet,East,HUMBER DR,,,,0.00,N,Not at Intersection, ,Non-Junction,None,,,         ,Jared,Jenkins,Clear,Front to Rear,no,no,no,no,yes,False
100720228,METROPOLITAN NASHVILLE POLICE DEPT,20150034944,Davidson,Nashville,1/10/2015 7:04:00 PM,2,0,0,36.153380,-86.756080,I 40,,,,0.00,,,,,,,211.20,N,Not at Intersection, ,Non-Junction,None,,,         ,Nicholas,Kulp,Clear,Front to Rear,no,no,no,no,no,False
100720229,METROPOLITAN NASHVILLE POLICE DEPT,20150034110,Davidson,Nashville,1/10/2015 1:38:00 PM,3,0,0,36.133930,-86.727170,I 24,,,,0.00,Feet,East,-- UNKNOWN RAMP/ROAD --,,,,0.00,N,Not at Intersection,N,Non-Junction,None,,,         ,Christopher,Hanor,Clear,Front to Rear,no,no,no,no,no,False
100720241,METROPOLITAN NASHVILLE POLICE DEPT,20150035748,Davidson,Nashville,1/11/2015 12:40:00 AM,2,1,0,36.171210,-86.750760,SHELBY AVE,,,,0.00,,,S 11TH ST,,,,0.00,Y,Four-Way,N,Intersection,None,,,         ,Robert,Crow,Clear,Angle,no,no,no,no,no,False
100720246,METROPOLITAN NASHVILLE POLICE DEPT,20150035798,Davidson,Nashville,1/11/2015 1:10:00 AM,3,1,0,36.215490,-86.819890,HILLMORE DR,,,,382.00,Feet,West,BUENA VISTA PIKE,,,,0.00,N,Not at Intersection,N,Non-Junction,None,,,         ,Alex,Marchak,Clear,Rear to Rear,no,no,no,no,no,False
100720248,METROPOLITAN NASHVILLE POLICE DEPT,20150035713,Davidson,Goodlettsville,1/11/2015 12:01:00 AM,2,1,0,36.292360,-86.702810,US HWY 31E,,,,320.00,Feet,South,ALTA LOMA RD,,,,0.00,N,Not at Intersection,N,Non-Junction,None,,,         ,Terrance,McBride,Clear,Angle,no,no,no,no,no,False
100720252,METROPOLITAN NASHVILLE POLICE DEPT,20150035920,Davidson,Nashville,1/11/2015 12:00:00 AM,2,0,0,36.158930,-86.825590,CLIFTON AVE,,,,175.00,Feet,West,33RD AVE N,,,,0.00,N,Not at Intersection,N,Non-Junction,None,,,         ,Troy,Loewen,Clear,"Sideswipe, Same Direction",no,no,no,no,no,False
100720259,METROPOLITAN NASHVILLE POLICE DEPT,20150035875,Davidson,Nashville,1/11/2015 1:40:00 AM,1,0,0,36.152830,-86.789910,DEMONBREUN ST,,,,0.00,,,CONNECTING ROAD,,,,0.00,Y,Unknown, ,Non-Junction,None,,,         ,Charles,Wingo,Clear,Not Collision with Motor Vehicle in Transport,no,no,no,yes,no,False
100720260,METROPOLITAN NASHVILLE POLICE DEPT,20150036019,Davidson,Nashville,1/11/2015 3:21:00 AM,1,0,0,36.122330,-86.717620,E THOMPSON LN,,,,18.00,Feet,West,LAWNDALE DR,,,,0.00,N,Not at Intersection,N,Non-Junction,None,,,         ,Elizabeth,Berry-Loucks,Clear,Not Collision with Motor Vehicle in Transport,no,no,no,no,yes,False
100720270,METROPOLITAN NASHVILLE POLICE DEPT,20150028607,Davidson,Nashville,1/9/2015 6:00:00 AM,2,0,0,36.103580,-86.666520,OLD MURFREESBORO PIKE,,,,0.00,,,FAIRCLOTH LN,,,,0.00,Y,OTHER,N,Intersection,None,,,         ,Bridget,Griepentrog,Clear,Angle,no,no,no,no,no,False
100720271,METROPOLITAN NASHVILLE POLICE DEPT,20150036063,Davidson,Nashville,1/11/2015 3:25:00 AM,1,0,0,36.054380,-86.681190,SHIHMEN DR,,,,164.00,Feet,West,PENNY BRINK DR,,,,0.00,N,Not at Intersection,N,Non-Junction,None,,,         ,Joshua,Vaughn,Clear,Not Collision with Motor Vehicle in Transport,no,no,no,no,yes,False
100720279,METROPOLITAN NASHVILLE POLICE DEPT,20150034146,Davidson,Nashville,1/11/2015 2:04:00 PM,2,0,0,36.159900,-86.773870,2ND AVE S,,,,0.00,,,DEMONBREUN ST,,,,0.00,Y,Four-Way, ,,,,,         ,Bryan,Birdwell,,,no,no,no,no,no,False
100720280,METROPOLITAN NASHVILLE POLICE DEPT,20150033352,Davidson,Nashville,1/10/2015 12:00:00 AM,1,0,0,36.080620,-86.889020,CLOUDLAND DR,,,,0.00,,,HIGHLAND PARK DR,,,,0.00,Y,T-Intersection,N,Non-Junction,None,,,         ,Ryan,McManman,Clear,Not Collision with Motor Vehicle in Transport,no,no,no,no,yes,False
100720285,METROPOLITAN NASHVILLE POLICE DEPT,20150036316,Davidson,Nashville,1/11/2015 6:19:00 AM,1,0,0,36.091310,-86.720970,CATHY JO DR,,,,151.00,Feet,South,SHAWN DR,,,,0.00,N,Not at Intersection,N,Non-Junction,None,,,         ,Brandon,Tennant,Clear,Not Collision with Motor Vehicle in Transport,no,no,no,no,yes,False
100720310,METROPOLITAN NASHVILLE POLICE DEPT,2015-0034128,Davidson,Nashville,1/10/2015 1:48:00 PM,4,0,0,36.038250,-86.786320,US HWY 31,,,,277.00,Feet,North,FRANKLIN PIKE CIR,,,,0.00,N,Not at Intersection, ,Non-Junction,None,,,         ,Arthur,Hummell,Clear,Front to Rear,no,no,no,no,no,False
100720311,METROPOLITAN NASHVILLE POLICE DEPT,20150036416,Davidson,Nashville,1/11/2015 12:00:00 AM,1,0,0,36.148430,-86.762540,WHARF AVE,,,,175.00,Feet,South,CHARLES E DAVIS BLVD,,,,0.00,N,Not at Intersection, ,OtherLocation,None,,,         ,Johnathan,Carlisle,Unknown,Not Collision with Motor Vehicle in Transport,no,no,no,yes,yes,False
100720338,METROPOLITAN NASHVILLE POLICE DEPT,20150036648,Davidson,Nashville,1/11/2015 11:00:00 AM,1,1,0,36.170570,-86.599120,EXIT 221,,,,0.00,,,I 40,,,,0.00,Y,Unknown,N,Entrance/Exit Ramp Related,None,,,         ,Brent,Hedgcoth,Cloudy,Not Collision with Motor Vehicle in Transport,no,no,no,no,no,False
100720347,METROPOLITAN NASHVILLE POLICE DEPT,20150036621,Davidson,Nashville,1/11/2015 10:47:00 AM,2,0,0,36.063410,-86.701470,PACKARD DR,,,,0.00,,,CREEKSIDE DR,,,,0.00,Y,Four-Way,N,Non-Junction,None,,,         ,Roderic,Williams,Rain,Front to Rear,no,no,no,no,no,False
100720352,METROPOLITAN NASHVILLE POLICE DEPT,20150036755,Davidson,Nashville,1/11/2015 12:05:00 PM,2,0,0,36.182220,-86.814960,SEIFRIED ST,,,,165.00,Feet,West,23RD AVE N,,,,0.00,N,Not at Intersection, ,,None,,,         ,Joshua,Baker,,,no,no,no,no,no,False
100720365,METROPOLITAN NASHVILLE POLICE DEPT,20150036706,Davidson,Nashville,1/11/2015 11:41:00 AM,2,0,0,36.176680,-86.770920,SPRING ST,,,,0.00,,,US HWY 31W,,,,0.00,Y,T-Intersection, ,,None,,,         ,Bryan,Birdwell,,,no,no,no,no,no,False
100720369,METROPOLITAN NASHVILLE POLICE DEPT,20150036753,Davidson,Nashville,1/11/2015 11:55:00 AM,2,0,0,36.144930,-86.766650,US HWY 31 ALT,,,,0.00,,,CHESTNUT ST,,,,0.00,Y,Four-Way,N,Intersection,None,,,         ,Steven,Jones,Rain,"Sideswipe, Same Direction",no,no,no,no,no,False
100720373,METROPOLITAN NASHVILLE POLICE DEPT,2015-0036772,Davidson,Nashville,1/11/2015 12:17:00 PM,2,0,0,36.068470,-86.674280,RICHARDS RD,,,,0.00,,,ARTELIA DR,,,,0.00,Y,T-Intersection, ,Intersection-Related,None,,,         ,John,Neely,Rain,Front to Rear,no,no,no,no,no,False
100720386,METROPOLITAN NASHVILLE POLICE DEPT,20150036818,Davidson,Nashville,1/11/2015 1:00:00 PM,2,1,0,36.138350,-86.881460,US HWY 70,,,,384.00,Feet,West,ANNEX AVE,,,,0.00,N,Not at Intersection,N,Non-Junction,None,,,         ,Ryan,Burger,Rain,Front to Rear,no,no,no,no,no,False
100720387,METROPOLITAN NASHVILLE POLICE DEPT,20150036792,Davidson,Nashville,1/11/2015 12:45:00 PM,1,1,0,36.138730,-86.821020,-- UNKNOWN RAMP/ROAD --,,,,0.00,Feet,East,I 440,,,,0.00,N,Not at Intersection,N,Entrance/Exit Ramp Related,None,,,         ,Timothy,Miller,Rain,Not Collision with Motor Vehicle in Transport,no,no,no,no,no,False
100720398,METROPOLITAN NASHVILLE POLICE DEPT,20150036610,Davidson,Nashville,1/11/2015 9:14:00 AM,3,0,0,36.043250,-86.665140,ARBOR RIDGE DR,,,,117.00,Feet,South,ARBOR PL,,,,0.00,N,Not at Intersection, ,Non-Junction,None,,,         ,Megan,Arnett,Rain,Angle,no,no,no,no,yes,False
100720406,METROPOLITAN NASHVILLE POLICE DEPT,20150010985,Davidson,Nashville,1/4/2015 12:00:00 AM,2,0,0,36.175450,-86.807360,17TH AVE N,,,,386.00,Feet,North,COCKRILL ST,,,,0.00,N,Not at Intersection,N,Non-Junction,None,,,         ,Tina,Wiggs,Cloudy,"Sideswipe, Same Direction",no,no,no,no,yes,False
100720408,METROPOLITAN NASHVILLE POLICE DEPT,20150036798,Davidson,Nashville,1/11/2015 12:48:00 PM,2,1,0,36.152100,-86.772110,US HWY 41,,,,0.00,,,ASH ST,,,,0.00,Y,T-Intersection,N,Intersection,None,,,         ,Mikala,Moore,Cloudy,Front to Rear,no,no,no,no,no,False
100720410,METROPOLITAN NASHVILLE POLICE DEPT,20150036966,Davidson,Nashville,1/11/2015 2:58:00 PM,2,0,0,36.134380,-86.781180,WEDGEWOOD AVE,,,,0.00,,,ACKLEN AVE,,,,0.00,Y,T-Intersection, ,Intersection-Related,None,,,         ,Nicholas,Smith,Rain,Front to Rear,no,no,no,no,no,False
100720416,METROPOLITAN NASHVILLE POLICE DEPT,20150036946,Davidson,Nashville,1/11/2015 2:40:00 PM,1,1,0,36.191040,-86.726050,RIVERSIDE DR,,,,260.00,Feet,North,CREIGHTON AVE,,,,0.00,N,Not at Intersection,N,Non-Junction,None,,,         ,Nicholas,Kulp,Cloudy,Not Collision with Motor Vehicle in Transport,no,no,no,no,no,False
100720418,METROPOLITAN NASHVILLE POLICE DEPT,20150037013,Davidson,Nashville,1/11/2015 2:32:00 PM,1,0,0,36.071430,-86.664290,UNA ANTIOCH PIKE,,,,21.00,Feet,South,APOLLO DR,,,,0.00,N,Not at Intersection,N,Non-Junction,None,,,         ,Oscar,Gomez,Cloudy,Not Collision with Motor Vehicle in Transport,no,no,no,no,yes,False
100720425,METROPOLITAN NASHVILLE POLICE DEPT,20150035107,Davidson,Nashville,1/10/2015 8:19:00 PM,2,2,0,36.084800,-86.728130,US HWY 31 ALT,,,,0.00,,,PARAGON MILLS RD,,,,0.00,Y,Four-Way,N,Intersection,None,,,         ,Oscar,Gomez,Clear,Front to Rear,no,no,no,no,no,False
100720426,METROPOLITAN NASHVILLE POLICE DEPT,20150037084,Davidson,Madison,1/11/2015 12:00:00 AM,2,0,0,36.260890,-86.713870,WOODRUFF ST,,,,416.00,Feet,West,US HWY 31E,,,,0.00,N,Not at Intersection,N,Non-Junction,None,,,         ,Ryan,Allen,Cloudy,Front to Rear,no,no,no,yes,yes,False
100720433,METROPOLITAN NASHVILLE POLICE DEPT,2015-0037091,Davidson,Nashville,1/11/2015 2:18:00 PM,2,0,0,36.135060,-86.797020,18TH AVE S,,,,54.00,Feet,South,ACKLEN AVE,,,,0.00,N,Not at Intersection, ,Non-Junction,None,,,         ,Clyde,Stambaugh,Clear,Angle,no,no,no,no,no,False
100720440,METROPOLITAN NASHVILLE POLICE DEPT,20150037063,Davidson,Nashville,1/11/2015 3:39:00 PM,2,0,0,36.248020,-86.720320,DUE WEST AVE E,,,,0.00,,,US HWY 31E,,,,0.00,Y,Four-Way,N,Intersection,None,,,         ,Daniel,Caruth,Cloudy,Angle,no,no,no,no,no,False
100720444,METROPOLITAN NASHVILLE POLICE DEPT,20150036926,Davidson,Nashville,1/11/2015 2:23:00 PM,3,0,0,36.118300,-86.796560,BELMONT BLVD,,,,215.00,Feet,South,CLAYTON AVE,,,,0.00,N,Not at Intersection,N,Non-Junction,None,,,         ,Charles,Griffin,Cloudy,Angle,no,no,no,no,no,False
100720446,GOODLETTSVILLE POLICE DEPT,15-01336,Davidson,Goodlettsville,1/11/2015 4:00:00 PM,3,1,0,36.324100,-86.704110,I 65,,,,0.00,,,STATE HWY 174,,,,0.00,Y,T-Intersection,Y,Entrance/Exit Ramp Related,None,,,         ,Brian,Hajdu,Cloudy,Front to Rear,no,no,no,no,no,False
100720462,METROPOLITAN NASHVILLE POLICE DEPT,20150037323,Davidson,Nashville,1/11/2015 5:12:00 PM,2,0,0,36.079250,-86.727310,STATE HWY 255,,,,58.00,Feet,West,RAMP,,,,0.00,N,Not at Intersection, ,Non-Junction,None,,,         ,Miguel,Garcia,Clear,Front to Rear,no,no,no,no,no,False
100720470,METROPOLITAN NASHVILLE POLICE DEPT,20150037344,Davidson,Nashville,1/11/2015 5:25:00 PM,2,0,0,36.246100,-86.745190,I 65,,,,0.00,,,,,,,90.85,N,Not at Intersection,N,Non-Junction,None,,,         ,Ryan,Allen,Clear,"Sideswipe, Same Direction",no,no,no,no,yes,False
100720471,METROPOLITAN NASHVILLE POLICE DEPT,20150037310,Davidson,Nashville,1/11/2015 5:17:00 PM,1,0,0,36.239300,-86.780050,EXIT 17,,,,0.00,,,-- UNKNOWN RAMP/ROAD --,,,,0.00,Y,OTHER,Y,Entrance/Exit Ramp Related,None,,,         ,Rodney,Phipps,Clear,Not Collision with Motor Vehicle in Transport,no,no,no,no,no,False
100720479,METROPOLITAN NASHVILLE POLICE DEPT,20150037369,Davidson,Nashville,1/11/2015 5:30:00 PM,2,0,0,36.193070,-86.830280,US HWY 41 ALT,,,,344.00,Feet,East,BUENA VISTA PIKE,,,,0.00,N,Not at Intersection,N,Non-Junction,None,,,         ,Zachary,Ronan,Rain,Angle,no,no,no,no,no,False
100720482,METROPOLITAN NASHVILLE POLICE DEPT,20150037377,Davidson,Nashville,1/11/2015 5:38:00 PM,2,1,0,36.137130,-86.726740,I 24,,,,0.00,,,,,,,52.30,N,Not at Intersection,Y,Non-Junction,None,,,         ,Lukas,Cantrell,Rain,Front to Rear,no,no,no,no,no,False
100720485,METROPOLITAN NASHVILLE POLICE DEPT,20150037362,Davidson,Nashville,1/11/2015 5:34:00 PM,2,1,0,36.266240,-86.756800,US HWY 31W,,,,247.00,Feet,South,DARBYTOWN DR,,,,0.00,N,Not at Intersection,N,Non-Junction,None,,,         ,Byron,Dewalt,Rain,"Sideswipe, Opposite Direction",no,no,no,no,no,False
100720495,METROPOLITAN NASHVILLE POLICE DEPT,20150037528,Davidson,Nashville,1/11/2015 6:30:00 PM,2,0,0,36.200030,-86.620810,STATE HWY 45,,,,216.00,Feet,North,RAMP,,,,0.00,N,Not at Intersection, ,Non-Junction,None,,,         ,James,DeSantis,Rain,Front to Rear,no,no,no,no,no,False
100720525,METROPOLITAN NASHVILLE POLICE DEPT,2015-0037604,Davidson,Not in City Limit,1/11/2015 7:33:00 PM,1,0,0,36.055330,-86.947840,OLD HARDING PIKE,,,,682.00,Feet,East,BROOK GLEN CV,,,,0.00,N,Not at Intersection,N,Non-Junction,None,,,         ,Michael,Rogers,Clear,Not Collision with Motor Vehicle in Transport,no,no,no,no,no,False
100720527,METROPOLITAN NASHVILLE POLICE DEPT,20150037429,Davidson,Nashville,1/11/2015 6:01:00 PM,2,2,0,36.044620,-86.659430,-- UNKNOWN RAMP/ROAD --,,,,0.00,Feet,East,TARGET DR,,,,0.00,N,Not at Intersection,N,Non-Junction,None,,,         ,Jared,Jenkins,Clear,Angle,no,no,no,no,no,False
100720536,METROPOLITAN NASHVILLE POLICE DEPT,20150037657,Davidson,Nashville,1/11/2015 8:19:00 PM,2,0,0,36.209610,-86.732100,SHELTON AVE,,,,274.00,Feet,West,WINDSOR AVE,,,,0.00,N,Not at Intersection, ,Non-Junction,None,,,         ,Kimberly,Brown,Clear,Rear to Rear,no,no,no,no,no,False
100720544,METROPOLITAN NASHVILLE POLICE DEPT,20150037743,Davidson,Nashville,1/11/2015 9:30:00 PM,2,0,0,36.214840,-86.708930,RIVERWOOD DR,,,,28.00,Feet,North,CLAYPOOL ST,,,,0.00,N,Not at Intersection, ,Non-Junction,None,,,         ,Kimberly,Brown,Rain,Angle,no,no,no,no,no,False
100720554,METROPOLITAN NASHVILLE POLICE DEPT,20150034765,Davidson,Nashville,1/10/2015 6:24:00 PM,3,2,0,36.170810,-86.601450,STATE HWY 45,,,,0.00,,,-- UNKNOWN RAMP/ROAD --,,,,0.00,Y,Four-Way,Y,Intersection-Related,None,,,         ,Raymond,Heymann,Clear,Angle,no,no,no,no,yes,False
100720559,METROPOLITAN NASHVILLE POLICE DEPT,20150035917,Davidson,Nashville,1/11/2015 2:05:00 AM,2,0,0,36.150950,-86.770640,-- UNKNOWN RAMP/ROAD --,,,,0.00,Feet,,I 40,,,,0.00,Y,T-Intersection,Y,Intersection-Related,None,,,         ,Chase,Beck,Clear,Angle,no,no,no,no,no,False
100720564,METROPOLITAN NASHVILLE POLICE DEPT,20150035952,Davidson,Nashville,1/11/2015 2:24:00 AM,2,0,0,36.161310,-86.784490,9TH AVE N,,,,0.00,,,CHURCH ST,,,,0.00,Y,Four-Way, ,,,,,         ,Kelcey,Bell,,,no,no,no,no,no,False
100720592,METROPOLITAN NASHVILLE POLICE DEPT,2015-0037913,Davidson,Nashville,1/11/2015 12:00:00 AM,2,0,0,36.171060,-86.601510,STATE HWY 45,,,,0.00,,South,RAMP,,,,0.00,N,Not at Intersection,N,Entrance/Exit Ramp Related,None,,,         ,Blake,Giles,Rain,"Sideswipe, Same Direction",no,no,no,no,yes,False
100720595,METROPOLITAN NASHVILLE POLICE DEPT,20150035597,Davidson,Nashville,1/10/2015 11:30:00 PM,2,0,0,36.040060,-86.781000,STATE HWY 254,,,,44.00,Feet,West,RAMP,,,,0.00,N,Not at Intersection,Y,Entrance/Exit Ramp Related,None,,,         ,David,Barras,Clear,Angle,no,no,no,no,no,False