master_record_number,agency,agency_tracking_number,county,city,collision_date,vehicles_involved,number_injured,number_dead,latitude,longitude,roadway_name,roadway_suffix,roadway_number,roadway_local_id,distance_from_reference,miles-feet_indicator,direction_from_reference,intersection_road_name,intersection_road_name_suffix,intersection_road_number,intersection_local_id,mile_marker,intersection_indicator,intersect_type,interchange_related_indicator,relation_to_junction,work_zone_type,construction_maintenance_zone,construction_maintenance_zone_location,fatal_case_number,officer_first_name,officer_last_name,weather_condition(s),manner_of_crash,pedestrian,bicycle,scooter,parking,hitrun,mou
100720596,METROPOLITAN NASHVILLE POLICE DEPT,20150035954,Davidson,Nashville,1/11/2015 2:37:00 AM,2,0,0,36.048970,-86.716310,HICKORYVIEW DR,,,,0.00,,,HICKORY PLAZA DR,,,,0.00,Y,Four-Way, ,Intersection,None,,,         ,David,Barras,Clear,Front to Rear,no,no,no,no,no,False
100720602,METROPOLITAN NASHVILLE POLICE DEPT,2015-0024743,Davidson,Nashville,1/12/2015 1:40:00 AM,1,1,0,0.000000,0.000000,ELYSIAN FIELDS,CT,,497,100.00,Feet,South,,,,,497.00,N,Not at Intersection,N,Non-Junction,None,,,         ,William,Hamblen,Rain,Not Collision with Motor Vehicle in Transport,no,no,no,no,no,False
100720603,GOODLETTSVILLE POLICE DEPT,15-01245,Davidson,Goodlettsville,1/11/2015 12:01:00 AM,1,0,0,36.304070,-86.702030,MALL ACCESS RD,,,,70.00,Feet,East,RIVERGATE PKWY,,,,0.00,N,Not at Intersection,N,Non-Junction,None,,,         ,Joseph,Waldron,Clear,Not Collision with Motor Vehicle in Transport,no,no,no,yes,no,False
100720617,METROPOLITAN NASHVILLE POLICE DEPT,2015-0037932,Davidson,Nashville,1/12/2015 5:04:00 AM,2,1,0,36.045130,-86.659910,EXIT 59,,,,0.00,,,I 24,,,,0.00,Y,Four-Way,Y,Intersection,None,,,         ,Leonard,Cato,Rain,Angle,no,no,no,no,yes,False
100720621,METROPOLITAN NASHVILLE POLICE DEPT,20150028421,Davidson,Nashville,1/9/2015 12:00:00 AM,2,1,0,36.166270,-86.751380,DEW ST,,,,0.00,,,S 11TH ST,,,,0.00,Y,Four-Way,N,Non-Junction,None,,,         ,David,Simmonds,Clear,Angle,no,no,no,no,no,False
100720622,METROPOLITAN NASHVILLE POLICE DEPT,20150029544,Davidson,Nashville,1/9/2015 12:44:00 PM,2,0,0,36.161680,-86.775760,US HWY 70,,,,75.00,Feet,East,3RD AVE N,,,,0.00,N,Not at Intersection, ,Non-Junction,None,,,         ,Wesley,Henderson,Clear,Angle,no,no,no,no,no,False
100720630,METROPOLITAN NASHVILLE POLICE DEPT,20150029678,Davidson,Nashville,1/12/2015 1:15:00 PM,2,0,0,36.155180,-86.812000,25TH AVE N,,,,25.00,Feet,South,US HWY 70,,,,0.00,N,Not at Intersection, ,Non-Junction,None,,,         ,Phillip,Murphy,Clear,Front to Rear,no,no,no,no,no,False
100720632,METROPOLITAN NASHVILLE POLICE DEPT,20150036334,Davidson,Nashville,1/11/2015 7:00:00 AM,1,0,0,36.134260,-86.629800,BELL RD,,,,288.00,Feet,South,TRAILS END LN,,,,0.00,N,Not at Intersection,N,Non-Junction,None,,,         ,Gerald,Gomes,Clear,Not Collision with Motor Vehicle in Transport,no,no,no,no,no,False
100720642,METROPOLITAN NASHVILLE POLICE DEPT,2015-030078,Davidson,Not in City Limit,1/12/2015 6:55:00 AM,2,0,0,36.041440,-86.961030,STATE HWY 100,,,,65.00,Feet,North,CHAFFIN DR,,,,0.00,N,Not at Intersection,N,Non-Junction,None,,,         ,Curtis,Rich,Rain,Front to Rear,no,no,no,no,no,False
100720644,METROPOLITAN NASHVILLE POLICE DEPT,20150030046,Davidson,Nashville,1/12/2015 6:50:00 AM,3,0,0,36.118200,-86.701460,RAMP,,,,0.00,,,STATE HWY 155,,,,0.00,Y,Y-Intersection, ,Non-Junction,None,,,         ,Brian,Lamb,Rain,Front to Rear,no,no,no,no,no,False
100720653,METROPOLITAN NASHVILLE POLICE DEPT,2015-0029895,Davidson,Nashville,1/12/2015 6:32:00 AM,3,1,0,36.230010,-86.910690,OLD HICKORY BLVD,,,,98.00,Feet,South,BULL RUN RD,,,,0.00,N,Not at Intersection,N,Non-Junction,None,,,         ,William,Caillouette,Rain,Not Collision with Motor Vehicle in Transport,no,no,no,yes,no,False
100720660,METROPOLITAN NASHVILLE POLICE DEPT,20150038096,Davidson,Nashville,1/12/2015 7:30:00 AM,2,0,0,36.153000,-86.633860,I 40,,,,0.00,,,,,,,218.65,N,Not at Intersection, ,SharedUsePathOrTrail,None,,,         ,Brent,Hedgcoth,Rain,Front to Rear,no,no,no,no,no,False
100720664,METROPOLITAN NASHVILLE POLICE DEPT,20150038071,Davidson,Nashville,1/12/2015 7:20:00 AM,2,0,0,36.034900,-86.643230,I 24,,,,0.00,,,,,,,60.55,N,Not at Intersection, ,Non-Junction,None,,,         ,Kenneth,Alexandrow,Rain,Front to Rear,no,no,no,no,no,False
100720669,METROPOLITAN NASHVILLE POLICE DEPT,20150038087,Davidson,Nashville,1/12/2015 7:34:00 AM,2,0,0,36.032320,-86.765210,FREDERICKSBURG WAY E,,,,38.00,Feet,North,CLOVERLAND DR,,,,0.00,N,Not at Intersection, ,Non-Junction,None,,,         ,Phillip,Murphy,Rain,Front to Rear,no,no,no,no,no,False
100720670,METROPOLITAN NASHVILLE POLICE DEPT,20150038083,Davidson,Nashville,1/12/2015 7:32:00 AM,2,0,0,36.266790,-86.670420,STATE HWY 45,,,,56.00,Feet,West,HICKORY INDUSTRIAL DR,,,,0.00,N,Not at Intersection, ,Non-Junction,Work Zone,,,         ,Craig,Carlson,Rain,Front to Rear,no,no,no,no,no,False
100720671,METROPOLITAN NASHVILLE POLICE DEPT,2015-0038068,Davidson,Antioch,1/12/2015 6:45:00 AM,2,0,0,0.000000,0.000000,RICHARDS,RD,,,20.00,Feet,East,WAIKIKI,BLVD,SR,,0.00,N,Not at Intersection,N,Non-Junction,None,,,         ,Roderic,Williams,Rain,Front to Rear,no,no,no,no,yes,False
100720682,METROPOLITAN NASHVILLE POLICE DEPT,150038055,Davidson,Nashville,1/12/2015 7:10:00 AM,2,0,0,36.075610,-86.693750,I 24,,,,0.00,,,,,,,56.50,N,Not at Intersection,N,Non-Junction,None,,,         ,Trevin,Tolbert,Rain,Angle,no,no,no,no,no,False
100720684,METROPOLITAN NASHVILLE POLICE DEPT,2015-038158,Davidson,Nashville,1/12/2015 8:00:00 AM,3,0,0,36.110580,-86.922600,STATE HWY 251,,,,28.00,Feet,South,-- UNKNOWN RAMP/ROAD --,,,,0.00,N,Not at Intersection,N,Non-Junction,None,,,         ,Curtis,Rich,Rain,Angle,no,no,no,no,no,False
100720691,METROPOLITAN NASHVILLE POLICE DEPT,20150036483,Davidson,Nashville,1/11/2015 9:03:00 AM,2,2,0,36.045420,-86.713170,US HWY 31 ALT,,,,0.00,,,STATE HWY 254,,,,0.00,Y,Four-Way,N,Intersection,None,,,         ,Darrell,Osment,Rain,Front to Rear,no,no,no,no,no,False
100720692,METROPOLITAN NASHVILLE POLICE DEPT,20150036554,Davidson,Nashville,1/11/2015 9:58:00 AM,2,0,0,36.046900,-86.713330,US HWY 31 ALT,,,,542.00,Feet,North,STATE HWY 254,,,,0.00,N,Not at Intersection, ,Non-Junction,None,,,         ,Darrell,Osment,Rain,"Sideswipe, Same Direction",no,no,no,no,no,False
100720693,METROPOLITAN NASHVILLE POLICE DEPT,20150038102,Davidson,Nashville,1/12/2015 7:42:00 AM,2,0,0,36.042990,-86.842320,STATE HWY 254,,,,0.00,,,KINGSBURY DR,,,,0.00,Y,Four-Way, ,Intersection,None,,,         ,Darrell,Osment,Rain,Front to Rear,no,no,no,no,no,False
100720698,METROPOLITAN NASHVILLE POLICE DEPT,20150038114,Davidson,Nashville,1/12/2015 7:40:00 AM,2,0,0,36.075020,-86.662520,UNA ANTIOCH PIKE,,,,0.00,,,BILLINGSGATE RD,,,,0.00,Y,T-Intersection,N,Intersection,None,,,         ,Todd,Watson,Rain,Front to Rear,no,no,no,no,yes,False
100720699,METROPOLITAN NASHVILLE POLICE DEPT,20150038118,Davidson,Nashville,1/12/2015 7:45:00 AM,2,0,0,36.150890,-86.750040,I 40,,,,0.00,,,,,,,211.60,N,Not at Intersection,N,Non-Junction,None,,,         ,Gregory,Lindstrom,Rain,"Sideswipe, Same Direction",no,no,no,no,yes,False
100720700,METROPOLITAN NASHVILLE POLICE DEPT,20140038148,Davidson,Nashville,1/12/2015 8:03:00 AM,2,0,0,36.155030,-86.779630,US HWY 31,,,,0.00,,,SHIRLEY ST,,,,0.00,Y,Roundabout, ,Intersection,None,,,         ,Joshua,Hollins,Rain,"Sideswipe, Same Direction",no,no,no,no,no,False
100720704,METROPOLITAN NASHVILLE POLICE DEPT,2015-0038074,Davidson,Nashville,1/12/2015 7:15:00 AM,2,2,0,36.144300,-86.844630,UTAH AVE,,,,92.00,Feet,West,48TH AVE N,,,,0.00,N,Not at Intersection,N,Non-Junction,None,,,         ,Cesar,Castillo,Rain,Angle,no,no,no,no,no,False
100720709,METROPOLITAN NASHVILLE POLICE DEPT,20150038222,Davidson,Nashville,1/12/2015 8:40:00 AM,2,0,0,36.122230,-86.726930,EXIT 53,,,,0.00,,,I 24,,,,0.00,Y,OTHER, ,Entrance/Exit Ramp Related,None,,,         ,Kenneth,Alexandrow,Rain,Front to Rear,no,no,no,no,no,False
100720710,METROPOLITAN NASHVILLE POLICE DEPT,20150038204,Davidson,Nashville,1/12/2015 8:00:00 AM,2,0,0,36.166910,-86.765140,I 24,,,,0.00,,,,,,,48.90,N,Not at Intersection,N,Non-Junction,None,,,         ,Johnny,Crumby Jr.,Rain,Front to Rear,no,no,no,no,no,False
100720712,METROPOLITAN NASHVILLE POLICE DEPT,20150038188,Davidson,Nashville,1/12/2015 8:30:00 AM,1,1,0,36.066240,-86.686350,I 24,,,,0.00,,,,,,,57.30,N,Not at Intersection,N,Non-Junction,None,,,         ,Brandon,Tennant,Rain,Not Collision with Motor Vehicle in Transport,no,no,no,no,no,False
100720719,METROPOLITAN NASHVILLE POLICE DEPT,20150028758,Davidson,Nashville,1/9/2015 7:38:00 AM,2,0,0,36.038420,-86.782590,I 65,,,,0.00,,,,,,,74.55,N,Not at Intersection,Y,Non-Junction,None,,,         ,Phillip,Murphy,Clear,Front to Rear,no,no,no,no,no,False
100720730,METROPOLITAN NASHVILLE POLICE DEPT,20150038286,Davidson,Nashville,1/12/2015 9:30:00 AM,1,1,0,36.121180,-86.727190,I 24,,,,0.00,,,,,,,52.85,N,Not at Intersection,N,Non-Junction,None,,,         ,Brandon,Tennant,Rain,Not Collision with Motor Vehicle in Transport,no,no,no,no,no,False
100720731,METROPOLITAN NASHVILLE POLICE DEPT,20150038216,Davidson,Nashville,1/12/2015 8:45:00 AM,1,3,0,36.103050,-86.666200,US HWY 41,,,,0.00,,,TOWN PARK DR,,,,0.00,Y,T-Intersection,N,Intersection-Related,None,,,         ,Randall,Combs,Rain,Not Collision with Motor Vehicle in Transport,no,no,no,no,no,False
100720740,METROPOLITAN NASHVILLE POLICE DEPT,20150033702,Davidson,Nashville,1/10/2015 9:55:00 AM,2,5,0,36.167560,-86.762210,S 5TH ST,,,,0.00,,,SHELBY AVE,,,,0.00,Y,Four-Way,N,Intersection,None,,,         ,Thomas,Burns,Clear,Angle,no,no,no,no,no,False
100720742,METROPOLITAN NASHVILLE POLICE DEPT,20150038281,Davidson,Nashville,1/12/2015 9:20:00 AM,1,0,0,36.119020,-86.726480,I 24,,,,0.00,,,,,,,53.00,N,Not at Intersection,N,Non-Junction,None,,,         ,Brian,Lamb,Rain,Not Collision with Motor Vehicle in Transport,no,no,no,no,no,False
100720744,METROPOLITAN NASHVILLE POLICE DEPT,20150038067,Davidson,Nashville,1/12/2015 7:15:00 AM,2,0,0,36.105870,-86.672240,US HWY 41,,,,262.00,Feet,East,STATE HWY 255,,,,0.00,N,Not at Intersection, ,,None,,,         ,James,Curtis,,,no,no,no,no,no,False
100720745,METROPOLITAN NASHVILLE POLICE DEPT,20150038105,Davidson,Nashville,1/12/2015 7:48:00 AM,3,1,0,36.107700,-86.676430,US HWY 41,,,,91.00,Feet,East,DELL PKWY,,,,0.00,N,Not at Intersection,N,Non-Junction,None,,,         ,James,Curtis,Rain,"Sideswipe, Same Direction",no,no,no,no,no,False
100720752,METROPOLITAN NASHVILLE POLICE DEPT,20150038133,Davidson,Nashville,1/12/2015 7:48:00 AM,2,0,0,36.118140,-86.703580,WINTHORNE DR,,,,150.00,Feet,North,MCDONALD DR,,,,0.00,N,Not at Intersection,N,Non-Junction,None,,,         ,Ian,Hammond,Rain,Front to Rear,no,no,no,no,no,False
100720753,METROPOLITAN NASHVILLE POLICE DEPT,2015-0038171,Davidson,Nashville,1/12/2015 10:02:00 AM,2,0,0,36.029670,-86.637400,I 24,,,,0.00,,,,,,,61.05,N,Not at Intersection, ,Non-Junction,None,,,         ,James,Thomas,Clear,Front to Rear,no,no,no,no,no,False
100720755,METROPOLITAN NASHVILLE POLICE DEPT,20150038335,Davidson,Nashville,1/12/2015 10:10:00 AM,2,0,0,36.181600,-86.796920,US HWY 41 ALT,,,,392.00,Feet,South,BUCHANAN ST,,,,0.00,N,Not at Intersection, ,Non-Junction,None,,,         ,Ky,Luu,Rain,Front to Rear,no,no,no,no,no,False
100720758,METROPOLITAN NASHVILLE POLICE DEPT,2015-0029750,Davidson,Nashville,1/12/2015 1:55:00 PM,2,0,0,36.191240,-86.733320,SCOTT AVE,,,,0.00,,,DOUGLAS AVE,,,,0.00,Y,Four-Way, ,Intersection,None,,,         ,Coleman,Womack,Clear,"Sideswipe, Same Direction",no,no,no,no,no,False
100720765,METROPOLITAN NASHVILLE POLICE DEPT,2015-0038321,Davidson,Nashville,1/12/2015 9:29:00 AM,2,0,0,36.234410,-86.785440,-- UNKNOWN RAMP/ROAD --,,,,0.00,Feet,East,I 24,,,,0.00,N,Not at Intersection, ,Non-Junction,None,,,         ,William,Caillouette,Rain,Front to Rear,no,no,no,no,no,False
100720766,METROPOLITAN NASHVILLE POLICE DEPT,20150038163,Davidson,Nashville,1/12/2015 7:55:00 AM,1,1,0,36.178180,-86.895970,COCKRILL BEND BLVD,,,,864.00,Feet,North,COCKRILL BEND CIR,,,,0.00,N,Not at Intersection,N,OtherLocation,None,,,         ,Daniel,Alford,Rain,Not Collision with Motor Vehicle in Transport,yes,no,no,yes,no,False
100720769,METROPOLITAN NASHVILLE POLICE DEPT,20150038127,Davidson,Nashville,1/12/2015 8:01:00 AM,2,0,0,36.065080,-86.755900,HOGAN RD,,,,392.00,Feet,North,ROCHELLE DR,,,,0.00,N,Not at Intersection, ,,None,,,         ,Gary,Sneed,,,no,no,no,no,no,False
100720773,METROPOLITAN NASHVILLE POLICE DEPT,2015-0038304,Davidson,Nashville,1/12/2015 9:27:00 AM,2,0,0,36.107150,-86.719550,I 24,,,,0.00,,,,,,,53.90,N,Not at Intersection, ,Non-Junction,None,,,         ,Brandon,O'Guin,Rain,Front to Rear,no,no,no,no,no,False
100720775,METROPOLITAN NASHVILLE POLICE DEPT,20150038388,Davidson,Nashville,1/12/2015 10:23:00 AM,2,0,0,36.152100,-86.772110,US HWY 41,,,,0.00,,,ASH ST,,,,0.00,Y,OTHER, ,,None,,,         ,Joshua,Hollins,,,no,no,no,no,no,False
100720781,METROPOLITAN NASHVILLE POLICE DEPT,15-038140,Davidson,Nashville,1/12/2015 8:06:00 AM,1,1,0,36.173580,-86.777190,OLDHAM ST,,,,518.00,Feet,West,COWAN ST,,,,0.00,N,Not at Intersection,N,OtherLocation,None,,,         ,Frank,Campbell,Rain,Not Collision with Motor Vehicle in Transport,no,no,no,yes,no,False
100720800,METROPOLITAN NASHVILLE POLICE DEPT,2015-0028869,Davidson,Nashville,1/9/2015 7:37:00 AM,2,0,0,36.187210,-86.770890,CLEVELAND ST,,,,0.00,,,N 2ND ST,,,,0.00,Y,Four-Way,N,Intersection,None,,,         ,Coleman,Womack,Cloudy,Angle,no,no,no,no,yes,False
100720802,METROPOLITAN NASHVILLE POLICE DEPT,2015-0038433,Davidson,Nashville,1/12/2015 9:00:00 AM,2,0,0,36.089520,-86.702880,I 24,,,,0.00,,,,,,,55.40,N,Not at Intersection,N,Non-Junction,None,,,         ,Stanley,Collins,Rain,Front to Rear,no,no,no,no,yes,False
100720814,METROPOLITAN NASHVILLE POLICE DEPT,20150038430,Davidson,Nashville,1/12/2015 11:30:00 AM,2,0,0,36.135750,-86.801000,ACKLEN AVE,,,,0.00,,,US HWY 431,,,,0.00,Y,Unknown, ,Non-Junction,None,,,         ,Paul,Joyner,Rain,Front to Rear,no,no,no,no,no,Campus
100720816,METROPOLITAN NASHVILLE POLICE DEPT,2015-038604,Davidson,Not in City Limit,1/12/2015 12:33:00 PM,1,0,0,36.064630,-86.994940,MCCRORY LN,,,,381.00,Feet,East,AVONDALE PARK DR,,,,0.00,N,Not at Intersection, ,,None,,,         ,Curtis,Rich,,,no,no,no,no,no,False
100720817,BELLE MEADE POLICE DEPT,15-0016,Davidson,Belle Meade,1/12/2015 8:28:00 AM,2,1,0,36.122320,-86.851300,US HWY 70S,,,,0.00,,,LYNNWOOD BLVD,,,,0.00,Y,Four-Way,N,Intersection,None,,,         ,Doris,Howell,Rain,Front to Rear,no,no,no,no,no,False
100720824,METROPOLITAN NASHVILLE POLICE DEPT,20150038594,Davidson,Nashville,1/12/2015 12:07:00 PM,1,0,0,36.041690,-86.782440,I 65,,,,0.00,,,,,,,74.80,N,Not at Intersection,N,Non-Junction,None,,,         ,Samuel,Ruth,Rain,Not Collision with Motor Vehicle in Transport,no,no,no,no,no,False
100720826,METROPOLITAN NASHVILLE POLICE DEPT,20150038572,Davidson,Nashville,1/12/2015 12:20:00 PM,2,0,0,36.042620,-86.782140,I 65,,,,0.00,,,,,,,74.85,N,Not at Intersection,N,Non-Junction,None,,,         ,Justin,Pinkelton,Rain,Front to Rear,no,no,no,no,no,False
100720830,METROPOLITAN NASHVILLE POLICE DEPT,20150038160,Davidson,Madison,1/12/2015 8:10:00 AM,2,0,0,36.271210,-86.692020,SCALF DR,,,,400.00,Feet,South,ANDERSON LN,,,,0.00,N,Not at Intersection,N,Non-Junction,None,,,         ,William,Estes,Rain,Angle,no,no,no,no,no,False
100720839,METROPOLITAN NASHVILLE POLICE DEPT,20150038371,Davidson,Nashville,1/12/2015 10:30:00 AM,2,3,0,36.178500,-86.749820,FORREST AVE,,,,0.00,,,N 11TH ST,,,,0.00,Y,Four-Way,N,Non-Junction,None,,,         ,Aaron,Wigginton,Rain,Angle,no,no,no,no,no,False
100720841,METROPOLITAN NASHVILLE POLICE DEPT,20150038654,Davidson,Nashville,1/12/2015 12:50:00 PM,2,0,0,36.112420,-86.768030,STATE HWY 155,,,,0.00,,,POWELL AVE,,,,0.00,Y,Four-Way, ,,None,,,         ,Gregory,Lindstrom,,,no,no,no,no,no,False
100720847,METROPOLITAN NASHVILLE POLICE DEPT,20150038111,Davidson,Nashville,1/12/2015 7:45:00 AM,3,2,0,36.178270,-86.604780,STATE HWY 45,,,,130.00,Feet,North,RAMP,,,,0.00,N,Not at Intersection,N,Entrance/Exit Ramp Related,None,,,         ,Gerald,Gomes,Rain,Front to Rear,no,no,no,no,no,False
100720853,METROPOLITAN NASHVILLE POLICE DEPT,2015-0038483,Davidson,Nashville,1/12/2015 11:23:00 AM,1,0,0,36.256300,-86.757900,DUE WEST AVE N,,,,0.00,,,US HWY 31W,,,,0.00,Y,T-Intersection, ,Intersection,None,,,         ,Jordan,Lowry,Rain,Not Collision with Motor Vehicle in Transport,no,no,no,no,no,False
100720862,METROPOLITAN NASHVILLE POLICE DEPT,20150038553,Davidson,Nashville,1/12/2015 11:55:00 AM,2,0,0,36.174380,-86.774200,OLDHAM ST,,,,0.00,,,N 1ST ST,,,,0.00,Y,Four-Way,N,Non-Junction,None,,,         ,Wesley,Henderson,Rain,"Sideswipe, Same Direction",no,no,no,no,no,False
100720865,VANDERBILT UNIVERSITY POLICE,15-0038434,Davidson,Nashville,1/12/2015 10:15:00 AM,2,0,0,36.110420,-86.765240,POWELL AVE,,,,0.00,,,,,,,0.00,,, ,,None,,,         ,Robert,Pasinger,,,no,no,no,yes,no,OHO
100720868,METROPOLITAN NASHVILLE POLICE DEPT,20150038701,Davidson,Nashville,1/12/2015 1:17:00 PM,2,0,0,36.042770,-86.782070,I 65,,,,0.00,,,,,,,74.85,N,Not at Intersection, ,Non-Junction,None,,,         ,Steven,Jones,Rain,Front to Rear,no,no,no,no,no,False
100720875,METROPOLITAN NASHVILLE POLICE DEPT,20150031894,Davidson,Nashville,1/9/2015 8:37:00 PM,2,1,0,36.195050,-86.743080,GALLATIN AVE,,,,0.00,,,CHESTER AVE,,,,0.00,Y,T-Intersection,N,Intersection,None,,,         ,Whitney,Arnold,Clear,Angle,no,no,no,no,no,False
100720876,METROPOLITAN NASHVILLE POLICE DEPT,20150034297,Davidson,Nashville,1/10/2015 3:54:00 PM,2,0,0,36.232300,-86.724800,INGLEWOOD DR,,,,0.00,,,GALLATIN PIKE,,,,0.00,Y,T-Intersection, ,Intersection-Related,None,,,         ,Whitney,Arnold,Clear,Angle,no,no,no,no,no,False
100720885,METROPOLITAN NASHVILLE POLICE DEPT,20150038307,Davidson,Nashville,1/12/2015 9:52:00 AM,2,1,0,36.181600,-86.796920,US HWY 41 ALT,,,,392.00,Feet,South,BUCHANAN ST,,,,0.00,N,Not at Intersection,N,Non-Junction,None,,,         ,Ky,Luu,Rain,Front to Rear,no,no,no,no,no,False
100720890,METROPOLITAN NASHVILLE POLICE DEPT,20150038886,Davidson,Nashville,1/12/2015 3:00:00 PM,2,0,0,36.143570,-86.816210,31ST AVE N,,,,0.00,,,HEDRICK ST,,,,0.00,Y,T-Intersection,N,Intersection-Related,None,,,         ,Tien,Nguyen,Rain,"Sideswipe, Same Direction",no,no,no,no,yes,Campus
100720895,METROPOLITAN NASHVILLE POLICE DEPT,2015-0038690,Davidson,Nashville,1/12/2015 1:11:00 PM,2,0,0,36.198280,-86.620330,STATE HWY 45,,,,0.00,,,US HWY 70,,,,0.00,Y,Four-Way, ,,,,,         ,Wesley,Young,,,no,no,no,no,no,False
100720901,METROPOLITAN NASHVILLE POLICE DEPT,2015-0038893,Davidson,Nashville,1/12/2015 2:45:00 PM,2,0,0,36.176900,-86.776130,COWAN ST,,,,0.00,,,SPRING ST,,,,0.00,Y,Four-Way, ,Non-Junction,None,,,         ,Ethan,Luffman,Rain,Front to Rear,no,no,no,no,no,False
100720905,METROPOLITAN NASHVILLE POLICE DEPT,20150038844,Davidson,Nashville,1/12/2015 2:20:00 PM,1,1,0,36.232920,-86.823440,STATE HWY 155,,,,531.00,Feet,East,BUENA VISTA PIKE,,,,0.00,N,Not at Intersection,N,Non-Junction,None,,,         ,Sharissa,Perez,Rain,Not Collision with Motor Vehicle in Transport,no,no,no,no,no,False
100720910,METROPOLITAN NASHVILLE POLICE DEPT,20150038953,Davidson,Nashville,1/12/2015 3:25:00 PM,2,1,0,36.032200,-86.758260,CLOVERLAND DR,,,,300.00,Feet,West,CLOVERLAND PARK DR,,,,0.00,N,Not at Intersection,N,Non-Junction,None,,,         ,Eric,Burford,Rain,Front to Rear,no,no,no,no,no,False
100720911,METROPOLITAN NASHVILLE POLICE DEPT,20150038684,Davidson,Nashville,1/12/2015 1:07:00 PM,2,0,0,36.062000,-86.716850,US HWY 31 ALT,,,,84.00,Feet,North,CONNECTING ROAD,,,,0.00,N,Not at Intersection,Y,Non-Junction,None,,,         ,Paul,Joyner,Rain,Angle,no,no,no,no,yes,False
100720916,METROPOLITAN NASHVILLE POLICE DEPT,20150038839,Davidson,Goodlettsville,1/12/2015 2:20:00 PM,3,1,0,36.285160,-86.728450,I 65,,,,0.00,,,,,,,93.80,N,Not at Intersection,N,Non-Junction,None,,,         ,Jessica,Ware,Rain,"Sideswipe, Same Direction",no,no,no,no,no,False
100720927,METROPOLITAN NASHVILLE POLICE DEPT,20150038897,Davidson,Antioch,1/12/2015 3:01:00 PM,1,0,0,36.005570,-86.640000,CANE RIDGE RD,,,,2307.00,Feet,North,OLD HICKORY BLVD,,,,0.00,N,Not at Intersection,N,Non-Junction,None,,,         ,Natalie,Robinson,Rain,Not Collision with Motor Vehicle in Transport,no,no,no,no,no,False
100720934,METROPOLITAN NASHVILLE POLICE DEPT,20150038845,Davidson,Antioch,1/12/2015 2:39:00 PM,2,2,0,36.047010,-86.588760,PIN HOOK RD,,,,391.00,Feet,East,PIN OAK CT,,,,0.00,N,Not at Intersection,N,Non-Junction,None,,,         ,Jessie,Meadows,Rain,Front to Rear,no,no,no,no,no,False
100720935,METROPOLITAN NASHVILLE POLICE DEPT,20150038923,Davidson,Nashville,1/12/2015 2:53:00 PM,2,0,0,36.071050,-86.723230,US HWY 31 ALT,,,,339.00,Feet,South,BASS AVE,,,,0.00,N,Not at Intersection, ,Non-Junction,None,,,         ,Lynsie,Smith,Rain,Front to Rear,no,no,no,no,no,False
100720938,METROPOLITAN NASHVILLE POLICE DEPT,2015-0038764,Davidson,Nashville,1/12/2015 1:41:00 PM,3,0,0,36.087510,-86.691970,STATE HWY 255,,,,70.00,Feet,East,ANTIOCH PIKE,,,,0.00,N,Not at Intersection, ,Non-Junction,None,,,         ,Brandon,O'Guin,Rain,Front to Rear,no,no,no,no,no,False
100720941,METROPOLITAN NASHVILLE POLICE DEPT,20150038859,Davidson,Nashville,1/12/2015 2:41:00 PM,2,1,0,36.121980,-86.760820,I 440,,,,0.00,,,,,,,5.75,N,Not at Intersection,N,Non-Junction,None,,,         ,Chaz,Pace,Rain,Angle,no,no,no,no,no,False
100720947,METROPOLITAN NASHVILLE POLICE DEPT,20150039084,Davidson,Nashville,1/12/2015 4:30:00 PM,2,0,0,36.137870,-86.820630,US HWY 70S,,,,0.00,,,-- UNKNOWN RAMP/ROAD --,,,,0.00,Y,Four-Way, ,Intersection-Related,None,,,         ,Tien,Nguyen,Rain,Front to Rear,no,no,no,no,no,False
100720948,METROPOLITAN NASHVILLE POLICE DEPT,20150038990,Davidson,Nashville,1/12/2015 3:49:00 PM,1,0,0,36.096640,-86.642160,SMITH SPRINGS RD,,,,349.00,Feet,West,UNA RECREATION RD,,,,0.00,N,Not at Intersection,N,Non-Junction,None,,,         ,Michael,Apsey,Rain,Not Collision with Motor Vehicle in Transport,no,no,no,no,no,False
100720949,METROPOLITAN NASHVILLE POLICE DEPT,20150039115,Davidson,Nashville,1/12/2015 4:36:00 PM,2,0,0,36.064760,-86.628450,HAMILTON CHURCH RD,,,,0.00,,,US HWY 41,,,,0.00,Y,Four-Way, ,Intersection-Related,None,,,         ,Kevin,Keating,Rain,Front to Rear,no,no,no,no,no,False
100720954,METROPOLITAN NASHVILLE POLICE DEPT,20150038989,Davidson,Nashville,1/12/2015 3:45:00 PM,1,0,0,36.144070,-86.696380,-- UNKNOWN RAMP/ROAD --,,,,0.00,Feet,East,I 40,,,,0.00,N,Not at Intersection,N,Entrance/Exit Ramp Related,None,,,         ,David,Abbott,Rain,Not Collision with Motor Vehicle in Transport,no,no,no,no,no,False
100720962,GOODLETTSVILLE POLICE DEPT,15-01436,Davidson,Goodlettsville,1/12/2015 4:38:00 PM,2,0,0,36.324440,-86.703470,STATE HWY 174,,,,17.00,Feet,East,INTERSTATE 65,,,,0.00,N,Not at Intersection,Y,Non-Junction,None,,,         ,Benny,Alexander,Cloudy,Front to Rear,no,no,no,no,no,False
100720964,METROPOLITAN NASHVILLE POLICE DEPT,20150039162,Davidson,Nashville,1/12/2015 4:49:00 PM,1,1,0,36.158760,-86.774150,MOLLOY ST,,,,0.00,,,3RD AVE S,,,,0.00,Y,Four-Way,N,Intersection-Related,None,,,         ,Blaze,Williams,Rain,Not Collision with Motor Vehicle in Transport,yes,no,no,no,no,False