master_record_number,agency,agency_tracking_number,county,city,collision_date,vehicles_involved,number_injured,number_dead,latitude,longitude,roadway_name,roadway_suffix,roadway_number,roadway_local_id,distance_from_reference,miles-feet_indicator,direction_from_reference,intersection_road_name,intersection_road_name_suffix,intersection_road_number,intersection_local_id,mile_marker,intersection_indicator,intersect_type,interchange_related_indicator,relation_to_junction,work_zone_type,construction_maintenance_zone,construction_maintenance_zone_location,fatal_case_number,officer_first_name,officer_last_name,weather_condition(s),manner_of_crash,pedestrian,bicycle,scooter,parking,hitrun,mou
100720973,METROPOLITAN NASHVILLE POLICE DEPT,20150039092,Davidson,Nashville,1/12/2015 4:15:00 PM,2,0,0,36.205850,-86.768570,E TRINITY LN,,,,0.00,,,US HWY 31W,,,,0.00,Y,Four-Way, ,Intersection-Related,None,,,         ,Terence,Maahs,Rain,Angle,no,no,no,no,no,False
100720974,METROPOLITAN NASHVILLE POLICE DEPT,2015-0039017,Davidson,Nashville,1/12/2015 3:55:00 PM,2,0,0,36.100340,-86.718370,ANTIOCH PIKE,,,,0.00,Feet,North,BRIDGEWAY DR,,,,0.00,N,Not at Intersection, ,"Driveway, Alley Access, etc",None,,,         ,Brandon,O'Guin,Rain,Angle,no,no,no,no,no,False
100720980,METROPOLITAN NASHVILLE POLICE DEPT,20150039143,Davidson,Not in City Limit,1/12/2015 4:56:00 PM,1,0,0,36.003300,-86.670620,PETTUS RD,,,,2182.00,Feet,South,ORCHARD LN,,,,0.00,N,Not at Intersection,N,Non-Junction,None,,,         ,Jessie,Meadows,Rain,Not Collision with Motor Vehicle in Transport,no,no,no,no,no,False
100720981,METROPOLITAN NASHVILLE POLICE DEPT,2015039155,Davidson,Nashville,1/12/2015 4:50:00 PM,2,0,0,36.157900,-86.772600,GATEWAY BLVD,,,,0.00,,,2ND AVE S,,,,0.00,Y,Four-Way, ,,None,,,         ,Aaron,Thomas,,,no,no,no,no,no,False
100720983,METROPOLITAN NASHVILLE POLICE DEPT,20150039026,Davidson,Goodlettsville,1/12/2015 3:58:00 PM,2,0,0,36.291560,-86.721310,I 65,,,,0.00,,,,,,,94.35,N,Not at Intersection, ,Non-Junction,None,,,         ,Ryan,Stanford,Rain,Front to Rear,no,no,no,no,no,False
100720986,METROPOLITAN NASHVILLE POLICE DEPT,20150032266,Davidson,Nashville,1/9/2015 10:15:00 PM,1,1,0,36.151340,-86.861780,I 40,,,,0.00,,,,,,,203.75,N,Not at Intersection,N,Non-Junction,None,,,         ,Michael,Hunnicutt,Clear,Not Collision with Motor Vehicle in Transport,no,no,no,no,no,False
100720991,METROPOLITAN NASHVILLE POLICE DEPT,20150039095,Davidson,Nashville,1/12/2015 4:01:00 PM,2,0,0,36.125850,-86.794030,BELMONT BLVD,,,,0.00,,,BEECHWOOD AVE,,,,0.00,Y,T-Intersection,N,Intersection-Related,None,,,         ,Austin,Kendrick,Rain,Front to Rear,no,no,no,no,no,False
100720992,METROPOLITAN NASHVILLE POLICE DEPT,2015-0038988,Davidson,Nashville,1/12/2015 2:00:00 PM,2,0,0,36.254670,-86.729010,BARBARA DR,,,,0.00,,,SAUNDERS AVE,,,,0.00,Y,Four-Way,N,Non-Junction,None,,,         ,Sandra,Talavera,Rain,Angle,no,no,no,no,no,False
100720997,METROPOLITAN NASHVILLE POLICE DEPT,20150039170,Davidson,Nashville,1/12/2015 4:51:00 PM,2,2,0,36.188180,-86.793980,I 65,,,,0.00,,,,,,,85.50,N,Not at Intersection,N,Non-Junction,None,,,         ,Ethan,Luffman,Rain,Front to Rear,no,no,no,no,no,False
100720998,METROPOLITAN NASHVILLE POLICE DEPT,20150039286,Davidson,Nashville,1/12/2015 4:22:00 PM,2,0,0,36.113820,-86.809200,BOENSCH DR,,,,0.00,,,GOLF CLUB LN,,,,0.00,Y,T-Intersection, ,Intersection-Related,None,,,         ,Tien,Nguyen,Clear,Front to Rear,no,no,no,no,no,False
100720999,METROPOLITAN NASHVILLE POLICE DEPT,20140039216,Davidson,Not in City Limit,1/12/2015 5:00:00 PM,2,1,0,36.049320,-86.599990,PIN HOOK RD,,,,0.00,,,STATE HWY 171,,,,0.00,Y,Four-Way,N,Intersection-Related,None,,,         ,Kevin,Keating,Rain,Front to Rear,no,no,no,no,no,False
100721002,METROPOLITAN NASHVILLE POLICE DEPT,20150039135,Davidson,Nashville,1/12/2015 4:40:00 PM,2,1,0,36.125860,-86.752590,GLENROSE AVE,,,,0.00,Feet,,US HWY 31 ALT,,,,0.00,Y,T-Intersection,N,Intersection,None,,,         ,Nicholas,Smith,Rain,Front to Rear,no,no,no,no,no,False
100721005,METROPOLITAN NASHVILLE POLICE DEPT,20150039223,Davidson,Nashville,1/12/2015 5:08:00 PM,2,1,0,36.239290,-86.757510,US HWY 31W,,,,243.00,Feet,North,-- UNKNOWN RAMP/ROAD --,,,,0.00,N,Not at Intersection,N,Non-Junction,None,,,         ,Broderick,Jones,Rain,Front to Rear,no,no,no,no,no,False
100721006,METROPOLITAN NASHVILLE POLICE DEPT,20150039120,Davidson,Nashville,1/12/2015 4:30:00 PM,2,1,0,36.079170,-86.727540,STATE HWY 255,,,,300.00,Feet,West,US HWY 31 ALT,,,,0.00,N,Not at Intersection,N,Non-Junction,None,,,         ,Peter,Knisley,Rain,Front to Rear,no,no,no,no,no,False
100721009,METROPOLITAN NASHVILLE POLICE DEPT,20150039220,Davidson,Nashville,1/12/2015 2:45:00 PM,1,0,0,36.174000,-86.576480,STATE HWY 265,,,,0.00,,,,,,,0.00,,,N,Non-Junction,None,,,         ,David,Stanley,Rain,Not Collision with Motor Vehicle in Transport,no,no,no,no,no,False
100721010,METROPOLITAN NASHVILLE POLICE DEPT,20150039161,Davidson,Nashville,1/12/2015 4:50:00 PM,2,0,0,36.089590,-86.650290,US HWY 41,,,,205.00,Feet,North,RANSOM PL,,,,0.00,N,Not at Intersection,N,Non-Junction,None,,,         ,Thomas,Barnes,Rain,Front to Rear,no,no,no,no,no,False
100721016,METROPOLITAN NASHVILLE POLICE DEPT,20150039263,Davidson,Nashville,1/12/2015 5:30:00 PM,2,0,0,36.157980,-86.800280,RAMP,,,,0.00,,,US HWY 70,,,,0.00,Y,Four-Way, ,Intersection,None,,,         ,Zachary,Ronan,Clear,Front to Rear,no,no,no,no,no,False
100721017,METROPOLITAN NASHVILLE POLICE DEPT,20150039262,Davidson,Nashville,1/12/2015 5:20:00 PM,2,0,0,36.169280,-86.605660,I 40,,,,0.00,,,,,,,220.60,N,Not at Intersection, ,Non-Junction,None,,,         ,James,DeSantis,Rain,Front to Rear,no,no,no,no,no,False
100721020,METROPOLITAN NASHVILLE POLICE DEPT,20150039407,Davidson,Nashville,1/12/2015 5:37:00 PM,2,0,0,36.153710,-86.721330,US HWY 70,,,,60.00,Feet,East,SPENCE LN,,,,0.00,N,Not at Intersection, ,Non-Junction,None,,,         ,Leslie,Hale,Cloudy,Front to Rear,no,no,no,no,no,False
100721021,METROPOLITAN NASHVILLE POLICE DEPT,20150039364,Davidson,Nashville,1/12/2015 6:05:00 PM,2,0,0,36.136300,-86.876710,FLEETWOOD DR,,,,47.00,Feet,North,HILLWOOD BLVD,,,,0.00,N,Not at Intersection,N,OtherLocation,None,,,         ,Brandon,Rardin,Cloudy,Angle,no,no,no,no,no,False
100721023,METROPOLITAN NASHVILLE POLICE DEPT,20150039390,Davidson,Not in City Limit,1/12/2015 6:32:00 PM,2,0,0,36.008720,-86.626050,OCTOBER WOODS DR,,,,46.00,Feet,East,COLO CV,,,,0.00,N,Not at Intersection, ,Non-Junction,None,,,         ,Jessie,Meadows,Rain,"Sideswipe, Same Direction",no,no,no,no,no,False
100721027,METROPOLITAN NASHVILLE POLICE DEPT,20150039210,Davidson,Nashville,1/12/2015 3:00:00 PM,2,0,0,36.132940,-86.759300,CRAIGHEAD ST,,,,0.00,,,RAMP,,,,0.00,Y,T-Intersection, ,Non-Junction,None,,,         ,Chaz,Pace,Rain,Front to Rear,no,no,no,no,no,False
100721033,METROPOLITAN NASHVILLE POLICE DEPT,20150039206,Davidson,Nashville,1/12/2015 5:01:00 PM,2,0,0,36.045460,-86.703770,STATE HWY 254,,,,50.00,Feet,West,EULALA DR,,,,0.00,N,Not at Intersection, ,Non-Junction,None,,,         ,Joseph,Progar,Rain,Front to Rear,no,no,no,no,yes,False
100721039,METROPOLITAN NASHVILLE POLICE DEPT,20150039449,Davidson,Nashville,1/12/2015 5:13:00 PM,2,0,0,36.226200,-86.602220,SAUNDERSVILLE RD,,,,287.00,Feet,East,SHUTE LN,,,,0.00,N,Not at Intersection, ,Non-Junction,None,,,         ,Michael,Apsey,Rain,Front to Rear,no,no,no,no,no,False
100721041,METROPOLITAN NASHVILLE POLICE DEPT,20150039461,Davidson,Nashville,1/12/2015 6:06:00 PM,2,0,0,36.113440,-86.772400,I 65,,,,0.00,,,,,,,80.00,N,Not at Intersection,N,Non-Junction,None,,,         ,Nicholas,Smith,Rain,Front to Rear,no,no,no,no,yes,False
100721046,METROPOLITAN NASHVILLE POLICE DEPT,20150039324,Davidson,Nashville,1/12/2015 5:15:00 PM,2,0,0,36.115990,-86.794370,I 440,,,,0.00,,,,,,,3.75,N,Not at Intersection,N,Non-Junction,None,,,         ,William,Taylor,Cloudy,Front to Rear,no,no,no,no,no,False
100721050,METROPOLITAN NASHVILLE POLICE DEPT,20150039481,Davidson,Nashville,1/12/2015 6:35:00 PM,2,0,0,36.129480,-86.903300,DAVIDSON DR,,,,0.00,,,US HWY 70,,,,0.00,Y,T-Intersection, ,Intersection,None,,,         ,Alex,Lampley,Clear,Angle,no,no,no,no,no,False
100721051,METROPOLITAN NASHVILLE POLICE DEPT,20150039399,Davidson,Nashville,1/12/2015 5:38:00 PM,2,0,0,36.084860,-86.727970,PARAGON MILLS RD,,,,0.00,,,,,,,0.00,,, ,,,,,         ,Daniel,Cayton,,,no,no,no,no,no,False
100721052,METROPOLITAN NASHVILLE POLICE DEPT,20150039419,Davidson,Not in City Limit,1/12/2015 5:37:00 PM,2,0,0,36.068150,-86.949330,GENERAL GEORGE PATTON RD,,,,0.00,,,SAWYER BROWN RD,,,,0.00,Y,Four-Way, ,Intersection,None,,,         ,Adam,Reese,Cloudy,Front to Rear,no,no,no,no,no,False
100721053,METROPOLITAN NASHVILLE POLICE DEPT,20150039348,Davidson,Nashville,1/12/2015 6:32:00 PM,2,0,0,36.082340,-86.746020,ELAINE DR,,,,399.00,Feet,West,DANBY DR,,,,0.00,N,Not at Intersection, ,Non-Junction,None,,,         ,Eric,Burford,Rain,"Sideswipe, Same Direction",no,no,no,no,no,False
100721056,METROPOLITAN NASHVILLE POLICE DEPT,20150039277,Davidson,Nashville,1/12/2015 5:35:00 PM,2,1,0,36.184960,-86.776870,COWAN CT,,,,0.00,,,COWAN ST,,,,0.00,Y,T-Intersection,N,Non-Junction,None,,,         ,Seth,Oden,Rain,Angle,no,no,no,no,no,False
100721065,METROPOLITAN NASHVILLE POLICE DEPT,20150039444,Davidson,Nashville,1/12/2015 6:30:00 PM,1,1,0,36.157310,-86.708010,US HWY 70,,,,282.00,Feet,West,OMOHUNDRO DR,,,,0.00,N,Not at Intersection,N,Non-Junction,None,,,         ,John,Kelley,Cloudy,Not Collision with Motor Vehicle in Transport,no,no,no,no,no,False
100721066,METROPOLITAN NASHVILLE POLICE DEPT,20150039463,Davidson,Nashville,1/12/2015 7:21:00 PM,2,1,0,36.122790,-86.727820,-- UNKNOWN RAMP/ROAD --,,,,0.00,Feet,East,I 24,,,,0.00,N,Not at Intersection,N,Non-Junction,None,,,         ,Jessie,Meadows,Rain,Front to Rear,no,no,no,no,no,False
100721068,METROPOLITAN NASHVILLE POLICE DEPT,20150039372,Davidson,Nashville,1/12/2015 5:59:00 PM,2,0,0,36.138330,-86.808160,BLAKEMORE AVE,,,,70.00,Feet,West,26TH AVE S,,,,0.00,N,Not at Intersection,N,Non-Junction,None,,,         ,Austin,Kendrick,Cloudy,Front to Rear,no,no,no,no,no,Campus
100721080,METROPOLITAN NASHVILLE POLICE DEPT,20150039562,Davidson,Nashville,1/12/2015 7:35:00 PM,2,0,0,36.026090,-86.680270,OLD HICKORY BLVD,,,,324.00,Feet,South,PETTUS RD,,,,0.00,N,Not at Intersection,N,Non-Junction,None,,,         ,Kevin,Keating,Cloudy,Angle,no,no,no,no,no,False
100721087,METROPOLITAN NASHVILLE POLICE DEPT,20150039360,Davidson,Nashville,1/12/2015 7:40:00 PM,2,0,0,36.237380,-86.757920,US HWY 31W,,,,0.00,,,-- UNKNOWN RAMP/ROAD --,,,,0.00,Y,OTHER, ,Intersection-Related,None,,,         ,Robert,Croteau,Rain,Front to Rear,no,no,no,no,no,False
100721092,METROPOLITAN NASHVILLE POLICE DEPT,2015-0039518,Davidson,Nashville,1/12/2015 7:00:00 PM,2,0,0,36.113970,-86.810880,STATE HWY 155,,,,0.00,,,US HWY 431,,,,0.00,Y,Four-Way, ,Non-Junction,None,,,         ,Christopher,Clark,Rain,Front to Rear,no,no,no,no,no,False
100721094,METROPOLITAN NASHVILLE POLICE DEPT,20150039065,Davidson,Nashville,1/12/2015 4:13:00 PM,4,0,0,36.074450,-86.746280,BLACKMAN RD,,,,100.00,Feet,West,DANBY DR,,,,0.00,N,Not at Intersection, ,Non-Junction,None,,,         ,Miguel,Garcia,Rain,Front to Rear,no,no,no,no,no,False
100721095,METROPOLITAN NASHVILLE POLICE DEPT,20150039292,Davidson,Nashville,1/12/2015 5:42:00 PM,2,0,0,36.081090,-86.755700,STATE HWY 255,,,,93.00,Feet,West,TIMBERHILL DR,,,,0.00,N,Not at Intersection, ,Non-Junction,None,,,         ,Miguel,Garcia,Rain,"Sideswipe, Same Direction",no,no,no,no,yes,False
100721096,METROPOLITAN NASHVILLE POLICE DEPT,20150039713,Davidson,Nashville,1/12/2015 8:08:00 PM,1,0,0,36.243390,-86.821800,US HWY 431,,,,1628.00,Feet,East,SOLNESS AVE,,,,0.00,N,Not at Intersection, ,Non-Junction,None,,,         ,Sharissa,Perez,Cloudy,Not Collision with Motor Vehicle in Transport,no,no,no,no,no,False
100721097,GOODLETTSVILLE POLICE DEPT,15-01440,Davidson,Goodlettsville,1/12/2015 5:45:00 PM,2,0,0,36.293080,-86.719390,I 65,,,,0.00,,,,,,,94.50,N,Not at Intersection, ,Non-Junction,None,,,         ,David,Read,Clear,"Sideswipe, Same Direction",no,no,no,no,no,False
100721100,METROPOLITAN NASHVILLE POLICE DEPT,20150039612,Davidson,Nashville,1/12/2015 7:56:00 PM,1,1,0,36.143350,-86.810480,28TH AVE S,,,,32.00,Feet,North,VANDERBILT PL,,,,0.00,N,Not at Intersection,N,Non-Junction,None,,,         ,Austin,Kendrick,Cloudy,Not Collision with Motor Vehicle in Transport,yes,no,no,no,no,Campus
100721111,METROPOLITAN NASHVILLE POLICE DEPT,20150039304,Davidson,Nashville,1/12/2015 6:55:00 PM,2,0,0,36.152310,-86.624300,BELL RD,,,,196.00,Feet,East,STEWARTS FERRY PIKE,,,,0.00,N,Not at Intersection, ,Non-Junction,None,,,         ,David,Abbott,Cloudy,Angle,no,no,no,no,no,False
100721114,METROPOLITAN NASHVILLE POLICE DEPT,20150017670,Davidson,Nashville,1/6/2015 4:25:00 PM,5,1,0,36.128470,-86.842150,US HWY 70S,,,,604.00,Feet,East,BRIXWORTH LN,,,,0.00,N,Not at Intersection,N,Non-Junction,None,,,         ,Torian,Cox,Clear,Front to Rear,no,no,no,no,yes,False
100721120,METROPOLITAN NASHVILLE POLICE DEPT,20150039692,Davidson,Antioch,1/12/2015 8:53:00 PM,2,0,0,36.016710,-86.618620,FIRESTONE PKWY,,,,370.00,Feet,East,STATE HWY 171,,,,0.00,N,Not at Intersection, ,,,,,         ,Jessie,Meadows,,,no,no,no,no,no,False
100721121,METROPOLITAN NASHVILLE POLICE DEPT,20150039802,Davidson,Antioch,1/12/2015 9:30:00 PM,1,0,0,36.053790,-86.572770,LAVERGNE COUCHVILLE PIKE,,,,51.00,Feet,South,HAMILTON CHURCH RD,,,,0.00,N,Not at Intersection,N,Non-Junction,None,,,         ,Jessie,Meadows,Rain,Not Collision with Motor Vehicle in Transport,no,no,no,no,no,False
100721122,THP District 3 - Nashville,315002328,Davidson,Nashville,1/12/2015 2:07:00 PM,2,0,0,36.075000,-86.920950,STATE HWY 251,,,,194.00,Feet,North,US HWY 70S,,,,0.00,N,Not at Intersection, ,Non-Junction,None,,,         ,J.D.,Blackwell,Rain,Front to Rear,no,no,no,yes,no,False
100721137,METROPOLITAN NASHVILLE POLICE DEPT,20150039853,Davidson,Nashville,1/12/2015 9:10:00 PM,2,0,0,36.034420,-86.743550,FRONTIER LN,,,,0.00,,,EDMONDSON PIKE,,,,0.00,Y,Four-Way,N,Intersection,None,,,         ,Peter,Knisley,Rain,Angle,no,no,no,no,no,False
100721140,METROPOLITAN NASHVILLE POLICE DEPT,20150034820,Davidson,Nashville,1/10/2015 6:41:00 PM,2,0,0,36.175750,-86.750700,RUSSELL ST,,,,170.00,Feet,West,S 11TH ST,,,,0.00,N,Not at Intersection,N,Non-Junction,None,,,         ,Michael,Wilson,Clear,"Sideswipe, Same Direction",no,no,no,no,yes,False
100721152,METROPOLITAN NASHVILLE POLICE DEPT,20150040044,Davidson,Nashville,1/12/2015 10:31:00 PM,1,0,0,36.149530,-86.860510,US HWY 70,,,,175.00,Feet,West,OCEOLA AVE,,,,0.00,N,Not at Intersection, ,Non-Junction,None,,,         ,Anthony,Cavis,Clear,Not Collision with Motor Vehicle in Transport,no,no,no,no,no,False
100721160,METROPOLITAN NASHVILLE POLICE DEPT,20150040327,Davidson,Nashville,1/13/2015 12:30:00 AM,2,0,0,36.177610,-86.750140,CLEARVIEW AVE,,,,65.00,Feet,West,WOODLAND ST,,,,0.00,N,Not at Intersection, ,Non-Junction,None,,,         ,Steven,Wiser,Rain,Angle,no,no,no,yes,no,False
100721162,METROPOLITAN NASHVILLE POLICE DEPT,20150039557,Davidson,Nashville,1/12/2015 7:20:00 PM,2,1,0,36.042990,-86.842320,STATE HWY 254,,,,0.00,,,KINGSBURY DR,,,,0.00,Y,Four-Way,N,Intersection,None,,,         ,Eric,Burford,Rain,Angle,no,no,no,no,yes,False
100721165,METROPOLITAN NASHVILLE POLICE DEPT,2015-0040107,Davidson,Nashville,1/12/2015 11:21:00 PM,2,0,0,36.044600,-86.658860,-- UNKNOWN RAMP/ROAD --,,,,0.00,,,I 24,,,,0.00,Y,Y-Intersection, ,Entrance/Exit Ramp Related,None,,,         ,Eric,Dandy,Clear,Angle,no,no,no,no,no,False
100721170,METROPOLITAN NASHVILLE POLICE DEPT,2015-0040378,Davidson,Nashville,1/13/2015 1:00:00 AM,2,0,0,36.203580,-86.738480,GALLATIN PIKE,,,,0.00,,,E TRINITY LN,,,,0.00,Y,T-Intersection, ,Intersection,None,,,         ,Thomas,Miller,Clear,Angle,no,no,no,no,no,False
100721191,METROPOLITAN NASHVILLE POLICE DEPT,20150035815,Davidson,Nashville,1/10/2015 11:54:00 PM,4,0,0,0.000000,0.000000,,,I1,,1.00,Feet,South,,,,,93.40,N,Not at Intersection,N,Non-Junction,None,,,         ,Kenneth,Thomas,Clear,"Sideswipe, Same Direction",no,no,no,no,no,False
100721192,METROPOLITAN NASHVILLE POLICE DEPT,2015-0040974,Davidson,Nashville,1/13/2015 5:00:00 AM,2,0,0,36.156900,-86.780800,US HWY 31,,,,0.00,,,DEMONBREUN ST,,,,0.00,Y,Four-Way,N,Intersection,None,,,         ,Michael,Willis Jr.,Clear,Angle,no,no,no,no,yes,False
100721198,METROPOLITAN NASHVILLE POLICE DEPT,2015-038286,Davidson,Nashville,1/12/2015 9:42:00 AM,2,0,0,36.129830,-86.727450,EXIT 53,,,,0.00,,,I 24,,,,0.00,Y,Y-Intersection,N,Non-Junction,None,,,         ,James,Grady,Rain,Front to Rear,no,no,no,no,no,False
100721211,METROPOLITAN NASHVILLE POLICE DEPT,20150033512,Davidson,Old Hickory,1/10/2015 12:00:00 AM,1,0,0,36.267990,-86.668560,BRIDGEWAY AVE,,,,52.00,Feet,North,RAMP,,,,0.00,N,Not at Intersection,N,Non-Junction,None,,,         ,William,Walls,Clear,Not Collision with Motor Vehicle in Transport,no,no,no,no,yes,False
100721215,METROPOLITAN NASHVILLE POLICE DEPT,20150029508,Davidson,Nashville,1/9/2015 12:36:00 PM,5,2,0,36.086600,-86.771960,STATE HWY 255,,,,0.00,Feet,,US HWY 31,,,,0.00,Y,Four-Way,N,Intersection,None,,,         ,Nathan,Kemp,Clear,Angle,no,no,no,no,no,False
100721222,METROPOLITAN NASHVILLE POLICE DEPT,2015-0041095,Davidson,Nashville,1/13/2015 6:04:00 AM,1,1,0,36.129930,-86.838900,US HWY 70S,,,,211.00,Feet,East,ENSWORTH AVE,,,,0.00,N,Not at Intersection,N,Non-Junction,None,,,         ,Robert,Buckman,Clear,Not Collision with Motor Vehicle in Transport,no,no,no,no,no,False
100721225,METROPOLITAN NASHVILLE POLICE DEPT,20150041090,Davidson,Nashville,1/13/2015 6:05:00 AM,1,0,0,36.117690,-86.770840,-- UNKNOWN RAMP/ROAD --,,,,0.00,,,I 440,,,,0.00,Y,Unknown,N,Non-Junction,None,,,         ,John,Riddle,Clear,Not Collision with Motor Vehicle in Transport,no,no,no,no,no,False
100721226,METROPOLITAN NASHVILLE POLICE DEPT,2015-0040833,Davidson,Nashville,1/13/2015 4:00:00 AM,1,0,0,36.166190,-86.588590,LAKE PKWY,,,,0.00,,,PORT JAMAICA DR,,,,0.00,Y,T-Intersection,N,Intersection,None,,,         ,Blake,Giles,Clear,Not Collision with Motor Vehicle in Transport,no,no,no,no,no,False
100721233,METROPOLITAN NASHVILLE POLICE DEPT,20150041188,Davidson,Nashville,1/13/2015 7:01:00 AM,2,0,0,36.157210,-86.774680,4TH AVE S,,,,0.00,,,GATEWAY BLVD,,,,0.00,Y,Four-Way, ,,None,,,         ,Alex,Moore,,,no,no,no,no,no,False
100721234,METROPOLITAN NASHVILLE POLICE DEPT,20150041252,Davidson,Nashville,1/13/2015 7:30:00 AM,2,0,0,36.095010,-86.825820,US HWY 431,,,,227.00,Feet,South,JEFFERSON SQ,,,,0.00,N,Not at Intersection,N,Non-Junction,None,,,         ,Nathan,Kemp,Clear,Front to Rear,no,no,no,no,no,False
100721238,METROPOLITAN NASHVILLE POLICE DEPT,2015-0041255,Davidson,Nashville,1/13/2015 7:30:00 AM,2,0,0,36.060280,-86.917620,STATE HWY 100,,,,0.00,,,HARPETH BEND DR,,,,0.00,Y,T-Intersection,N,Intersection,None,,,         ,Curtis,Rich,Cloudy,Angle,no,no,no,no,no,False
100721239,METROPOLITAN NASHVILLE POLICE DEPT,2015041166,Davidson,Nashville,1/13/2015 5:40:00 AM,2,0,0,36.206800,-86.781380,US HWY 431,,,,772.00,Feet,East,MONTICELLO DR,,,,0.00,N,Not at Intersection,N,Unknown,Construction Zone,Unknown,Unknown,         ,Alan,Jordan,Cloudy,Not Collision with Motor Vehicle in Transport,no,no,no,no,yes,False
100721244,METROPOLITAN NASHVILLE POLICE DEPT,20150038767,Davidson,Nashville,1/12/2015 1:44:00 PM,1,1,0,36.241010,-86.750070,-- UNKNOWN RAMP/ROAD --,,,,0.00,,,I 65,,,,0.00,Y,OTHER,Y,Entrance/Exit Ramp Related,None,,,         ,William,Estes,Rain,Not Collision with Motor Vehicle in Transport,no,no,no,no,no,False
100721251,METROPOLITAN NASHVILLE POLICE DEPT,20150041099,Davidson,Nashville,1/13/2015 6:06:00 AM,2,0,0,36.153020,-86.857730,WHITE BRIDGE PK,,,,0.00,,East,I 40,,,,0.00,N,Not at Intersection, ,Entrance/Exit Ramp Related,None,,,         ,Steven,Popp,Cloudy,Angle,no,no,no,no,no,False
100721254,METROPOLITAN NASHVILLE POLICE DEPT,20150041161,Davidson,Nashville,1/13/2015 6:46:00 AM,2,0,0,36.140160,-86.700290,STATE HWY 155,,,,230.00,Feet,North,KAREN DR,,,,0.00,N,Not at Intersection,N,Non-Junction,None,,,         ,James,Curtis,Cloudy,Front to Rear,no,no,no,no,no,False
100721255,METROPOLITAN NASHVILLE POLICE DEPT,20150041233,Davidson,Nashville,1/13/2015 7:27:00 AM,2,1,0,36.187950,-86.607710,ANDREW JACKSON PKWY,,,,0.00,,,OLD LEBANON DIRT RD,,,,0.00,Y,Four-Way,N,Intersection,None,,,         ,Rachael,Black,Cloudy,Front to Rear,no,no,no,no,no,False
100721256,METROPOLITAN NASHVILLE POLICE DEPT,2015-0041184,Davidson,Nashville,1/13/2015 6:30:00 AM,2,0,0,36.035670,-86.644090,I 24,,,,0.00,,,,,,,60.45,N,Not at Intersection,N,Non-Junction,None,,,         ,James,Thomas,Cloudy,"Sideswipe, Same Direction",no,no,no,no,no,False
100721259,METROPOLITAN NASHVILLE POLICE DEPT,20150041436,Davidson,Nashville,1/13/2015 8:24:00 AM,2,0,0,36.143780,-86.814080,US HWY 70S,,,,50.00,Feet,North,30TH AVE N,,,,0.00,N,Not at Intersection, ,Non-Junction,None,,,         ,Nathan,Kemp,Clear,Angle,no,no,no,no,no,Campus
100721262,METROPOLITAN NASHVILLE POLICE DEPT,20150041292,Davidson,Nashville,1/13/2015 7:50:00 AM,2,0,0,36.078600,-86.745210,STATE HWY 255,,,,0.00,,,DANBY DR,,,,0.00,Y,Four-Way, ,Intersection,None,,,         ,Darrell,Osment,Cloudy,Front to Rear,no,no,no,no,no,False
100721268,METROPOLITAN NASHVILLE POLICE DEPT,20150041335,Davidson,Nashville,1/13/2015 7:58:00 AM,2,0,0,36.082870,-86.763620,I 65,,,,0.00,,,,,,,77.85,N,Not at Intersection, ,Non-Junction,None,,,         ,Justin,Pinkelton,Cloudy,Front to Rear,no,no,no,no,no,False
100721273,METROPOLITAN NASHVILLE POLICE DEPT,20150038800,Davidson,Nashville,1/12/2015 1:55:00 PM,3,0,0,36.067590,-86.718570,US HWY 31 ALT,,,,269.00,Feet,South,HAYWOOD LN,,,,0.00,N,Not at Intersection,N,Non-Junction,None,,,         ,Samuel,Ruth,Cloudy,Front to Rear,no,no,no,no,no,False
100721292,METROPOLITAN NASHVILLE POLICE DEPT,20150041558,Davidson,Nashville,1/13/2015 9:14:00 AM,2,1,0,36.208750,-86.839500,US HWY 41 ALT,,,,158.00,Feet,North,W HAMILTON RD,,,,0.00,N,Not at Intersection,N,Non-Junction,None,,,         ,Michael,Parman,Cloudy,Front to Rear,no,no,no,no,no,False
100721297,METROPOLITAN NASHVILLE POLICE DEPT,20150041601,Davidson,Nashville,1/13/2015 9:23:00 AM,2,1,0,36.173850,-86.750390,S 11TH ST,,,,106.00,Feet,South,FATHERLAND ST,,,,0.00,N,Not at Intersection,N,Non-Junction,None,,,         ,Jared,Eaves,Clear,Front to Rear,no,no,no,no,no,False
100721298,METROPOLITAN NASHVILLE POLICE DEPT,20150036832,Davidson,Nashville,1/11/2015 12:50:00 PM,2,0,0,36.036600,-86.713310,US HWY 31 ALT,,,,376.00,Feet,North,BRENTWOOD HIGHLANDS DR,,,,0.00,N,Not at Intersection,N,Non-Junction,None,,,         ,Kevin,Caperton,Rain,Front to Rear,no,no,no,no,no,False
100721299,METROPOLITAN NASHVILLE POLICE DEPT,20150041620,Davidson,Nashville,1/13/2015 9:32:00 AM,2,0,0,36.149300,-86.783440,I 40,,,,0.00,,,,,,,209.65,N,Not at Intersection, ,,None,,,         ,Phillip,Murphy,,,no,no,no,no,no,False
100721303,METROPOLITAN NASHVILLE POLICE DEPT,2015-41287,Davidson,Nashville,1/13/2015 7:40:00 AM,3,0,0,36.174180,-86.594810,TULIP GROVE RD,,,,607.00,Feet,South,ROCKWOOD DR,,,,0.00,N,Not at Intersection, ,Non-Junction,None,,,         ,Michael,Baker,Cloudy,Front to Rear,no,no,no,no,yes,False