master_record_number,agency,agency_tracking_number,county,city,collision_date,vehicles_involved,number_injured,number_dead,latitude,longitude,roadway_name,roadway_suffix,roadway_number,roadway_local_id,distance_from_reference,miles-feet_indicator,direction_from_reference,intersection_road_name,intersection_road_name_suffix,intersection_road_number,intersection_local_id,mile_marker,intersection_indicator,intersect_type,interchange_related_indicator,relation_to_junction,work_zone_type,construction_maintenance_zone,construction_maintenance_zone_location,fatal_case_number,officer_first_name,officer_last_name,weather_condition(s),manner_of_crash,pedestrian,bicycle,scooter,parking,hitrun,mou
100722588,METROPOLITAN NASHVILLE POLICE DEPT,20150051708,Davidson,Nashville,1/15/2015 6:03:00 PM,2,0,0,36.121780,-86.727390,-- UNKNOWN RAMP/ROAD --,,,,0.00,Feet,East,I 24,,,,0.00,N,Not at Intersection, ,Non-Junction,None,,,         ,William,Durham,Clear,Front to Rear,no,no,no,no,no,False
100722589,VANDERBILT UNIVERSITY POLICE,15-0051120,Davidson,Nashville,1/15/2015 12:00:00 AM,2,0,0,36.145910,-86.798050,SCARRITT PL,,,,224.00,Feet,West,19TH AVE S,,,,0.00,N,Not at Intersection,N,Unknown,None,,,         ,Alan,Reed,Cloudy,Unknown,no,no,no,yes,yes,Campus
100722591,METROPOLITAN NASHVILLE POLICE DEPT,20150051623,Davidson,Nashville,1/15/2015 5:40:00 PM,2,0,0,36.191210,-86.797960,VANTAGE WAY,,,,131.00,Feet,West,RAMP,,,,0.00,N,Not at Intersection,N,Non-Junction,None,,,         ,Isaac,Wood,Clear,"Sideswipe, Same Direction",no,no,no,no,yes,False
100722599,METROPOLITAN NASHVILLE POLICE DEPT,20150051730,Davidson,Nashville,1/15/2015 6:00:00 PM,2,0,0,36.116770,-86.735320,LUTIE ST,,,,102.00,Feet,East,LUTIE DR,,,,0.00,N,Not at Intersection,N,Non-Junction,None,,,         ,Kevin,Keating,Clear,"Sideswipe, Same Direction",no,no,no,no,no,False
100722601,METROPOLITAN NASHVILLE POLICE DEPT,20150051523,Davidson,Nashville,1/15/2015 5:39:00 PM,2,0,0,36.154960,-86.627180,STEWARTS FERRY PIKE,,,,0.00,,,RAMP,,,,0.00,Y,Four-Way, ,Intersection,None,,,         ,Michael,Apsey,Clear,Front to Rear,no,no,no,no,no,False
100722604,METROPOLITAN NASHVILLE POLICE DEPT,20150051591,Davidson,Not in City Limit,1/15/2015 5:46:00 PM,3,1,0,36.073920,-86.926270,US HWY 70S,,,,0.00,,,HICKS RD,,,,0.00,Y,Four-Way,N,Intersection,None,,,         ,Brandon,Pedigo,Clear,Angle,no,no,no,no,no,False
100722609,METROPOLITAN NASHVILLE POLICE DEPT,20150051525,Davidson,Nashville,1/15/2015 5:20:00 PM,2,0,0,36.177950,-86.604980,STATE HWY 45,,,,0.00,,,RAMP,,,,0.00,Y,Four-Way, ,,None,,,         ,Russell,Freeman,,,no,no,no,no,no,False
100722611,METROPOLITAN NASHVILLE POLICE DEPT,20150051729,Davidson,Goodlettsville,1/15/2015 6:45:00 PM,2,0,0,36.291000,-86.722010,I 65,,,,0.00,,,,,,,94.30,N,Not at Intersection, ,Non-Junction,None,,,         ,Nathan,Dungan,Clear,Front to Rear,no,no,no,no,no,False
100722612,METROPOLITAN NASHVILLE POLICE DEPT,20150047607,Davidson,Nashville,1/14/2015 7:14:00 PM,2,0,0,36.152000,-86.847220,US HWY 70,,,,0.00,,,50TH AVE N,,,,0.00,Y,OTHER, ,Intersection-Related,None,,,         ,Torian,Cox,Clear,"Sideswipe, Opposite Direction",no,no,no,no,no,False
100722613,METROPOLITAN NASHVILLE POLICE DEPT,20150051700,Davidson,Nashville,1/15/2015 6:32:00 PM,2,0,0,36.043430,-86.640770,BABY RUTH LN,,,,31.00,Feet,North,MOUNT VIEW RD,,,,0.00,N,Not at Intersection, ,Non-Junction,None,,,         ,Jason,Door,Clear,HeadOn,no,no,no,no,no,False
100722617,METROPOLITAN NASHVILLE POLICE DEPT,20150051716,Davidson,Nashville,1/15/2015 6:30:00 PM,2,0,0,36.173580,-86.602060,STATE HWY 265,,,,0.00,,,STATE HWY 45,,,,0.00,Y,Four-Way, ,Intersection-Related,None,,,         ,Kevin,Reynolds,Clear,Angle,no,no,no,no,no,False
100722619,METROPOLITAN NASHVILLE POLICE DEPT,20150051392,Davidson,Nashville,1/15/2015 2:56:00 PM,2,0,0,36.199580,-86.776630,I 65,,,,0.00,,,,,,,86.85,N,Not at Intersection,N,Non-Junction,Construction Zone,Work On Shoulder Or Median,Unknown,         ,Jacob,Partin,Clear,"Sideswipe, Same Direction",no,no,no,no,no,False
100722620,METROPOLITAN NASHVILLE POLICE DEPT,20150051718,Davidson,Nashville,1/15/2015 6:44:00 PM,2,0,0,36.110800,-86.743360,STATE HWY 155,,,,130.00,Feet,West,FOSTER AVE,,,,0.00,N,Not at Intersection, ,Non-Junction,None,,,         ,Jessie,Meadows,Clear,Angle,no,no,no,no,no,False
100722622,METROPOLITAN NASHVILLE POLICE DEPT,20150051762,Davidson,Nashville,1/15/2015 6:56:00 PM,2,0,0,0.000000,0.000000,CHET ATKINS,PL,,,0.00,,,20TH,AVE,,,0.00,Y,T-Intersection, ,Intersection,None,,,         ,Mekisha,Page,Clear,Front to Rear,no,no,no,no,no,False
100722632,METROPOLITAN NASHVILLE POLICE DEPT,20150047291,Davidson,Goodlettsville,1/14/2015 5:40:00 PM,2,0,0,36.301480,-86.693690,US HWY 31E,,,,383.00,Feet,West,TWIN HILLS DR,,,,0.00,N,Not at Intersection, ,"Driveway, Alley Access, etc",None,,,         ,Nathan,Dungan,Clear,Angle,no,no,no,no,no,False
100722633,METROPOLITAN NASHVILLE POLICE DEPT,20150051684,Davidson,Goodlettsville,1/15/2015 6:00:00 PM,2,0,0,36.292080,-86.720650,I 65,,,,0.00,,,,,,,94.40,N,Not at Intersection, ,Non-Junction,None,,,         ,Nathan,Dungan,Clear,Front to Rear,no,no,no,no,no,False
100722637,METROPOLITAN NASHVILLE POLICE DEPT,20150051701,Davidson,Nashville,1/14/2015 10:32:00 PM,2,0,0,36.148750,-86.666140,ELM HILL PIKE,,,,0.00,,,STATE HWY 255,,,,0.00,Y,Four-Way,N,Intersection-Related,None,,,         ,Russell,Freeman,Clear,Angle,no,no,no,no,yes,False
100722640,METROPOLITAN NASHVILLE POLICE DEPT,20150051902,Davidson,Nashville,1/15/2015 7:45:00 PM,1,0,0,36.239840,-86.774110,STATE HWY 155,,,,211.00,Feet,South,DOVERSIDE DR,,,,0.00,N,Not at Intersection,N,Non-Junction,None,,,         ,Broderick,Jones,Clear,Not Collision with Motor Vehicle in Transport,no,no,no,no,yes,False
100722641,METROPOLITAN NASHVILLE POLICE DEPT,20150051863,Davidson,Nashville,1/15/2015 7:34:00 PM,2,0,0,36.047050,-86.713540,US HWY 31 ALT,,,,602.00,Feet,North,STATE HWY 254,,,,0.00,N,Not at Intersection, ,OtherLocation,None,,,         ,Tien,Nguyen,Clear,Rear to Side,no,no,no,no,no,False
100722642,METROPOLITAN NASHVILLE POLICE DEPT,20150051383,Davidson,Goodlettsville,1/15/2015 4:35:00 PM,2,0,0,36.301500,-86.693660,US HWY 31E,,,,373.00,Feet,West,TWIN HILLS DR,,,,0.00,N,Not at Intersection, ,Non-Junction,None,,,         ,Nathan,Dungan,Clear,"Sideswipe, Same Direction",no,no,no,no,no,False
100722657,METROPOLITAN NASHVILLE POLICE DEPT,20150051952,Davidson,Nashville,1/15/2015 6:05:00 PM,2,0,0,36.148370,-86.777060,I 40,,,,0.00,,,,,,,210.00,N,Not at Intersection, ,Non-Junction,None,,,         ,Brent,Palte,Clear,"Sideswipe, Same Direction",no,no,no,no,no,False
100722665,METROPOLITAN NASHVILLE POLICE DEPT,20150051465,Davidson,Nashville,1/15/2015 5:20:00 PM,3,4,0,36.183950,-86.638640,US HWY 70,,,,769.00,Feet,West,JACKSON DOWNS BLVD,,,,0.00,N,Not at Intersection,N,Non-Junction,None,,,         ,William,Waters,Clear,Front to Rear,no,no,no,no,no,False
100722676,METROPOLITAN NASHVILLE POLICE DEPT,20150051539,Davidson,Nashville,1/15/2015 5:38:00 PM,2,0,0,36.122990,-86.750620,I 440,,,,0.00,,,,,,,6.30,N,Not at Intersection, ,,None,,,         ,Adam,Earle,,,no,no,no,no,no,False
100722679,METROPOLITAN NASHVILLE POLICE DEPT,20150051688,Davidson,Nashville,1/15/2015 6:35:00 PM,3,0,0,36.201810,-86.776580,I 65,,,,0.00,,,,,,,87.00,N,Not at Intersection,N,Non-Junction,None,,,         ,Audrey,Fellingham,Clear,Front to Rear,no,no,no,no,no,False
100722695,METROPOLITAN NASHVILLE POLICE DEPT,20150052259,Davidson,Nashville,1/15/2015 9:48:00 PM,2,0,0,0.000000,0.000000,HARDING,PL,,,0.00,,,NOLENSVILLE,PIKE,,,0.00,Y,Four-Way, ,Intersection,None,,,         ,Mekisha,Page,Clear,Front to Rear,no,no,no,no,yes,False
100722699,METROPOLITAN NASHVILLE POLICE DEPT,2015-0049310,Davidson,Nashville,1/15/2015 5:50:00 AM,2,0,0,36.163440,-86.787760,RAMP,,,,0.00,,,10TH CIR N,,,,0.00,Y,OTHER,N,Entrance/Exit Ramp Related,None,,,         ,Michael,Willis Jr.,Clear,Front to Rear,no,no,no,no,no,False
100722713,METROPOLITAN NASHVILLE POLICE DEPT,2015-0042246,Davidson,Nashville,1/13/2015 1:26:00 PM,2,2,0,36.150500,-86.770340,US HWY 31 ALT,,,,0.00,,,RAMP,,,,0.00,Y,Four-Way,Y,Entrance/Exit Ramp Related,None,,,         ,Allen,Bates,Clear,Angle,no,no,no,no,no,False
100722726,METROPOLITAN NASHVILLE POLICE DEPT,20150052964,Davidson,Nashville,1/16/2015 1:33:00 AM,2,0,0,36.079580,-86.726330,US HWY 31 ALT,,,,0.00,,,STATE HWY 255,,,,0.00,Y,Four-Way, ,Intersection-Related,None,,,         ,William,Hamblen,Clear,Front to Rear,no,no,no,no,no,False
100722735,METROPOLITAN NASHVILLE POLICE DEPT,2015-0052521,Davidson,Madison,1/15/2015 11:34:00 PM,2,0,0,36.260560,-86.708830,ELM ST,,,,390.00,Feet,West,3RD AVE,,,,0.00,N,Not at Intersection,N,Non-Junction,None,,,         ,George,Krukowski,Clear,Angle,no,no,no,no,no,False
100722739,METROPOLITAN NASHVILLE POLICE DEPT,2015-0044933,Davidson,Nashville,1/14/2015 5:57:00 AM,1,0,0,36.013380,-86.620700,-- UNKNOWN RAMP/ROAD --,,,,0.00,,,I 24,,,,0.00,Y,Unknown, ,Non-Junction,None,,,         ,Eric,Dandy,Sleet/Hail,Not Collision with Motor Vehicle in Transport,no,no,no,no,no,False
100722743,METROPOLITAN NASHVILLE POLICE DEPT,2015-0052970,Davidson,Nashville,1/16/2015 12:00:00 AM,4,0,0,36.199160,-86.744830,FAIRWIN AVE,,,,0.00,,,LEE DAVIS RD,,,,0.00,Y,T-Intersection,N,Non-Junction,None,,,         ,Thomas,Miller,Clear,HeadOn,no,no,no,no,no,False
100722748,METROPOLITAN NASHVILLE POLICE DEPT,20150052996,Davidson,Nashville,1/16/2015 1:48:00 AM,1,0,0,36.150150,-86.766560,US HWY 41,,,,0.00,,,,,,,0.00,,,N,"Driveway, Alley Access, etc",None,,,         ,Charles,Large,Clear,Not Collision with Motor Vehicle in Transport,no,no,no,yes,no,False
100722750,METROPOLITAN NASHVILLE POLICE DEPT,2015-0045139,Davidson,Nashville,1/14/2015 6:50:00 AM,2,0,0,36.138520,-86.731130,US HWY 41,,,,105.00,Feet,East,BLANTON AVE,,,,0.00,N,Not at Intersection, ,Non-Junction,None,,,         ,Jeb,Johnston,Cloudy,"Sideswipe, Same Direction",no,no,no,no,no,False
100722781,METROPOLITAN NASHVILLE POLICE DEPT,20150050292,Davidson,Nashville,1/15/2015 11:31:00 AM,3,0,0,36.146190,-86.809860,NATCHEZ TRCE,,,,25.00,Feet,South,US HWY 70S,,,,0.00,N,Not at Intersection,N,Non-Junction,None,,,         ,Phillip,Murphy,Clear,Angle,no,no,no,no,no,Campus
100722789,WILLIAMSON CO SHERIFFS OFFICE,15523,Davidson,Nashville,1/16/2015 6:50:00 AM,1,0,0,36.043010,-86.907470,VAUGHN RD,,,,724.00,Feet,North,HORSESHOE LN,,,,0.00,N,Not at Intersection,N,Non-Junction,None,,,         ,Steven,Mitchell,Clear,Not Collision with Motor Vehicle in Transport,no,no,no,no,no,False
100722790,METROPOLITAN NASHVILLE POLICE DEPT,20150050334,Davidson,Nashville,1/15/2015 12:00:00 PM,2,0,0,36.122430,-86.807020,US HWY 431,,,,126.00,Feet,North,-- UNKNOWN RAMP/ROAD --,,,,0.00,N,Not at Intersection,N,Non-Junction,None,,,         ,Erik,Wagner,Cloudy,Front to Rear,no,no,no,no,no,False
100722795,METROPOLITAN NASHVILLE POLICE DEPT,20150053795,Davidson,Nashville,1/16/2015 7:31:00 AM,2,0,0,36.144370,-86.776990,I 65,,,,0.00,,,,,,,82.10,N,Not at Intersection,N,Non-Junction,None,,,         ,Nathan,Kemp,Clear,Front to Rear,no,no,no,no,no,False
100722799,METROPOLITAN NASHVILLE POLICE DEPT,20150050744,Davidson,Nashville,1/15/2015 1:34:00 PM,2,0,0,36.106740,-86.672690,STATE HWY 255,,,,0.00,,,RAMP,,,,0.00,Y,Four-Way, ,,None,,,         ,James,Curtis,,,no,no,no,no,no,False
100722800,METROPOLITAN NASHVILLE POLICE DEPT,20150053775,Davidson,Nashville,1/16/2015 7:23:00 AM,2,0,0,36.205220,-86.777960,-- UNKNOWN RAMP/ROAD --,,,,0.00,Feet,East,I 65,,,,0.00,N,Not at Intersection,N,Non-Junction,None,,,         ,Ryan,Caulfield,Clear,"Sideswipe, Same Direction",no,no,no,no,no,False
100722801,METROPOLITAN NASHVILLE POLICE DEPT,20150036908,Davidson,Nashville,1/11/2015 2:00:00 PM,2,0,0,36.064760,-86.628450,HAMILTON CHURCH RD,,,,0.00,,,US HWY 41,,,,0.00,Y,Four-Way,Y,Intersection,None,,,         ,Christopher,Hanor,Clear,Angle,no,no,no,no,no,False
100722804,METROPOLITAN NASHVILLE POLICE DEPT,2015-0053790,Davidson,Nashville,1/16/2015 7:44:00 AM,3,0,0,36.150220,-86.869480,I 40,,,,0.00,,,,,,,203.30,N,Not at Intersection, ,Non-Junction,None,,,         ,Curtis,Rich,Clear,Angle,no,no,no,no,no,False
100722817,METROPOLITAN NASHVILLE POLICE DEPT,20150053745,Davidson,Nashville,1/16/2015 6:34:00 AM,2,0,0,36.086600,-86.691560,ANTIOCH PIKE,,,,350.00,Feet,South,STATE HWY 255,,,,0.00,N,Not at Intersection,N,Non-Junction,None,,,         ,Megan,Arnett,Clear,"Sideswipe, Same Direction",no,no,no,no,no,False
100722822,METROPOLITAN NASHVILLE POLICE DEPT,20150053844,Davidson,Nashville,1/16/2015 7:45:00 AM,2,0,0,36.134230,-86.779160,US HWY 31,,,,0.00,Feet,,WEDGEWOOD AVE,,,,0.00,Y,Four-Way,N,Intersection-Related,None,,,         ,Gregory,Lindstrom,Clear,Angle,no,no,no,no,yes,False
100722825,METROPOLITAN NASHVILLE POLICE DEPT,20150050661,Davidson,Nashville,1/15/2015 1:15:00 PM,2,0,0,36.120500,-86.775080,US HWY 31,,,,152.00,Feet,North,GALE LN,,,,0.00,N,Not at Intersection,N,"Driveway, Alley Access, etc",None,,,         ,Erik,Wagner,Clear,Angle,no,no,no,no,no,False
100722826,METROPOLITAN NASHVILLE POLICE DEPT,20150038215,Davidson,Nashville,1/11/2015 8:57:00 PM,2,0,0,36.073570,-86.731710,EDMONDSON PIKE,,,,0.00,,,,,,,0.00,,Not at Intersection,N,OtherLocation,None,,,         ,Erik,Wagner,Unknown,Angle,no,no,no,yes,yes,False
100722832,METROPOLITAN NASHVILLE POLICE DEPT,20150053824,Davidson,Nashville,1/16/2015 7:45:00 AM,2,0,0,36.079880,-86.903090,US HWY 70S,,,,41.00,Feet,West,BROOKMONT TER,,,,0.00,N,Not at Intersection,N,Non-Junction,None,,,         ,Bradley,McIntyre,Clear,Front to Rear,no,no,no,no,no,False
100722836,Nashville Airport Police,15-098,Davidson,Nashville,1/15/2015 1:00:00 PM,1,0,0,0.000000,0.000000,TERMINAL DRIVE,,,,150.00,Feet,North,TERMINAL,DR,,,0.00,N,Not at Intersection, ,Non-Junction,None,,,         ,George,Rusho,Cloudy,Not Collision with Motor Vehicle in Transport,no,no,no,yes,no,False
100722837,METROPOLITAN NASHVILLE POLICE DEPT,20150053859,Davidson,Nashville,1/16/2015 7:54:00 AM,2,1,0,36.069220,-86.692140,HAYWOOD LN,,,,0.00,,,I 24,,,,0.00,Y,T-Intersection,Y,Entrance/Exit Ramp Related,None,,,         ,Brian,Lamb,Clear,Front to Rear,no,no,no,no,no,False
100722839,METROPOLITAN NASHVILLE POLICE DEPT,15-0050835,Davidson,Nashville,1/15/2015 2:15:00 PM,2,0,0,36.161490,-86.760440,I 24,,,,0.00,,,,,,,49.40,N,Not at Intersection, ,Non-Junction,None,,,         ,Erik,Nash,Clear,"Sideswipe, Same Direction",no,no,no,no,no,False
100722840,METROPOLITAN NASHVILLE POLICE DEPT,20150053799,Davidson,Nashville,1/16/2015 7:10:00 AM,1,1,0,0.000000,0.000000,OLD HICKORY,BLVD,,,1800.00,Feet,West,OLD HICKORY,BLVD,,,0.00,N,Not at Intersection,N,Non-Junction,None,,,         ,Joseph,Smith,Clear,Not Collision with Motor Vehicle in Transport,yes,no,no,yes,yes,False
100722844,BELLE MEADE POLICE DEPT,2015-0021,Davidson,Belle Meade,1/16/2015 9:06:00 AM,2,0,0,0.000000,0.000000,HARDING,RD,US70S,,1500.00,Feet,North,HARDING,RD,US70S,,8.00,N,Not at Intersection, ,Non-Junction,None,,,         ,Dennis,Goins,Clear,"Sideswipe, Same Direction",no,no,no,no,no,False
100722873,METROPOLITAN NASHVILLE POLICE DEPT,20150054359,Davidson,Nashville,1/16/2015 10:37:00 AM,2,0,0,36.143870,-86.797670,EDGEHILL AVE,,,,0.00,,,19TH AVE S,,,,0.00,Y,Four-Way,N,Intersection,None,,,         ,Nathan,Kemp,Clear,Angle,no,no,no,no,no,Campus
100722885,METROPOLITAN NASHVILLE POLICE DEPT,20150054402,Davidson,Nashville,1/16/2015 10:40:00 AM,2,0,0,36.088000,-86.782730,BATTERY LN,,,,0.00,,,DUSTIN LN,,,,0.00,Y,T-Intersection, ,Intersection-Related,None,,,         ,Justin,Pinkelton,Clear,Front to Rear,no,no,no,no,no,False
100722887,METROPOLITAN NASHVILLE POLICE DEPT,2015-0053793,Davidson,Nashville,1/16/2015 7:30:00 AM,2,0,0,36.118900,-86.726440,I 24,,,,0.00,,,,,,,53.00,N,Not at Intersection,N,Non-Junction,None,,,         ,Coleman,Womack,Clear,"Sideswipe, Same Direction",no,no,no,no,yes,False
100722894,METROPOLITAN NASHVILLE POLICE DEPT,20150054395,Davidson,Nashville,1/16/2015 10:48:00 AM,2,0,0,0.000000,0.000000,SPENCE LANE,,,,0.00,,,MURFREESBORO PKE,,,,0.00,Y,Four-Way, ,Non-Junction,None,,,         ,Caleb,Jernigan,Clear,"Sideswipe, Same Direction",no,no,no,no,no,False
100722905,METROPOLITAN NASHVILLE POLICE DEPT,20150054165,Davidson,Nashville,1/16/2015 9:33:00 AM,2,0,0,36.186480,-86.798330,-- UNKNOWN RAMP/ROAD --,,,,0.00,,,I 65,,,,0.00,Y,T-Intersection,Y,Entrance/Exit Ramp Related,None,,,         ,Rodney,Clark,Clear,Front to Rear,no,no,no,no,no,False
100722916,METROPOLITAN NASHVILLE POLICE DEPT,2015-0054192,Davidson,Nashville,1/16/2015 9:35:00 AM,2,0,0,36.147880,-86.806460,24TH AVE S,,,,0.00,,,US HWY 70S,,,,0.00,Y,Four-Way, ,Non-Junction,None,,,         ,Po,Cheng,Clear,Front to Rear,no,no,no,no,no,Campus
100722927,BERRY HILL POLICE DEPT,15-0222,Davidson,Berry Hill,1/16/2015 7:00:00 AM,1,0,0,36.123450,-86.765610,BRANSFORD AVE,,,,0.00,,,FESSEY PARK RD,,,,0.00,Y,OTHER,N,Non-Junction,None,,,         ,Larry,Carter,Clear,Not Collision with Motor Vehicle in Transport,no,no,no,yes,no,False
100722932,METROPOLITAN NASHVILLE POLICE DEPT,20150054084,Davidson,Nashville,1/16/2015 9:16:00 AM,2,0,0,0.000000,0.000000,KOREAN VETERANS BLVD,,,,0.00,,,6TH AVE. SO.,,,,0.00,Y,Four-Way, ,Non-Junction,None,,,         ,Wesley,Henderson,Clear,Front to Rear,no,no,no,no,no,False
100722934,METROPOLITAN NASHVILLE POLICE DEPT,2015-0054206,Davidson,Nashville,1/16/2015 9:45:00 AM,2,0,0,36.175840,-86.751670,RUSSELL ST,,,,0.00,,,S 10TH ST,,,,0.00,Y,OTHER, ,,None,,,         ,Coleman,Womack,,,no,no,no,no,no,False
100722935,METROPOLITAN NASHVILLE POLICE DEPT,20150054734,Davidson,Nashville,1/16/2015 12:22:00 PM,2,0,0,36.153180,-86.796130,18TH AVE N,,,,78.00,Feet,North,US HWY 70S,,,,0.00,N,Not at Intersection,N,Non-Junction,None,,,         ,Nathan,Kemp,Clear,"Sideswipe, Same Direction",no,no,no,no,yes,False
100722941,METROPOLITAN NASHVILLE POLICE DEPT,20150054668,Davidson,Nashville,1/16/2015 12:10:00 PM,4,1,0,36.204450,-86.821310,BUENA VISTA PIKE,,,,52.00,Feet,South,TUCKER RD,,,,0.00,N,Not at Intersection,Y,Non-Junction,None,,,         ,Ryan,Caulfield,Clear,Front to Rear,no,no,no,no,yes,False
100722951,METROPOLITAN NASHVILLE POLICE DEPT,20150054353,Davidson,Nashville,1/16/2015 10:45:00 AM,2,0,0,36.151480,-86.775680,EWING AVE,,,,137.00,Feet,South,MIDDLETON AVE,,,,0.00,N,Not at Intersection, ,OtherLocation,None,,,         ,Mikala,Moore,Clear,Rear to Side,no,no,no,no,no,False
100722960,METROPOLITAN NASHVILLE POLICE DEPT,20150054601,Davidson,Goodlettsville,1/16/2015 12:24:00 PM,2,0,0,36.304360,-86.692820,CONFERENCE DR,,,,184.00,Feet,South,CONNECTING ROAD,,,,0.00,N,Not at Intersection, ,Non-Junction,None,,,         ,Joshua,Borum,Clear,Angle,no,no,no,no,no,False
100722963,METROPOLITAN NASHVILLE POLICE DEPT,15-0054602,Davidson,Nashville,1/16/2015 11:58:00 AM,2,0,0,36.175050,-86.784670,JEFFERSON ST,,,,0.00,,,3RD AVE N,,,,0.00,Y,Four-Way, ,Intersection,None,,,         ,Frank,Campbell,Clear,Angle,no,no,no,no,no,False
100722968,METROPOLITAN NASHVILLE POLICE DEPT,20150054870,Davidson,Nashville,1/16/2015 1:00:00 PM,2,1,0,36.124090,-86.751700,US HWY 31 ALT,,,,0.00,,,EXIT 6,,,,0.00,Y,Unknown,N,Non-Junction,None,,,         ,Michieal,Ramsey,Clear,Angle,no,no,no,yes,yes,False
100722969,METROPOLITAN NASHVILLE POLICE DEPT,20150038164,Davidson,Nashville,1/12/2015 8:14:00 AM,2,1,0,36.111610,-86.771430,I 65,,,,0.00,,,,,,,79.85,N,Not at Intersection,N,Non-Junction,None,,,         ,Michieal,Ramsey,Rain,Front to Rear,no,no,no,no,no,False
100722972,METROPOLITAN NASHVILLE POLICE DEPT,20150054728,Davidson,Nashville,1/16/2015 12:23:00 PM,2,0,0,36.151180,-86.774220,6TH AVE S,,,,0.00,,,ASH ST,,,,0.00,Y,Four-Way,N,Intersection,None,,,         ,Catherine,Poole,Clear,Angle,no,no,no,no,no,False
100722976,METROPOLITAN NASHVILLE POLICE DEPT,20150054902,Davidson,Nashville,1/16/2015 1:23:00 PM,2,0,0,36.079580,-86.726330,US HWY 31 ALT,,,,0.00,,,STATE HWY 255,,,,0.00,Y,Four-Way,N,Intersection,None,,,         ,Nathan,Kemp,Clear,Angle,no,no,no,no,no,False
100722977,METROPOLITAN NASHVILLE POLICE DEPT,20150054792,Davidson,Nashville,1/16/2015 12:14:00 PM,2,0,0,36.142530,-86.804770,24TH AVE S,,,,0.00,,,HIGHLAND AVE,,,,0.00,Y,T-Intersection, ,,,,,         ,Randal,Owsley,,,no,no,no,no,no,Campus
100722979,METROPOLITAN NASHVILLE POLICE DEPT,20150054775,Davidson,Nashville,1/16/2015 12:40:00 PM,4,0,0,36.133670,-86.727110,I 24,,,,0.00,,,,,,,52.05,N,Not at Intersection,N,Non-Junction,None,,,         ,Trevin,Tolbert,Clear,Front to Rear,no,no,no,no,no,False
100722980,METROPOLITAN NASHVILLE POLICE DEPT,20150054695,Davidson,Nashville,1/16/2015 12:21:00 PM,2,1,0,36.182610,-86.640780,US HWY 70,,,,366.00,Feet,East,DOWNEYMEADE DR,,,,0.00,N,Not at Intersection,N,Non-Junction,None,,,         ,Mitchell,McClay,Clear,Front to Rear,no,no,no,no,no,False
100722990,METROPOLITAN NASHVILLE POLICE DEPT,20150055035,Davidson,Nashville,1/16/2015 1:50:00 PM,2,0,0,0.000000,0.000000,CENTRAL PIKE,,,,100.00,Feet,East,OLD HICKORY BLVD,,,,0.00,N,Not at Intersection, ,Non-Junction,None,,,         ,Caleb,Jernigan,Clear,Angle,no,no,no,no,no,False
100723003,METROPOLITAN NASHVILLE POLICE DEPT,20150055036,Davidson,Nashville,1/16/2015 1:50:00 PM,2,0,0,36.173580,-86.602060,STATE HWY 265,,,,0.00,,,STATE HWY 45,,,,0.00,Y,Four-Way, ,Intersection,None,,,         ,William,Mckay,Clear,Front to Rear,no,no,no,no,no,False
100723013,METROPOLITAN NASHVILLE POLICE DEPT,2015-0055078,Davidson,Nashville,1/16/2015 2:30:00 PM,2,0,0,36.149120,-86.862850,US HWY 70,,,,385.00,Feet,South,LELLYETT ST,,,,0.00,N,Not at Intersection,N,Non-Junction,None,,,         ,Walter,Gray II,Clear,"Sideswipe, Opposite Direction",no,no,no,no,yes,False
100723014,METROPOLITAN NASHVILLE POLICE DEPT,20150055118,Davidson,Nashville,1/16/2015 2:50:00 PM,2,0,0,36.187980,-86.821590,ED TEMPLE BLVD,,,,0.00,,,CLARKSVILLE PIKE,,,,0.00,Y,Four-Way, ,Intersection,None,,,         ,Christopher,Kelly,Clear,Angle,no,no,no,no,yes,False
100723021,METROPOLITAN NASHVILLE POLICE DEPT,20150041528,Davidson,Nashville,1/13/2015 8:50:00 AM,2,0,0,36.178140,-86.751650,S 10TH ST,,,,0.00,,,N 10TH ST,,,,0.00,Y,OTHER, ,OtherLocation,Construction Zone,,,         ,Michael,Hunnicutt,Clear,"Sideswipe, Same Direction",no,no,no,yes,no,False
100723029,METROPOLITAN NASHVILLE POLICE DEPT,20150055101,Davidson,Nashville,1/16/2015 2:45:00 PM,2,1,0,36.073630,-86.920760,STATE HWY 251,,,,305.00,Feet,South,US HWY 70S,,,,0.00,N,Not at Intersection,N,Non-Junction,None,,,         ,Tyler,Reese,Clear,Angle,no,no,no,no,no,False
100723033,METROPOLITAN NASHVILLE POLICE DEPT,20150055143,Davidson,Nashville,1/16/2015 2:45:00 PM,2,2,0,36.152160,-86.842870,US HWY 70,,,,171.00,Feet,East,47TH AVE N,,,,0.00,N,Not at Intersection,N,Non-Junction,None,,,         ,Dustin,Tidwell,Clear,"Sideswipe, Same Direction",no,no,no,no,yes,False
100723034,METROPOLITAN NASHVILLE POLICE DEPT,20150051500,Davidson,Goodlettsville,1/15/2015 5:00:00 PM,3,0,0,36.287490,-86.726000,I 65,,,,0.00,,,,,,,93.00,N,Not at Intersection, ,Non-Junction,None,,,         ,Nathan,Dungan,Clear,Front to Rear,no,no,no,no,yes,False
100723049,METROPOLITAN NASHVILLE POLICE DEPT,20150055274,Davidson,Nashville,1/16/2015 3:28:00 PM,2,0,0,36.248020,-86.720320,DUE WEST AVE E,,,,0.00,Feet,,US HWY 31E,,,,0.00,Y,Four-Way, ,Intersection,None,,,         ,Ryan,Allen,Clear,"Sideswipe, Same Direction",no,no,no,no,no,False