master_record_number,agency,agency_tracking_number,county,city,collision_date,vehicles_involved,number_injured,number_dead,latitude,longitude,roadway_name,roadway_suffix,roadway_number,roadway_local_id,distance_from_reference,miles-feet_indicator,direction_from_reference,intersection_road_name,intersection_road_name_suffix,intersection_road_number,intersection_local_id,mile_marker,intersection_indicator,intersect_type,interchange_related_indicator,relation_to_junction,work_zone_type,construction_maintenance_zone,construction_maintenance_zone_location,fatal_case_number,officer_first_name,officer_last_name,weather_condition(s),manner_of_crash,pedestrian,bicycle,scooter,parking,hitrun,mou
100723481,GOODLETTSVILLE POLICE DEPT,15-02124,Davidson,Goodlettsville,1/17/2015 12:35:00 PM,1,0,0,36.317460,-86.701750,I 65,,,,0.00,,,,,,,96.50,N,Not at Intersection, ,Non-Junction,None,,,         ,Benny,Alexander,Clear,Not Collision with Motor Vehicle in Transport,no,no,no,no,no,False
100723495,METROPOLITAN NASHVILLE POLICE DEPT,20150058163,Davidson,Nashville,1/15/2015 4:00:00 AM,3,0,0,36.195450,-86.770770,EASTMORELAND ST,,,,0.00,,,JOSEPH AVE,,,,0.00,Y,T-Intersection, ,Intersection,None,,,         ,Zachary,White,Unknown,Front to Rear,no,no,no,no,yes,False
100723500,METROPOLITAN NASHVILLE POLICE DEPT,20150058173,Davidson,Nashville,1/17/2015 12:39:00 PM,2,0,0,36.063060,-86.626580,US HWY 41,,,,829.00,Feet,South,HAMILTON CHURCH RD,,,,0.00,N,Not at Intersection, ,Non-Junction,None,,,         ,Brian,Birch,Clear,Front to Rear,no,no,no,no,no,False
100723503,METROPOLITAN NASHVILLE POLICE DEPT,20150058249,Davidson,Nashville,1/17/2015 12:29:00 PM,2,0,0,36.087930,-86.731330,US HWY 31 ALT,,,,492.00,Feet,North,ELYSIAN FIELDS CT,,,,0.00,N,Not at Intersection, ,Non-Junction,None,,,         ,Arthur,Hummell,Clear,"Sideswipe, Same Direction",no,no,no,no,no,False
100723512,METROPOLITAN NASHVILLE POLICE DEPT,20150057723,Davidson,Nashville,1/17/2015 7:38:00 AM,2,0,0,36.117430,-86.769440,I 440,,,,0.00,,,,,,,5.15,N,Not at Intersection, ,Non-Junction,None,,,         ,Joshua,Dickall,Clear,"Sideswipe, Same Direction",no,no,no,no,no,False
100723513,METROPOLITAN NASHVILLE POLICE DEPT,20150058227,Davidson,Nashville,1/17/2015 12:19:00 PM,2,0,0,36.164020,-86.597610,ARBOR LAKE BLVD,,,,19.00,Feet,West,OLD HICKORY BLVD,,,,0.00,N,Not at Intersection,N,Non-Junction,None,,,         ,Darryl,Williams,Clear,Angle,no,no,no,no,no,False
100723515,METROPOLITAN NASHVILLE POLICE DEPT,2015-0058288,Davidson,Nashville,1/17/2015 1:50:00 PM,2,1,0,36.130300,-86.900220,US HWY 70,,,,0.00,,,-- UNKNOWN RAMP/ROAD --,,,,0.00,Y,T-Intersection,N,Intersection,None,,,         ,Benjamin,Cantrell,Clear,Front to Rear,no,no,no,no,yes,False
100723516,METROPOLITAN NASHVILLE POLICE DEPT,2015-0058270,Davidson,Nashville,1/17/2015 1:39:00 PM,1,0,0,36.056300,-86.687280,BART DR,,,,141.00,Feet,East,KAREN RAY DR,,,,0.00,N,Not at Intersection,N,Non-Junction,None,,,         ,Stanley,Collins,Clear,Not Collision with Motor Vehicle in Transport,no,no,no,yes,yes,False
100723522,METROPOLITAN NASHVILLE POLICE DEPT,20150055964,Davidson,Nashville,1/16/2015 6:30:00 PM,3,1,0,36.134420,-86.727100,I 24,,,,0.00,,,,,,,52.10,N,Not at Intersection,N,Non-Junction,None,,,         ,kyle,whitfield,Clear,Front to Rear,no,no,no,no,yes,False
100723524,VANDERBILT UNIVERSITY POLICE,15-056360,Davidson,Nashville,1/16/2015 8:50:00 PM,2,0,0,36.139730,-86.801660,PIERCE AVE,,,,0.00,,,22ND AVE S,,,,0.00,Y,Four-Way, ,Intersection,None,,,         ,Donald,Dennis,Clear,Angle,no,no,no,no,no,Campus
100723538,METROPOLITAN NASHVILLE POLICE DEPT,20150058352,Davidson,Nashville,1/17/2015 2:54:00 PM,2,0,0,0.000000,0.000000,WOODMONT,AVE,,,0.00,,,LEALAND,LN,,,0.00,Y,T-Intersection, ,Intersection,None,,,         ,Mekisha,Page,Clear,Front to Rear,no,no,no,no,no,False
100723559,METROPOLITAN NASHVILLE POLICE DEPT,20150058425,Davidson,Nashville,1/17/2015 2:45:00 PM,2,0,0,36.199020,-86.740930,GALLATIN PIKE,,,,0.00,,,DELMAS AVE,,,,0.00,Y,T-Intersection, ,Intersection-Related,None,,,         ,Terence,Maahs,Clear,Angle,no,no,no,no,yes,False
100723562,METROPOLITAN NASHVILLE POLICE DEPT,20150058423,Davidson,Nashville,1/17/2015 3:27:00 PM,2,0,0,36.195390,-86.687370,EXIT 11,,,,0.00,Feet,East,STATE HWY 155,,,,0.00,N,Not at Intersection,N,Entrance/Exit Ramp Related,None,,,         ,Austin,Childress,Clear,Front to Rear,no,no,no,no,no,False
100723568,METROPOLITAN NASHVILLE POLICE DEPT,20150058450,Davidson,Nashville,1/17/2015 3:38:00 PM,2,0,0,36.241220,-86.830650,US HWY 41 ALT,,,,167.00,Feet,North,WESTPORT DR,,,,0.00,N,Not at Intersection, ,Non-Junction,None,,,         ,Victor,Alexander,Clear,Front to Rear,no,no,no,no,no,False
100723580,METROPOLITAN NASHVILLE POLICE DEPT,20150052202,Davidson,Madison,1/15/2015 9:30:00 PM,2,1,0,36.264160,-86.691460,STATE HWY 45,,,,0.00,,,MCARTHUR DR,,,,0.00,Y,Four-Way,N,Intersection,None,,,         ,Nathan,Dungan,Clear,Angle,no,no,no,no,no,False
100723582,METROPOLITAN NASHVILLE POLICE DEPT,20150058475,Davidson,Goodlettsville,1/17/2015 3:46:00 PM,2,1,0,36.298910,-86.697490,US HWY 31E,,,,405.00,Feet,South,CUDE LN,,,,0.00,N,Not at Intersection,N,Non-Junction,None,,,         ,Carlos,Urrutia,Clear,Front to Rear,no,no,no,no,no,False
100723591,METROPOLITAN NASHVILLE POLICE DEPT,20150058459,Davidson,Nashville,1/17/2015 3:43:00 PM,2,1,0,36.108010,-86.812540,US HWY 431,,,,86.00,Feet,North,GREEN HILLS VILLAGE DR,,,,0.00,N,Not at Intersection,N,Non-Junction,None,,,         ,Michael,Hunnicutt,Clear,Front to Rear,no,no,no,no,no,False
100723599,METROPOLITAN NASHVILLE POLICE DEPT,20150058501,Davidson,Goodlettsville,1/17/2015 3:58:00 PM,2,1,0,36.286360,-86.705590,US HWY 31E,,,,131.00,Feet,North,SHAKESPEARE AVE,,,,0.00,N,Not at Intersection,N,Non-Junction,None,,,         ,Byron,Dewalt,Clear,Front to Rear,no,no,no,no,no,False
100723611,METROPOLITAN NASHVILLE POLICE DEPT,20150058727,Davidson,Nashville,1/17/2015 5:38:00 PM,2,0,0,36.216840,-86.813880,CROUCH DR,,,,117.00,Feet,West,VANDERHORST DR,,,,0.00,N,Not at Intersection, ,Non-Junction,None,,,         ,Victor,Alexander,Clear,Angle,no,no,no,no,no,False
100723614,METROPOLITAN NASHVILLE POLICE DEPT,20150058295,Davidson,Nashville,1/17/2015 1:48:00 PM,2,1,0,36.221150,-86.774600,I 65,,,,0.00,,,,,,,88.35,N,Not at Intersection,Y,Entrance/Exit Ramp Related,Construction Zone,,,         ,Christopher,Kelly,Clear,Not Collision with Motor Vehicle in Transport,no,no,no,no,no,False
100723616,METROPOLITAN NASHVILLE POLICE DEPT,20150039377,Davidson,Nashville,1/12/2015 5:37:00 PM,2,0,0,36.201810,-86.776580,I 65,,,,0.00,,,,,,,87.00,N,Not at Intersection,Y,Non-Junction,Construction Zone,,,         ,Victor,Alexander,Cloudy,"Sideswipe, Same Direction",no,no,no,no,yes,False
100723620,METROPOLITAN NASHVILLE POLICE DEPT,20150058823,Davidson,Madison,1/17/2015 6:14:00 PM,2,0,0,36.267490,-86.747060,STATE HWY 45,,,,249.00,Feet,West,NESBITT DR,,,,0.00,N,Not at Intersection,N,Non-Junction,None,,,         ,Ryan,Stanford,Clear,Front to Rear,no,no,no,no,yes,False
100723625,METROPOLITAN NASHVILLE POLICE DEPT,20150058815,Davidson,Goodlettsville,1/17/2015 6:15:00 PM,2,0,0,36.299750,-86.696590,US HWY 31E,,,,0.00,,,CUDE LN,,,,0.00,Y,Four-Way, ,,None,,,         ,Nathan,Dungan,,,no,no,no,no,no,False
100723635,METROPOLITAN NASHVILLE POLICE DEPT,20150058882,Davidson,Nashville,1/17/2015 6:20:00 PM,2,0,0,36.235460,-86.764270,I 65,,,,0.00,,,,,,,89.55,N,Not at Intersection, ,Non-Junction,Construction Zone,,,         ,Terence,Maahs,Clear,Front to Rear,no,no,no,no,yes,False
100723644,METROPOLITAN NASHVILLE POLICE DEPT,20150058665,Davidson,Nashville,1/17/2015 5:15:00 PM,3,3,0,36.152950,-86.683690,ELM HILL PIKE,,,,0.00,Feet,,RAMP,,,,0.00,Y,OTHER,N,Intersection-Related,None,,,         ,Austin,Childress,Clear,Front to Rear,no,no,no,no,no,False
100723654,METROPOLITAN NASHVILLE POLICE DEPT,20150058959,Davidson,Nashville,1/17/2015 6:53:00 PM,2,0,0,36.191050,-86.815130,24TH AVE N,,,,513.00,Feet,South,US HWY 41 ALT,,,,0.00,N,Not at Intersection, ,,None,,,         ,Michael,Brooks,,,no,no,no,no,no,False
100723655,METROPOLITAN NASHVILLE POLICE DEPT,20150058934,Davidson,Nashville,1/17/2015 6:50:00 PM,1,0,0,36.199970,-86.620790,STATE HWY 45,,,,250.00,Feet,South,PLANTATION DR,,,,0.00,N,Not at Intersection, ,,None,,,         ,Raymond,Heymann,,,no,no,no,no,no,False
100723659,METROPOLITAN NASHVILLE POLICE DEPT,20150058850,Davidson,Nashville,1/17/2015 6:15:00 PM,1,1,0,36.157120,-86.769790,US HWY 70,,,,248.00,Feet,East,PEABODY ST,,,,0.00,N,Not at Intersection,N,Non-Junction,None,,,         ,Blaze,Williams,Clear,Not Collision with Motor Vehicle in Transport,yes,no,no,yes,no,False
100723660,METROPOLITAN NASHVILLE POLICE DEPT,20150058847,Davidson,Nashville,1/17/2015 5:38:00 PM,2,0,0,36.088850,-86.649840,US HWY 41,,,,101.00,Feet,South,RANSOM PL,,,,0.00,N,Not at Intersection,N,Non-Junction,None,,,         ,John,Stanfield,Clear,Front to Rear,no,no,no,no,yes,False
100723662,METROPOLITAN NASHVILLE POLICE DEPT,20150055930,Davidson,Nashville,1/16/2015 6:50:00 PM,2,0,0,36.269130,-86.755210,STATE HWY 45,,,,0.00,,,RAMP,,,,0.00,Y,Four-Way, ,Intersection-Related,None,,,         ,Nathan,Dungan,Clear,Front to Rear,no,no,no,no,no,False
100723663,METROPOLITAN NASHVILLE POLICE DEPT,20150058390,Davidson,Nashville,1/17/2015 3:00:00 PM,2,0,0,36.232510,-86.769230,I 65,,,,0.00,,,,,,,89.20,N,Not at Intersection,N,Non-Junction,Construction Zone,Work On Shoulder Or Median,Activity Area,         ,Nathan,Dungan,Clear,Front to Rear,no,no,no,no,no,False
100723664,METROPOLITAN NASHVILLE POLICE DEPT,20150058493,Davidson,Madison,1/17/2015 3:55:00 PM,2,0,0,36.262260,-86.711900,E OLD HICKORY BLVD,,,,75.00,Feet,East,US HWY 31E,,,,0.00,N,Not at Intersection, ,,None,,,         ,Nathan,Dungan,,,no,no,no,no,no,False
100723670,METROPOLITAN NASHVILLE POLICE DEPT,20150058872,Davidson,Not in City Limit,1/17/2015 6:24:00 PM,2,0,0,36.103240,-86.932840,I 40,,,,0.00,,,,,,,198.40,N,Not at Intersection, ,Non-Junction,None,,,         ,Shaun,Heath,Clear,Front to Rear,no,no,no,no,no,False
100723671,METROPOLITAN NASHVILLE POLICE DEPT,20150058699,Davidson,Nashville,1/17/2015 5:30:00 PM,2,0,0,36.076010,-86.725220,US HWY 31 ALT,,,,299.00,Feet,South,RAMP,,,,0.00,N,Not at Intersection, ,Non-Junction,None,,,         ,Miguel,Garcia,Clear,Front to Rear,no,no,no,no,no,False
100723682,METROPOLITAN NASHVILLE POLICE DEPT,20150058971,Davidson,Nashville,1/17/2015 5:40:00 PM,2,0,0,36.153960,-86.625540,STEWARTS FERRY PIKE,,,,0.00,,,PERCY PRIEST DR,,,,0.00,Y,T-Intersection,N,Intersection-Related,None,,,         ,Brandon,Vance,Clear,Angle,no,no,no,no,no,False
100723694,METROPOLITAN NASHVILLE POLICE DEPT,20150059336,Davidson,Nashville,1/17/2015 9:00:00 PM,2,0,0,36.149800,-86.861290,US HWY 70,,,,0.00,,,,,,,0.00,,,N,Non-Junction,None,,,         ,Joseph,Jakes,Clear,Other,no,no,no,yes,yes,False
100723702,METROPOLITAN NASHVILLE POLICE DEPT,20150059327,Davidson,Nashville,1/17/2015 9:07:00 PM,2,0,0,36.138480,-86.881810,US HWY 70,,,,438.00,Feet,West,ANNEX AVE,,,,0.00,N,Not at Intersection,N,Non-Junction,None,,,         ,Adam,Reese,Clear,Angle,no,no,no,yes,yes,False
100723706,METROPOLITAN NASHVILLE POLICE DEPT,20150056738,Davidson,Nashville,1/16/2015 10:45:00 PM,2,2,0,36.091310,-86.888050,US HWY 70S,,,,627.00,Feet,South,MELINDA DR,,,,0.00,N,Not at Intersection,N,Non-Junction,None,,,         ,Tyler,Bryson,Clear,"Sideswipe, Same Direction",no,no,no,no,no,False
100723707,METROPOLITAN NASHVILLE POLICE DEPT,20150059467,Davidson,Nashville,1/17/2015 10:11:00 PM,2,1,0,36.174920,-86.756640,S 9TH ST,,,,0.00,,,WOODLAND ST,,,,0.00,Y,Four-Way,N,Non-Junction,None,,,         ,Cressie,Prill,Clear,Angle,no,no,no,no,no,False
100723710,METROPOLITAN NASHVILLE POLICE DEPT,20150059371,Davidson,Nashville,1/17/2015 9:30:00 PM,1,2,0,36.086610,-86.701110,-- UNKNOWN RAMP/ROAD --,,,,0.00,Feet,East,I 24,,,,0.00,N,Not at Intersection,N,Non-Junction,None,,,         ,Paul,Goebel,Clear,Not Collision with Motor Vehicle in Transport,no,no,no,no,no,False
100723712,METROPOLITAN NASHVILLE POLICE DEPT,2014-0055652,Davidson,Nashville,1/16/2015 5:26:00 PM,2,0,0,36.043450,-86.745390,EDMONDSON PIKE,,,,374.00,Feet,West,BRENTWOOD SQ,,,,0.00,N,Not at Intersection, ,Non-Junction,None,,,         ,William,King,Clear,"Sideswipe, Opposite Direction",no,no,no,yes,yes,False
100723719,METROPOLITAN NASHVILLE POLICE DEPT,20150059393,Davidson,Nashville,1/17/2015 9:37:00 PM,2,0,0,0.000000,0.000000,,,I40,,0.00,,,CHURCH,ST,,,0.00,Y,T-Intersection, ,Intersection,None,,,         ,Mekisha,Page,Clear,"Sideswipe, Same Direction",no,no,no,no,no,False
100723721,METROPOLITAN NASHVILLE POLICE DEPT,20150056887,Davidson,Nashville,1/16/2015 11:35:00 PM,2,1,0,36.147430,-86.785700,SOUTH ST,,,,0.00,,,12TH AVE S,,,,0.00,Y,Four-Way,N,Intersection,None,,,         ,Devon,Morgan,Clear,Angle,no,no,no,no,no,False
100723722,METROPOLITAN NASHVILLE POLICE DEPT,20150059550,Davidson,Nashville,1/17/2015 10:55:00 PM,2,0,0,36.161580,-86.775980,US HWY 70,,,,0.00,,,3RD AVE N,,,,0.00,Y,Four-Way, ,Intersection,None,,,         ,William,Thorowgood,Clear,"Sideswipe, Same Direction",no,no,no,no,yes,False
100723723,METROPOLITAN NASHVILLE POLICE DEPT,20150059426,Davidson,Nashville,1/17/2015 9:48:00 PM,3,0,0,36.148230,-86.809080,25TH AVE N,,,,356.00,Feet,North,ELLISTON PL,,,,0.00,N,Not at Intersection, ,Non-Junction,None,,,         ,Charles,Griffin,Clear,"Sideswipe, Same Direction",no,no,no,no,no,Campus
100723752,METROPOLITAN NASHVILLE POLICE DEPT,20150059822,Davidson,Nashville,1/18/2015 12:00:00 AM,2,0,0,36.146010,-86.767370,US HWY 31 ALT,,,,211.00,Feet,South,MALORY ST,,,,0.00,N,Not at Intersection, ,Non-Junction,None,,,         ,Jesse,Lockard,Clear,"Sideswipe, Same Direction",no,no,no,no,no,False
100723762,METROPOLITAN NASHVILLE POLICE DEPT,20150060091,Davidson,Nashville,1/18/2015 2:03:00 AM,1,1,0,36.059740,-86.704920,TUSCULUM RD,,,,0.00,,,HICKORY GLADE DR,,,,0.00,Y,T-Intersection,N,Non-Junction,None,,,         ,Joshua,Vaughn,Clear,Not Collision with Motor Vehicle in Transport,no,no,no,no,no,False
100723767,METROPOLITAN NASHVILLE POLICE DEPT,20150060131,Davidson,Nashville,1/18/2015 2:23:00 AM,2,0,0,36.217030,-86.819580,BUENA VISTA PIKE,,,,0.00,Feet,,ROWAN DR,,,,0.00,Y,T-Intersection, ,Intersection,None,,,         ,Charles,Duke,Rain,"Sideswipe, Same Direction",no,no,no,no,yes,False
100723777,METROPOLITAN NASHVILLE POLICE DEPT,20150060360,Davidson,Nashville,1/18/2015 12:00:00 AM,1,0,0,0.000000,0.000000,MURFREESBORO,RD,,,0.50,Miles,South,FAIRCLOTH,DR,,,0.00,N,Not at Intersection,N,Non-Junction,None,,,         ,Bridget,Griepentrog,Clear,Not Collision with Motor Vehicle in Transport,no,no,no,no,yes,False
100723778,METROPOLITAN NASHVILLE POLICE DEPT,2015-0060246,Davidson,Nashville,1/18/2015 2:30:00 AM,2,0,0,36.242590,-86.756830,US HWY 31W,,,,3.00,Feet,North,DOVERSIDE DR,,,,0.00,N,Not at Intersection, ,Non-Junction,None,,,         ,Michael,Johnson,Cloudy,Unknown,no,no,no,yes,yes,False
100723779,METROPOLITAN NASHVILLE POLICE DEPT,20150057523,Davidson,Nashville,1/17/2015 5:11:00 AM,2,2,0,36.135040,-86.629920,BELL RD,,,,0.00,,,TRAILS END LN,,,,0.00,Y,T-Intersection,N,Intersection,None,,,         ,Bridget,Griepentrog,Clear,"Sideswipe, Opposite Direction",no,no,no,no,no,False
100723784,METROPOLITAN NASHVILLE POLICE DEPT,20150060347,Davidson,Nashville,1/18/2015 4:15:00 AM,2,0,0,36.233840,-86.792380,GWYNNWOOD DR,,,,200.00,Feet,North,EWINGDALE DR,,,,0.00,N,Not at Intersection,N,Non-Junction,None,,,         ,Matthew,Lachance,Clear,Unknown,no,no,no,no,yes,False
100723785,METROPOLITAN NASHVILLE POLICE DEPT,20150056750,Davidson,Nashville,1/16/2015 10:50:00 PM,1,1,0,36.153040,-86.787370,I 40,,,,0.00,,,,,,,209.35,N,Not at Intersection,Y,Entrance/Exit Ramp Related,None,,,         ,Brandon,Hicks,Clear,Not Collision with Motor Vehicle in Transport,no,no,no,no,no,False
100723796,METROPOLITAN NASHVILLE POLICE DEPT,20150060025,Davidson,Nashville,1/18/2015 1:37:00 AM,1,0,0,36.061690,-86.676060,ANTIOCH PIKE,,,,1292.00,Feet,South,GOODWIN RD,,,,0.00,N,Not at Intersection,N,Non-Junction,None,,,         ,Wallis,Massey,Clear,Not Collision with Motor Vehicle in Transport,no,no,no,no,no,False
100723799,METROPOLITAN NASHVILLE POLICE DEPT,20150053698,Davidson,Nashville,1/16/2015 6:27:00 AM,1,1,0,36.054960,-86.690860,LUKER LN,,,,0.00,,,OLIVIA DR,,,,0.00,Y,T-Intersection,N,Non-Junction,None,,,         ,Dezmond,Hughes,Clear,Not Collision with Motor Vehicle in Transport,no,no,no,no,no,False
100723809,METROPOLITAN NASHVILLE POLICE DEPT,20150045397,Davidson,Nashville,1/14/2015 8:06:00 AM,3,0,0,36.164150,-86.601040,BELL RD,,,,247.00,Feet,North,ARBOR LAKE BLVD,,,,0.00,N,Not at Intersection, ,Non-Junction,None,,,         ,Luis,Lopez,Cloudy,Front to Rear,no,no,no,no,no,False
100723823,METROPOLITAN NASHVILLE POLICE DEPT,20150058240,Davidson,Nashville,1/17/2015 12:20:00 PM,2,0,0,36.112300,-86.767010,STATE HWY 155,,,,0.00,,,BRANSFORD AVE,,,,0.00,Y,Four-Way,N,Non-Junction,None,,,         ,David,Anderson,Clear,"Sideswipe, Same Direction",no,no,no,no,yes,False
100723825,METROPOLITAN NASHVILLE POLICE DEPT,20150060504,Davidson,Antioch,1/17/2015 8:00:00 AM,2,0,0,36.013380,-86.618990,EXIT 62,,,,0.00,Feet,East,I 24,,,,0.00,N,Not at Intersection,N,Non-Junction,None,,,         ,Steven,Snitzer,Clear,Angle,no,no,no,yes,yes,False
100723852,METROPOLITAN NASHVILLE POLICE DEPT,20150060553,Davidson,Nashville,1/18/2015 12:00:00 AM,1,0,0,36.141650,-86.884360,ANNEX AVE,,,,0.00,,,,,,,0.00,,,N,Non-Junction,None,,,         ,Ryan,Burger,Unknown,Not Collision with Motor Vehicle in Transport,no,no,no,no,yes,False
100723864,METROPOLITAN NASHVILLE POLICE DEPT,20150058269,Davidson,Nashville,1/17/2015 1:45:00 PM,2,2,0,36.211000,-86.838920,US HWY 41 ALT,,,,0.00,,,FAIRVIEW DR,,,,0.00,Y,Four-Way,N,Intersection,None,,,         ,Ryan,Caulfield,Clear,Angle,no,no,no,no,no,False
100723880,VANDERBILT UNIVERSITY POLICE,15-058254,Davidson,Nashville,1/17/2015 12:44:00 PM,2,0,0,36.110100,-86.766070,POWELL AVE,,,,0.00,,,,,,,0.00,,, ,Non-Junction,None,,,         ,Robert,Pasinger,Clear,Rear to Rear,no,no,no,yes,no,OHO
100723895,METROPOLITAN NASHVILLE POLICE DEPT,20150057953,Davidson,Madison,1/17/2015 10:00:00 AM,2,0,0,36.262050,-86.712260,US HWY 31E,,,,74.00,Feet,South,E OLD HICKORY BLVD,,,,0.00,N,Not at Intersection, ,Unknown,None,,,         ,Christopher,Mackey,Clear,"Sideswipe, Opposite Direction",no,no,no,no,no,False
100723898,METROPOLITAN NASHVILLE POLICE DEPT,20150058098,Davidson,Nashville,1/17/2015 11:25:00 AM,2,0,0,36.025860,-86.712990,US HWY 31 ALT,,,,126.00,Feet,North,LENOX VILLAGE DR,,,,0.00,N,Not at Intersection, ,Non-Junction,None,,,         ,Thomas,West,Clear,Front to Rear,no,no,no,no,no,False
100723899,METROPOLITAN NASHVILLE POLICE DEPT,20150060853,Davidson,Nashville,1/18/2015 11:03:00 AM,2,0,0,36.175500,-86.798500,ARTHUR AVE,,,,102.00,Feet,West,CHEATHAM PL,,,,0.00,N,Not at Intersection, ,,None,,,         ,Ryan,Caulfield,,,no,no,no,no,no,False
100723900,METROPOLITAN NASHVILLE POLICE DEPT,2015-0060689,Davidson,Nashville,1/18/2015 9:19:00 AM,2,1,0,36.075970,-86.659900,UNA ANTIOCH PIKE,,,,18.00,Feet,East,TREETOP DR,,,,0.00,N,Not at Intersection,N,Non-Junction,None,,,         ,Stanley,Collins,Clear,Angle,no,no,no,no,yes,False
100723909,METROPOLITAN NASHVILLE POLICE DEPT,20150045776,Davidson,Nashville,1/14/2015 10:40:00 AM,2,0,0,36.180910,-86.824250,BUCHANAN ST,,,,0.00,,,ED TEMPLE BLVD,,,,0.00,Y,Four-Way,N,Intersection-Related,None,,,         ,Steven,Spillers,Clear,Front to Rear,no,no,no,no,yes,False
100723917,METROPOLITAN NASHVILLE POLICE DEPT,20150060884,Davidson,Nashville,1/18/2015 11:20:00 AM,2,0,0,36.167230,-86.779620,3RD AVE N,,,,0.00,,,US HWY 31,,,,0.00,Y,Four-Way,N,Intersection,None,,,         ,Johnny,Crumby Jr.,Clear,Angle,no,no,no,no,no,False
100723920,METROPOLITAN NASHVILLE POLICE DEPT,20150060794,Davidson,Nashville,1/18/2015 10:20:00 AM,2,0,0,36.157090,-86.832710,ALAMEDA ST,,,,35.00,Feet,North,CLIFTON AVE,,,,0.00,N,Not at Intersection,N,Non-Junction,None,,,         ,Daniel,Alford,Clear,Angle,no,no,no,no,no,False
100723933,METROPOLITAN NASHVILLE POLICE DEPT,20150060805,Davidson,Nashville,1/18/2015 10:29:00 AM,2,0,0,36.145400,-86.659060,ELM HILL PIKE,,,,55.00,Feet,East,COLFAX DR,,,,0.00,N,Not at Intersection, ,Non-Junction,None,,,         ,Darryl,Williams,Clear,"Sideswipe, Same Direction",no,no,no,no,no,False
100723939,METROPOLITAN NASHVILLE POLICE DEPT,20150060974,Davidson,Nashville,1/18/2015 12:37:00 PM,2,0,0,36.041770,-86.816240,GRANNY WHITE PIKE,,,,556.00,Feet,North,STATE HWY 254,,,,0.00,N,Not at Intersection, ,Non-Junction,None,,,         ,Mark,Harrison,Clear,Front to Rear,no,no,no,no,no,False
100723945,METROPOLITAN NASHVILLE POLICE DEPT,20150060945,Davidson,Nashville,1/18/2015 12:13:00 PM,1,0,0,36.132500,-86.744800,TREDCO DR,,,,0.00,,,TERMINAL CT,,,,0.00,Y,T-Intersection, ,Non-Junction,None,,,         ,Christopher,Hanor,Clear,Not Collision with Motor Vehicle in Transport,no,no,no,no,no,False
100723954,METROPOLITAN NASHVILLE POLICE DEPT,20150060999,Davidson,Nashville,1/18/2015 12:35:00 PM,2,0,0,36.120690,-86.807970,LOMBARDY AVE,,,,0.00,,,US HWY 431,,,,0.00,Y,Four-Way, ,,None,,,         ,Brian,Myatt,,,no,no,no,no,no,False
100723959,VANDERBILT UNIVERSITY POLICE,2015-061012,Davidson,Nashville,1/18/2015 12:25:00 PM,2,0,0,36.142020,-86.800620,US HWY 431,,,,0.00,,,,,,,0.00,,, ,,None,,,         ,Bridney,Jones,,,no,no,no,yes,no,Campus
100723963,METROPOLITAN NASHVILLE POLICE DEPT,20150060697,Davidson,Nashville,1/18/2015 9:20:00 AM,2,0,0,36.096150,-86.655630,US HWY 41,,,,0.00,,,SMITH SPRINGS RD,,,,0.00,Y,T-Intersection,N,Intersection,None,,,         ,Gerald,Gomes,Clear,Angle,no,no,no,no,no,False
100723965,METROPOLITAN NASHVILLE POLICE DEPT,20150060985,Davidson,Nashville,1/18/2015 1:00:00 PM,2,0,0,36.045530,-86.658360,EXIT 59,,,,0.00,,,I 24,,,,0.00,Y,Four-Way, ,Non-Junction,None,,,         ,Roderic,Williams,Clear,Front to Rear,no,no,no,no,no,False
100723974,METROPOLITAN NASHVILLE POLICE DEPT,20150061084,Davidson,Nashville,1/18/2015 1:30:00 PM,2,1,0,36.149200,-86.773850,I 40,,,,0.00,,,,,,,210.20,N,Not at Intersection,Y,Entrance/Exit Ramp Related,None,,,         ,Gregory,Lindstrom,Clear,Front to Rear,no,no,no,no,no,False
100723976,METROPOLITAN NASHVILLE POLICE DEPT,20150061059,Davidson,Nashville,1/18/2015 1:36:00 PM,2,2,0,36.214370,-86.597660,ANDREW JACKSON PKWY,,,,175.00,Feet,South,US HWY 70,,,,0.00,N,Not at Intersection,N,Non-Junction,None,,,         ,Craig,Carlson,Clear,Angle,no,no,no,no,no,False
100723987,METROPOLITAN NASHVILLE POLICE DEPT,2015-0061066,Davidson,Nashville,1/18/2015 1:44:00 PM,2,1,0,36.153220,-86.769550,ASH ST,,,,0.00,,,2ND AVE S,,,,0.00,Y,T-Intersection,N,Intersection,None,,,         ,Paul,Sorace,Clear,"Sideswipe, Same Direction",no,no,no,no,no,False
100723996,METROPOLITAN NASHVILLE POLICE DEPT,20150061046,Davidson,Nashville,1/18/2015 1:18:00 PM,3,0,0,36.104050,-86.741710,MCIVER ST,,,,0.00,,,SUNRISE AVE,,,,0.00,Y,Four-Way, ,Intersection-Related,None,,,         ,Tien,Nguyen,Clear,Front to Rear,no,no,no,no,yes,False
100724003,METROPOLITAN NASHVILLE POLICE DEPT,20150061192,Davidson,Nashville,1/18/2015 2:28:00 PM,2,0,0,36.121490,-86.750540,-- UNKNOWN RAMP/ROAD --,,,,0.00,,,I 440,,,,0.00,Y,T-Intersection, ,Intersection-Related,None,,,         ,Tien,Nguyen,Clear,Front to Rear,no,no,no,no,no,False