master_record_number,agency,agency_tracking_number,county,city,collision_date,vehicles_involved,number_injured,number_dead,latitude,longitude,roadway_name,roadway_suffix,roadway_number,roadway_local_id,distance_from_reference,miles-feet_indicator,direction_from_reference,intersection_road_name,intersection_road_name_suffix,intersection_road_number,intersection_local_id,mile_marker,intersection_indicator,intersect_type,interchange_related_indicator,relation_to_junction,work_zone_type,construction_maintenance_zone,construction_maintenance_zone_location,fatal_case_number,officer_first_name,officer_last_name,weather_condition(s),manner_of_crash,pedestrian,bicycle,scooter,parking,hitrun,mou
100724005,METROPOLITAN NASHVILLE POLICE DEPT,20150060973,Davidson,Nashville,1/18/2015 12:20:00 PM,1,0,0,36.079170,-86.805630,GRANNY WHITE PIKE,,,,215.00,Feet,North,OVERTON LEA RD,,,,0.00,N,Not at Intersection,N,Non-Junction,None,,,         ,Thomas,West,Clear,Not Collision with Motor Vehicle in Transport,no,no,no,no,no,False
100724019,METROPOLITAN NASHVILLE POLICE DEPT,20150061207,Davidson,Nashville,1/18/2015 2:06:00 PM,2,1,0,36.061250,-86.911180,STATE HWY 100,,,,1442.00,Feet,East,STATE HWY 251,,,,0.00,N,Not at Intersection,N,Non-Junction,None,,,         ,Dustin,Tidwell,Clear,Front to Rear,no,no,no,no,no,False
100724054,METROPOLITAN NASHVILLE POLICE DEPT,20150061377,Davidson,Antioch,1/18/2015 3:00:00 PM,2,0,0,36.059720,-86.596500,STATE HWY 171,,,,595.00,Feet,North,HAMILTON CHURCH RD,,,,0.00,N,Not at Intersection,N,Non-Junction,None,,,         ,Thomas,Odom,Clear,Front to Rear,no,no,no,no,no,False
100724063,METROPOLITAN NASHVILLE POLICE DEPT,20150061339,Davidson,Nashville,1/18/2015 4:46:00 PM,2,1,0,36.264420,-86.732320,STATE HWY 45,,,,0.00,,,N GRAYCROFT AVE,,,,0.00,Y,Four-Way,N,Non-Junction,None,,,         ,Ryan,Stanford,Clear,Angle,no,no,no,no,no,False
100724083,METROPOLITAN NASHVILLE POLICE DEPT,20150061238,Davidson,Nashville,1/18/2015 4:05:00 PM,2,0,0,36.184540,-86.764820,LISCHEY AVE,,,,0.00,,,ARRINGTON ST,,,,0.00,Y,T-Intersection, ,Intersection-Related,None,,,         ,Audrey,Fellingham,Clear,Angle,no,no,no,no,no,False
100724093,METROPOLITAN NASHVILLE POLICE DEPT,20150059549,Davidson,Nashville,1/17/2015 10:45:00 PM,2,0,0,36.154310,-86.770270,2ND AVE S,,,,60.00,Feet,North,ELM ST,,,,0.00,N,Not at Intersection,N,Non-Junction,None,,,         ,Steven,Hewitt,Clear,"Sideswipe, Same Direction",no,no,no,no,no,False
100724094,METROPOLITAN NASHVILLE POLICE DEPT,20150061611,Davidson,Nashville,1/18/2015 7:18:00 PM,2,0,0,36.149890,-86.796730,DIVISION ST,,,,0.00,,,LYLE AVE,,,,0.00,Y,T-Intersection, ,Intersection-Related,None,,,         ,Tien,Nguyen,Clear,Front to Rear,no,no,no,no,no,False
100724098,METROPOLITAN NASHVILLE POLICE DEPT,20150061535,Davidson,Nashville,1/18/2015 5:45:00 PM,2,0,0,36.185070,-86.759890,CLEVELAND ST,,,,0.00,,,US HWY 31E,,,,0.00,Y,Four-Way,N,Intersection,None,,,         ,Audrey,Fellingham,Clear,Angle,no,no,no,no,no,False
100724101,METROPOLITAN NASHVILLE POLICE DEPT,20150061607,Davidson,Nashville,1/18/2015 5:08:00 PM,2,0,0,36.143670,-86.688890,I 40,,,,0.00,,,,,,,215.35,N,Not at Intersection, ,Non-Junction,None,,,         ,Lukas,Cantrell,Clear,"Sideswipe, Same Direction",no,no,no,no,yes,False
100724108,METROPOLITAN NASHVILLE POLICE DEPT,20150061616,Davidson,Nashville,1/18/2015 6:53:00 PM,2,1,0,36.193040,-86.624070,JACKSONIAN DR,,,,99.00,Feet,West,US HWY 70,,,,0.00,N,Not at Intersection,N,Non-Junction,None,,,         ,Michael,Apsey,Clear,HeadOn,no,no,no,no,no,False
100724110,METROPOLITAN NASHVILLE POLICE DEPT,20150061612,Davidson,Nashville,1/18/2015 7:05:00 PM,2,0,0,36.089520,-86.627270,BELL RD,,,,110.00,Feet,North,NASHBORO BLVD,,,,0.00,N,Not at Intersection,N,Non-Junction,None,,,         ,Brandon,Vance,Clear,"Sideswipe, Same Direction",no,no,no,no,no,False
100724114,METROPOLITAN NASHVILLE POLICE DEPT,20150061715,Davidson,Nashville,1/18/2015 12:00:00 AM,2,0,0,36.197100,-86.755210,BLUE RIDGE DR,,,,0.00,,,MONTGOMERY AVE,,,,0.00,Y,OTHER,N,Non-Junction,None,,,         ,Paul,Stein,Clear,Rear to Side,no,no,no,no,yes,False
100724117,METROPOLITAN NASHVILLE POLICE DEPT,20150061282,Davidson,Nashville,1/18/2015 4:09:00 PM,2,0,0,36.129630,-86.700270,GOODBAR DR,,,,120.00,Feet,North,ALADDIN DR,,,,0.00,N,Not at Intersection,N,Non-Junction,None,,,         ,David,Abbott,Clear,Angle,no,no,no,no,no,False
100724129,METROPOLITAN NASHVILLE POLICE DEPT,20150061118,Davidson,Nashville,1/18/2015 2:15:00 PM,2,1,0,36.104800,-86.814590,RICHARD JONES RD,,,,0.00,,,US HWY 431,,,,0.00,Y,T-Intersection,N,Intersection-Related,None,,,         ,Alex,Lampley,Clear,Front to Rear,no,no,no,no,no,False
100724133,METROPOLITAN NASHVILLE POLICE DEPT,20150061780,Davidson,Nashville,1/18/2015 8:51:00 PM,2,0,0,36.226410,-86.695770,STATE HWY 155,,,,2373.00,Feet,North,MUSIC VALLEY DR,,,,0.00,N,Not at Intersection,N,Non-Junction,None,,,         ,Leslie,Hale,Clear,"Sideswipe, Same Direction",no,no,no,no,yes,False
100724134,METROPOLITAN NASHVILLE POLICE DEPT,20150059622,Davidson,Nashville,1/18/2015 11:13:00 PM,2,0,0,36.153990,-86.787800,DEMONBREUN ST,,,,0.00,,,-- UNKNOWN RAMP/ROAD --,,,,0.00,Y,Four-Way, ,Intersection-Related,None,,,         ,Kelcey,Bell,Clear,Angle,no,no,no,no,no,False
100724148,METROPOLITAN NASHVILLE POLICE DEPT,2015-0040146,Davidson,Not in City Limit,1/12/2015 11:34:00 PM,2,0,0,36.271580,-86.689620,MYATT DR,,,,192.00,Feet,South,ANDERSON LN,,,,0.00,N,Not at Intersection,N,Non-Junction,None,,,         ,Christopher,Templin,Rain,"Sideswipe, Same Direction",no,no,no,no,no,False
100724149,METROPOLITAN NASHVILLE POLICE DEPT,20150061748,Davidson,Nashville,1/18/2015 8:40:00 PM,3,0,0,36.142510,-86.680470,-- UNKNOWN RAMP/ROAD --,,,,0.00,,,I 40,,,,0.00,Y,Y-Intersection, ,Non-Junction,None,,,         ,James,Patterson,Clear,Not Collision with Motor Vehicle in Transport,no,no,no,no,no,False
100724152,METROPOLITAN NASHVILLE POLICE DEPT,20150061707,Davidson,Nashville,1/18/2015 8:15:00 PM,2,1,0,36.152430,-86.766310,I 40,,,,0.00,,,,,,,210.60,N,Not at Intersection,N,Entrance/Exit Ramp Related,Maintenance Zone,Laneclosure,Activity Area,         ,Austin,Childress,Clear,Front to Rear,no,no,no,no,no,False
100724153,METROPOLITAN NASHVILLE POLICE DEPT,20150061514,Davidson,Nashville,1/18/2015 6:13:00 PM,2,0,0,36.122400,-86.630520,BELL RD,,,,113.00,Feet,South,WOODLAND POINT DR,,,,0.00,N,Not at Intersection,N,Non-Junction,Construction Zone,Work On Shoulder Or Median,Activity Area,         ,Thomas,Barnes,Clear,Front to Rear,no,no,no,no,no,False
100724173,METROPOLITAN NASHVILLE POLICE DEPT,20150061945,Davidson,Nashville,1/18/2015 10:21:00 PM,2,0,0,36.176530,-86.801730,11TH AVE N,,,,219.00,Feet,South,COCKRILL ST,,,,0.00,N,Not at Intersection,N,Non-Junction,None,,,         ,Kevin,Frei,Clear,"Sideswipe, Opposite Direction",no,no,no,no,yes,False
100724189,METROPOLITAN NASHVILLE POLICE DEPT,20150061116,Davidson,Nashville,1/18/2015 2:26:00 PM,2,1,0,36.082550,-86.710960,STATE HWY 255,,,,139.00,Feet,West,TAMPA DR,,,,0.00,N,Not at Intersection,N,Non-Junction,None,,,         ,Jared,Jenkins,Clear,Front to Rear,no,no,no,no,yes,False
100724235,METROPOLITAN NASHVILLE POLICE DEPT,20150062059,Davidson,Nashville,1/18/2015 10:40:00 PM,2,0,0,36.070560,-86.665010,BARCLAY SQUARE DR,,,,103.00,Feet,East,ANDREA CT,,,,0.00,N,Not at Intersection, ,Non-Junction,None,,,         ,William,Williams,Clear,Unknown,no,no,no,no,yes,False
100724243,Nashville Airport Police,2015-00111,Davidson,Nashville,1/17/2015 12:00:00 AM,1,0,0,36.136960,-86.665290,RAMP,,,,0.00,,,TERMINAL DR,,,,0.00,Y,OTHER, ,OtherLocation,None,,,         ,Christopher,Lueders,Clear,Not Collision with Motor Vehicle in Transport,no,no,no,no,no,False
100724249,METROPOLITAN NASHVILLE POLICE DEPT,20150054177,Davidson,Nashville,1/16/2015 9:41:00 AM,3,1,0,36.139530,-86.700300,KAREN DR,,,,0.00,,,STATE HWY 155,,,,0.00,Y,Four-Way,N,Intersection,None,,,         ,James,Curtis,Clear,Angle,no,no,no,no,no,False
100724250,METROPOLITAN NASHVILLE POLICE DEPT,20150061115,Davidson,Nashville,1/18/2015 2:15:00 PM,2,0,0,36.203760,-86.740140,E TRINITY LN,,,,292.00,Feet,East,CASPER AVE,,,,0.00,N,Not at Intersection,N,Non-Junction,None,,,         ,Jared,Eaves,Clear,Front to Rear,no,no,no,no,no,False
100724257,METROPOLITAN NASHVILLE POLICE DEPT,20150062897,Davidson,Nashville,1/19/2015 6:00:00 AM,2,0,0,36.170800,-86.877130,COCKRILL BEND BLVD,,,,19.00,Feet,East,WESTBELT DR,,,,0.00,N,Not at Intersection,N,Non-Junction,None,,,         ,Autumn,Manning,Clear,Angle,no,no,no,no,no,False
100724265,METROPOLITAN NASHVILLE POLICE DEPT,20150030873,Davidson,Nashville,1/9/2015 1:30:00 PM,3,0,0,36.174830,-86.761100,N 7TH ST,,,,120.00,Feet,North,MAIN ST,,,,0.00,N,Not at Intersection,N,Non-Junction,None,,,         ,Whitney,Arnold,Clear,Unknown,no,no,no,yes,yes,False
100724269,METROPOLITAN NASHVILLE POLICE DEPT,20150063073,Davidson,Nashville,1/19/2015 7:48:00 AM,2,0,0,36.216920,-86.693580,RAMP,,,,0.00,,,MCGAVOCK PIKE,,,,0.00,Y,T-Intersection, ,,None,,,         ,James,Curtis,,,no,no,no,no,no,False
100724270,METROPOLITAN NASHVILLE POLICE DEPT,20150062978,Davidson,Nashville,1/19/2015 7:10:00 AM,2,0,0,36.185800,-86.793900,4TH AVE N,,,,277.00,Feet,South,COFFEE ST,,,,0.00,N,Not at Intersection, ,Non-Junction,None,,,         ,Rodney,Clark,Clear,"Sideswipe, Same Direction",no,no,no,no,no,False
100724275,METROPOLITAN NASHVILLE POLICE DEPT,20150063015,Davidson,Nashville,1/19/2015 7:21:00 AM,2,0,0,36.135690,-86.725030,US HWY 41,,,,0.00,,,SPENCE LN,,,,0.00,Y,Four-Way,N,Non-Junction,None,,,         ,Ian,Hammond,Clear,"Sideswipe, Same Direction",no,no,no,no,no,False
100724277,METROPOLITAN NASHVILLE POLICE DEPT,2015-0054590,Davidson,Nashville,1/16/2015 11:50:00 AM,2,0,0,36.198980,-86.716950,PINEHURST DR,,,,0.00,,,STRATFORD AVE,,,,0.00,Y,T-Intersection, ,Intersection,None,,,         ,Coleman,Womack,Clear,Angle,no,no,no,no,no,False
100724278,METROPOLITAN NASHVILLE POLICE DEPT,20150063047,Davidson,Nashville,1/19/2015 7:35:00 AM,2,2,0,36.111510,-86.758010,STATE HWY 155,,,,0.00,,,KRAFT DR,,,,0.00,Y,T-Intersection,N,Intersection,None,,,         ,Justin,Pinkelton,Clear,Angle,no,no,no,no,no,False
100724279,METROPOLITAN NASHVILLE POLICE DEPT,20150060809,Davidson,Madison,1/18/2015 9:45:00 AM,1,1,0,0.000000,0.000000,BAKER STATION ROAD,,US11,,1.00,Feet,,,,,,1.00,N,Not at Intersection,N,Non-Junction,None,,,         ,Faye,Denson,Clear,Not Collision with Motor Vehicle in Transport,no,no,no,no,no,False
100724281,METROPOLITAN NASHVILLE POLICE DEPT,2015-0063152,Davidson,Nashville,1/19/2015 8:00:00 AM,1,0,0,36.152970,-86.857690,STATE HWY 155,,,,19.00,Feet,South,RAMP,,,,0.00,N,Not at Intersection,N,Non-Junction,None,,,         ,Curtis,Rich,Clear,Not Collision with Motor Vehicle in Transport,no,no,no,no,no,False
100724282,METROPOLITAN NASHVILLE POLICE DEPT,2015-0055023,Davidson,Nashville,1/16/2015 2:00:00 PM,2,0,0,36.144720,-86.872370,US HWY 70,,,,139.00,Feet,East,AMERICAN RD,,,,0.00,N,Not at Intersection,N,Non-Junction,None,,,         ,George,Spencer,Clear,Angle,no,no,no,no,no,False
100724290,METROPOLITAN NASHVILLE POLICE DEPT,20150060885,Davidson,Nashville,1/18/2015 11:10:00 AM,2,0,0,36.148780,-86.746040,I 40,,,,0.00,,,,,,,211.85,N,Not at Intersection, ,Non-Junction,None,,,         ,Jason,Smith,Clear,"Sideswipe, Same Direction",no,no,no,no,no,False
100724291,METROPOLITAN NASHVILLE POLICE DEPT,20150063109,Davidson,Nashville,1/19/2015 7:44:00 AM,2,0,0,36.153170,-86.688360,ELM HILL PIKE,,,,179.00,Feet,West,ATRIUM WAY,,,,0.00,N,Not at Intersection, ,Non-Junction,None,,,         ,James,Curtis,Clear,"Sideswipe, Opposite Direction",no,no,no,no,yes,False
100724297,VANDERBILT UNIVERSITY POLICE,15-061121,Davidson,Nashville,1/19/2015 1:30:00 PM,2,0,0,36.110740,-86.766390,POWELL AVE,,,,0.00,,,,,,,0.00,,, ,Non-Junction,None,,,         ,Robert,Pasinger,Clear,"Sideswipe, Opposite Direction",no,no,no,yes,yes,OHO
100724300,METROPOLITAN NASHVILLE POLICE DEPT,2015-0063181,Davidson,Nashville,1/19/2015 9:00:00 AM,2,0,0,36.156330,-86.865930,STEVENSON ST,,,,88.00,Feet,South,ROBERTSON AVE,,,,0.00,N,Not at Intersection, ,Non-Junction,None,,,         ,Kevin,Steele,Clear,Front to Rear,no,no,no,no,yes,False
100724301,METROPOLITAN NASHVILLE POLICE DEPT,20150063235,Davidson,Nashville,1/19/2015 8:47:00 AM,2,0,0,36.141830,-86.782200,EDGEHILL AVE,,,,344.00,Feet,West,9TH AVE S,,,,0.00,N,Not at Intersection, ,Non-Junction,None,,,         ,Nathan,Kemp,Clear,"Sideswipe, Same Direction",no,no,no,no,no,False
100724302,METROPOLITAN NASHVILLE POLICE DEPT,20150063180,Davidson,Nashville,1/19/2015 8:25:00 AM,1,0,0,36.079070,-86.704900,HILLBROOK DR,,,,0.00,,,WALLACE RD,,,,0.00,Y,T-Intersection,N,Intersection,None,,,         ,Todd,Watson,Clear,Not Collision with Motor Vehicle in Transport,no,no,no,no,no,False
100724304,METROPOLITAN NASHVILLE POLICE DEPT,20150063260,Davidson,Nashville,1/19/2015 8:13:00 AM,1,0,0,36.110820,-86.625130,BELL RD,,,,0.00,,,,,,,0.00,,,N,Non-Junction,None,,,         ,James,Curtis,Clear,Not Collision with Motor Vehicle in Transport,no,no,no,no,no,False
100724312,METROPOLITAN NASHVILLE POLICE DEPT,2015-0061068,Davidson,Nashville,1/18/2015 1:50:00 PM,2,1,0,36.168310,-86.760320,S 6TH ST,,,,0.00,,,SHELBY AVE,,,,0.00,Y,OTHER,N,Non-Junction,None,,,         ,Aaron,Wigginton,Clear,Front to Rear,no,no,no,no,no,False
100724314,METROPOLITAN NASHVILLE POLICE DEPT,2015-0063422,Davidson,Nashville,1/19/2015 9:50:00 AM,2,0,0,36.151940,-86.849230,US HWY 70,,,,197.00,Feet,West,51ST AVE N,,,,0.00,N,Not at Intersection, ,,None,,,         ,Curtis,Rich,,,no,no,no,no,no,False
100724319,METROPOLITAN NASHVILLE POLICE DEPT,2015-0054752,Davidson,Nashville,1/16/2015 12:30:00 PM,2,0,0,36.203870,-86.738320,GALLATIN PIKE,,,,0.00,,,LELAND AVE,,,,0.00,Y,T-Intersection, ,Intersection,None,,,         ,Coleman,Womack,Clear,Angle,no,no,no,no,no,False
100724325,METROPOLITAN NASHVILLE POLICE DEPT,20150063564,Davidson,Nashville,1/19/2015 10:21:00 AM,2,0,0,36.142740,-86.787020,12TH AVE S,,,,0.00,,,EDGEHILL AVE,,,,0.00,Y,Four-Way,N,Intersection,None,,,         ,Nathan,Kemp,Clear,Front to Rear,no,no,no,no,no,False
100724335,METROPOLITAN NASHVILLE POLICE DEPT,20150063502,Davidson,Nashville,1/19/2015 10:04:00 AM,2,1,0,36.137460,-86.699800,STATE HWY 155,,,,74.00,Feet,North,GLASTONBURY RD,,,,0.00,N,Not at Intersection,N,Non-Junction,None,,,         ,Jason,Cregan,Clear,Front to Rear,no,no,no,no,no,False
100724338,METROPOLITAN NASHVILLE POLICE DEPT,2015-0063343,Davidson,Nashville,1/19/2015 9:15:00 AM,2,0,0,36.067660,-86.687810,I 24,,,,0.00,,,,,,,57.15,N,Not at Intersection, ,Non-Junction,Unknown,,,         ,Jeffrey,Nidiffer,,Not Collision with Motor Vehicle in Transport,no,no,no,no,yes,False
100724340,METROPOLITAN NASHVILLE POLICE DEPT,20150063509,Davidson,Nashville,1/19/2015 10:05:00 AM,2,0,0,36.149690,-86.666320,STATE HWY 255,,,,328.00,Feet,North,ELM HILL PIKE,,,,0.00,N,Not at Intersection, ,Non-Junction,None,,,         ,Larry,Benz,Clear,Front to Rear,no,no,no,no,no,False
100724348,METROPOLITAN NASHVILLE POLICE DEPT,20150063439,Davidson,Nashville,1/19/2015 9:49:00 AM,2,0,0,36.168280,-86.688590,US HWY 70,,,,0.00,Feet,,STATE HWY 155,,,,0.00,Y,OTHER, ,Entrance/Exit Ramp Related,None,,,         ,Johnathan,Carlisle,Clear,Front to Rear,no,no,no,no,no,False
100724351,METROPOLITAN NASHVILLE POLICE DEPT,2015-0063629,Davidson,Nashville,1/19/2015 10:30:00 AM,2,0,0,36.238810,-86.723800,US HWY 31E,,,,0.00,,,WALTON LN,,,,0.00,Y,OTHER, ,,None,,,         ,Coleman,Womack,,,no,no,no,no,no,False
100724364,BERRY HILL POLICE DEPT,15-0226,Davidson,Berry Hill,1/16/2015 3:15:00 PM,2,0,0,36.114630,-86.762490,E IRIS DR,,,,121.00,Feet,East,ERICA PL,,,,0.00,N,Not at Intersection, ,Non-Junction,None,,,         ,John,Gleixner,Clear,Angle,no,no,no,yes,yes,False
100724366,METROPOLITAN NASHVILLE POLICE DEPT,20150063699,Davidson,Nashville,1/19/2015 11:00:00 AM,2,0,0,36.156570,-86.787470,12TH AVE S,,,,0.00,,,US HWY 70,,,,0.00,Y,Four-Way, ,Intersection,None,,,         ,Johnny,Crumby Jr.,Clear,Front to Rear,no,no,no,no,yes,False
100724367,METROPOLITAN NASHVILLE POLICE DEPT,20150063801,Davidson,Nashville,1/19/2015 11:29:00 AM,2,0,0,36.151780,-86.795610,US HWY 431,,,,134.00,Feet,South,18TH AVE S,,,,0.00,N,Not at Intersection,N,Non-Junction,None,,,         ,Nathan,Kemp,Clear,Angle,no,no,no,yes,yes,False
100724371,BERRY HILL POLICE DEPT,15-0227,Davidson,Berry Hill,1/16/2015 5:50:00 PM,2,0,0,36.119660,-86.770990,BERRY RD,,,,165.00,Feet,West,FESSEY PARK RD,,,,0.00,N,Not at Intersection,N,Non-Junction,None,,,         ,John,Gleixner,Clear,Angle,no,no,no,no,no,False
100724390,METROPOLITAN NASHVILLE POLICE DEPT,2015-0064104,Davidson,Nashville,1/19/2015 1:00:00 PM,2,0,0,36.133630,-86.890810,US HWY 70,,,,66.00,Feet,West,OLD CHARLOTTE PIKE,,,,0.00,N,Not at Intersection, ,Non-Junction,None,,,         ,Curtis,Rich,Clear,Front to Rear,no,no,no,no,no,False
100724399,METROPOLITAN NASHVILLE POLICE DEPT,20150064000,Davidson,Nashville,1/19/2015 12:33:00 PM,2,0,0,36.159230,-86.791910,I 40,,,,0.00,,,,,,,208.85,N,Not at Intersection, ,Non-Junction,None,,,         ,Joshua,Hollins,Clear,"Sideswipe, Same Direction",no,no,no,no,no,False
100724402,METROPOLITAN NASHVILLE POLICE DEPT,2015-0063993,Davidson,Nashville,1/19/2015 1:10:00 PM,2,0,0,36.091390,-86.828910,RAMP,,,,0.00,,,HARDING PL,,,,0.00,Y,Four-Way, ,Intersection,None,,,         ,Curtis,Rich,Clear,Front to Rear,no,no,no,no,no,False
100724422,METROPOLITAN NASHVILLE POLICE DEPT,20150064310,Davidson,Nashville,1/19/2015 2:37:00 PM,2,1,0,36.079580,-86.726330,US HWY 31 ALT,,,,0.00,,,STATE HWY 255,,,,0.00,Y,Four-Way,N,Intersection-Related,None,,,         ,Tien,Nguyen,Clear,Front to Rear,no,no,no,no,no,False
100724435,METROPOLITAN NASHVILLE POLICE DEPT,20150064433,Davidson,Nashville,1/19/2015 3:29:00 PM,2,1,0,36.155430,-86.862000,ROBERTSON AVE,,,,106.00,Feet,East,NICHOL RD,,,,0.00,N,Not at Intersection,N,Non-Junction,None,,,         ,Dustin,Tidwell,Clear,Front to Rear,no,no,no,no,no,False
100724438,METROPOLITAN NASHVILLE POLICE DEPT,20150061862,Davidson,Nashville,1/18/2015 9:47:00 PM,2,0,0,36.229370,-86.759270,BROADMOOR DR,,,,0.00,Feet,,US HWY 31W,,,,0.00,Y,Four-Way,N,Intersection-Related,None,,,         ,Justin,Coyle,Clear,Rear to Rear,no,no,no,no,no,False
100724439,METROPOLITAN NASHVILLE POLICE DEPT,20150064377,Davidson,Nashville,1/19/2015 2:28:00 PM,2,0,0,36.118840,-86.774630,US HWY 31,,,,0.00,,,BERRY RD,,,,0.00,Y,Four-Way, ,Intersection-Related,None,,,         ,Nicholas,Smith,Clear,Front to Rear,no,no,no,no,no,False
100724448,METROPOLITAN NASHVILLE POLICE DEPT,20150064470,Davidson,Nashville,1/19/2015 3:39:00 PM,2,0,0,36.037350,-86.786560,US HWY 31,,,,0.00,,,STATE HWY 254,,,,0.00,Y,Four-Way, ,Intersection-Related,None,,,         ,Tien,Nguyen,Clear,"Sideswipe, Same Direction",no,no,no,no,no,False
100724458,METROPOLITAN NASHVILLE POLICE DEPT,20150064448,Davidson,Nashville,1/19/2015 3:20:00 PM,2,0,0,36.079060,-86.727850,STATE HWY 255,,,,230.00,Feet,West,RAMP,,,,0.00,N,Not at Intersection,N,Non-Junction,None,,,         ,Jessie,Meadows,Clear,Angle,no,no,no,no,no,False
100724474,METROPOLITAN NASHVILLE POLICE DEPT,20150064439,Davidson,Nashville,1/19/2015 3:23:00 PM,2,0,0,36.164110,-86.764490,S 3RD ST,,,,382.00,Feet,South,-- UNKNOWN RAMP/ROAD --,,,,0.00,N,Not at Intersection,N,Non-Junction,None,,,         ,Robert,Fondren,Clear,Front to Rear,no,no,no,no,yes,False
100724477,METROPOLITAN NASHVILLE POLICE DEPT,20150064486,Davidson,Nashville,1/19/2015 3:31:00 PM,3,1,0,36.184960,-86.776870,COWAN ST,,,,0.00,,,COWAN CT,,,,0.00,Y,OTHER,N,Non-Junction,None,,,         ,Ethan,Luffman,Clear,Not Collision with Motor Vehicle in Transport,no,no,no,no,no,False
100724478,METROPOLITAN NASHVILLE POLICE DEPT,20150064436,Davidson,Nashville,1/19/2015 3:27:00 PM,2,0,0,36.157960,-86.791550,US HWY 70,,,,0.00,,,CHURCH ST,,,,0.00,Y,Four-Way, ,Non-Junction,None,,,         ,Ethan,Luffman,Clear,Angle,no,no,no,no,no,False
100724479,METROPOLITAN NASHVILLE POLICE DEPT,20150064491,Davidson,Nashville,1/19/2015 3:51:00 PM,2,0,0,36.139530,-86.700300,KAREN DR,,,,0.00,,,STATE HWY 155,,,,0.00,Y,Four-Way,N,Intersection,None,,,         ,Thomas,Barnes,Clear,"Sideswipe, Same Direction",no,no,no,no,no,False
100724487,METROPOLITAN NASHVILLE POLICE DEPT,20150064624,Davidson,Nashville,1/19/2015 5:00:00 PM,2,0,0,36.064990,-86.685890,PACKARD DR,,,,39.00,Feet,West,APACHE TRL,,,,0.00,N,Not at Intersection,N,Non-Junction,None,,,         ,Jessie,Meadows,Clear,Angle,no,no,no,no,yes,False
100724488,METROPOLITAN NASHVILLE POLICE DEPT,20150064517,Davidson,Nashville,1/19/2015 4:05:00 PM,1,1,0,36.206480,-86.777920,BRICK CHURCH PIKE,,,,47.00,Feet,South,US HWY 431,,,,0.00,N,Not at Intersection,Y,Non-Junction,None,,,         ,Victor,Alexander,Clear,Not Collision with Motor Vehicle in Transport,yes,no,no,no,no,False
100724507,METROPOLITAN NASHVILLE POLICE DEPT,20150064765,Davidson,Nashville,1/19/2015 5:23:00 PM,2,0,0,36.133240,-86.801270,PORTLAND AVE,,,,0.00,,,US HWY 431,,,,0.00,Y,Four-Way, ,Intersection-Related,None,,,         ,Tien,Nguyen,Clear,Front to Rear,no,no,no,no,no,False
100724508,METROPOLITAN NASHVILLE POLICE DEPT,20150064579,Davidson,Nashville,1/19/2015 12:00:00 AM,2,0,0,36.191950,-86.772700,US HWY 31W,,,,0.00,,,RICHARDSON AVE,,,,0.00,Y,OTHER,N,Non-Junction,None,,,         ,Charles,Wakefield,Clear,Angle,no,no,no,yes,yes,False
100724511,METROPOLITAN NASHVILLE POLICE DEPT,20150064494,Davidson,Nashville,1/19/2015 3:53:00 PM,2,0,0,36.155990,-86.798200,18TH AVE N,,,,0.00,,,STATE ST,,,,0.00,Y,Four-Way,N,Intersection,None,,,         ,Charles,Griffin,Clear,Angle,no,no,no,no,no,False
100724519,METROPOLITAN NASHVILLE POLICE DEPT,2015-0064768,Davidson,Nashville,1/19/2015 6:05:00 PM,2,0,0,36.062050,-86.905340,STATE HWY 100,,,,236.00,Feet,West,STATE HWY 254,,,,0.00,N,Not at Intersection,N,Non-Junction,None,,,         ,Christopher,Clark,Clear,Front to Rear,no,no,no,no,yes,False
100724521,METROPOLITAN NASHVILLE POLICE DEPT,20150064873,Davidson,Nashville,1/19/2015 8:00:00 PM,2,0,0,36.148810,-86.804560,US HWY 70S,,,,0.00,,,23RD AVE N,,,,0.00,Y,T-Intersection, ,Intersection-Related,None,,,         ,Tien,Nguyen,Clear,Front to Rear,no,no,no,no,no,Campus
100724524,VANDERBILT UNIVERSITY POLICE,15-0064816,Davidson,Nashville,1/19/2015 6:10:00 PM,2,1,0,36.139610,-86.800480,US HWY 431,,,,0.00,,,PIERCE AVE,,,,0.00,Y,Four-Way,N,Intersection-Related,None,,,         ,Ray,Stanard,Clear,Front to Rear,no,no,no,no,no,Campus
100724526,METROPOLITAN NASHVILLE POLICE DEPT,20150064711,Davidson,Nashville,1/19/2015 5:43:00 PM,2,1,0,36.144310,-86.715490,ELM HILL PIKE,,,,1327.00,Feet,West,MASSMAN DR,,,,0.00,N,Not at Intersection,N,Non-Junction,None,,,         ,Austin,Childress,Clear,Front to Rear,no,no,no,no,no,False
100724532,METROPOLITAN NASHVILLE POLICE DEPT,20150064557,Davidson,Nashville,1/19/2015 4:09:00 PM,2,0,0,36.134810,-86.726740,I 24,,,,0.00,,,,,,,52.15,N,Not at Intersection,N,Non-Junction,None,,,         ,Torrance,Bennett,Clear,Front to Rear,no,no,no,no,no,False
100724547,METROPOLITAN NASHVILLE POLICE DEPT,20150064803,Davidson,Nashville,1/19/2015 6:00:00 PM,2,0,0,36.151710,-86.676950,ELM HILL PIKE,,,,0.00,,,ROYAL PKWY,,,,0.00,Y,Four-Way, ,Intersection-Related,None,,,         ,Felipe,Pereira,Clear,"Sideswipe, Same Direction",no,no,no,no,no,False