master_record_number,agency,agency_tracking_number,county,city,collision_date,vehicles_involved,number_injured,number_dead,latitude,longitude,roadway_name,roadway_suffix,roadway_number,roadway_local_id,distance_from_reference,miles-feet_indicator,direction_from_reference,intersection_road_name,intersection_road_name_suffix,intersection_road_number,intersection_local_id,mile_marker,intersection_indicator,intersect_type,interchange_related_indicator,relation_to_junction,work_zone_type,construction_maintenance_zone,construction_maintenance_zone_location,fatal_case_number,officer_first_name,officer_last_name,weather_condition(s),manner_of_crash,pedestrian,bicycle,scooter,parking,hitrun,mou
100724915,METROPOLITAN NASHVILLE POLICE DEPT,2015-0064738,Davidson,Madison,1/19/2015 5:52:00 PM,3,3,0,36.264160,-86.691460,STATE HWY 45,,,,0.00,,,MCARTHUR DR,,,,0.00,Y,Four-Way,N,Non-Junction,None,,,         ,Sandra,Talavera,Clear,Angle,no,no,no,no,no,False
100724918,METROPOLITAN NASHVILLE POLICE DEPT,20150055918,Davidson,Nashville,1/16/2015 6:48:00 PM,2,0,0,36.154770,-86.779420,US HWY 41,,,,0.00,,,US HWY 31,,,,0.00,Y,Roundabout, ,Intersection,None,,,         ,MIchael,Mihajlov,Clear,Angle,no,no,no,no,no,False
100724922,METROPOLITAN NASHVILLE POLICE DEPT,2015-0067873,Davidson,Nashville,1/20/2015 3:09:00 PM,2,0,0,36.151220,-86.853460,US HWY 70,,,,50.00,Feet,East,54TH AVE N,,,,0.00,N,Not at Intersection,N,Non-Junction,None,,,         ,Walter,Gray II,Cloudy,Angle,no,no,no,no,no,False
100724923,METROPOLITAN NASHVILLE POLICE DEPT,20150065315,Davidson,Nashville,1/19/2015 9:59:00 PM,2,0,0,36.205220,-86.777970,BRICK CHURCH PIKE,,,,0.00,,,-- UNKNOWN RAMP/ROAD --,,,,0.00,Y,Unknown, ,Non-Junction,None,,,         ,James,Wray,Clear,Front to Rear,no,no,no,yes,no,False
100724924,METROPOLITAN NASHVILLE POLICE DEPT,20150067973,Davidson,Nashville,1/19/2015 11:57:00 AM,1,1,0,36.108530,-86.815510,GREEN HILLS VILLAGE DR,,,,0.00,,,PARKING LOT,,,,0.00,Y,OTHER,N,Intersection-Related,None,,,         ,Tien,Nguyen,Clear,Not Collision with Motor Vehicle in Transport,yes,no,no,no,yes,False
100724948,METROPOLITAN NASHVILLE POLICE DEPT,20150067786,Davidson,Nashville,1/20/2015 3:08:00 PM,2,0,0,36.104060,-86.715830,I 24,,,,0.00,,,,,,,54.20,N,Not at Intersection, ,Non-Junction,None,,,         ,Jessie,Meadows,Clear,"Sideswipe, Same Direction",no,no,no,no,no,False
100724949,METROPOLITAN NASHVILLE POLICE DEPT,20150067902,Davidson,Nashville,1/20/2015 4:14:00 PM,3,0,0,36.087290,-86.692460,STATE HWY 255,,,,93.00,Feet,West,ANTIOCH PIKE,,,,0.00,N,Not at Intersection,N,Non-Junction,None,,,         ,Jessie,Meadows,Clear,Front to Rear,no,no,no,no,yes,False
100724953,METROPOLITAN NASHVILLE POLICE DEPT,2015-0067472,Davidson,Nashville,1/20/2015 12:55:00 PM,2,0,0,36.086480,-86.698530,STATE HWY 255,,,,63.00,Feet,East,-- UNKNOWN RAMP/ROAD --,,,,0.00,N,Not at Intersection, ,Non-Junction,None,,,         ,Brandon,O'Guin,Clear,Front to Rear,no,no,no,no,no,False
100724959,METROPOLITAN NASHVILLE POLICE DEPT,20150068158,Davidson,Nashville,1/20/2015 4:31:00 PM,2,1,0,0.000000,0.000000,,,I65,,50.00,Feet,North,,,,,82.00,N,Not at Intersection,N,Non-Junction,None,,,         ,Mekisha,Page,Clear,Front to Rear,no,no,no,no,no,False
100724962,METROPOLITAN NASHVILLE POLICE DEPT,2015-0064633,Davidson,Goodlettsville,1/20/2015 4:50:00 PM,2,0,0,36.302750,-86.691810,US HWY 31E,,,,0.00,,,CONFERENCE DR,,,,0.00,Y,T-Intersection, ,,None,,,         ,James,Caruth,,,no,no,no,no,no,False
100724972,METROPOLITAN NASHVILLE POLICE DEPT,20150068397,Davidson,Nashville,1/20/2015 5:43:00 PM,2,0,0,36.154090,-86.837310,I 40,,,,0.00,,,,,,,205.10,N,Not at Intersection,N,Non-Junction,None,,,         ,Dustin,Tidwell,Clear,Front to Rear,no,no,no,no,no,False
100724975,METROPOLITAN NASHVILLE POLICE DEPT,20150068342,Davidson,Nashville,1/20/2015 5:27:00 PM,2,0,0,36.050910,-86.880690,STATE HWY 254,,,,270.00,Feet,East,CHICKERING CIR,,,,0.00,N,Not at Intersection, ,Non-Junction,None,,,         ,Michael,Hunnicutt,Clear,Front to Rear,no,no,no,no,no,False
100724976,METROPOLITAN NASHVILLE POLICE DEPT,20150068268,Davidson,Nashville,1/20/2015 5:03:00 PM,2,0,0,36.150020,-86.771520,-- UNKNOWN RAMP/ROAD --,,,,0.00,Feet,East,I 40,,,,0.00,N,Not at Intersection,N,Non-Junction,None,,,         ,Tien,Nguyen,Clear,"Sideswipe, Same Direction",no,no,no,no,no,False
100724977,METROPOLITAN NASHVILLE POLICE DEPT,20150068384,Davidson,Nashville,1/20/2015 5:55:00 PM,1,0,0,36.231490,-86.796870,EWING DR,,,,372.00,Feet,West,VISTA LN,,,,0.00,N,Not at Intersection, ,Non-Junction,None,,,         ,Brandon,Evans,Clear,Not Collision with Motor Vehicle in Transport,no,no,no,no,no,False
100724978,METROPOLITAN NASHVILLE POLICE DEPT,2015-0067344,Davidson,Nashville,1/20/2015 12:13:00 PM,2,0,0,36.153930,-86.777950,LEA AVE,,,,0.00,,,,,,,0.00,,,N,Non-Junction,None,,,         ,Allen,Bates,Clear,Unknown,no,no,no,yes,yes,False
100724979,METROPOLITAN NASHVILLE POLICE DEPT,2015-0068319,Davidson,Nashville,1/20/2015 5:23:00 PM,2,1,0,36.114020,-86.811480,STATE HWY 155,,,,170.00,Feet,West,US HWY 431,,,,0.00,N,Not at Intersection,N,Non-Junction,None,,,         ,Walter,Gray II,Cloudy,Front to Rear,no,no,no,no,no,False
100724980,METROPOLITAN NASHVILLE POLICE DEPT,20150068494,Davidson,Nashville,1/20/2015 6:01:00 PM,2,2,0,36.143140,-86.704820,I 40,,,,0.00,,,,,,,214.50,N,Not at Intersection,N,Non-Junction,None,,,         ,Brent,Palte,Clear,Front to Rear,no,no,no,no,no,False
100724991,METROPOLITAN NASHVILLE POLICE DEPT,20150068419,Davidson,Nashville,1/20/2015 5:46:00 PM,2,0,0,0.000000,0.000000,POWELL,AVE,,,0.00,,,ARMORY OAKS,DR,,,0.00,Y,T-Intersection, ,Intersection,None,,,         ,Mekisha,Page,Clear,Angle,no,no,no,no,no,False
100724993,GOODLETTSVILLE POLICE DEPT,15-02618,Davidson,Goodlettsville,1/20/2015 6:15:00 PM,3,0,0,36.312260,-86.674760,STATE HWY 386,,,,1054.00,Feet,West,EXIT 2,,,,0.00,N,Not at Intersection,N,Non-Junction,None,,,         ,Andre,Sanders,Clear,Front to Rear,no,no,no,no,no,False
100725005,METROPOLITAN NASHVILLE POLICE DEPT,20150068472,Davidson,Nashville,1/20/2015 5:45:00 PM,2,0,0,36.269120,-86.736620,I 65,,,,0.00,,,,,,,92.60,N,Not at Intersection, ,,None,,,         ,Nathan,Dungan,,,no,no,no,no,no,False
100725006,METROPOLITAN NASHVILLE POLICE DEPT,20150068378,Davidson,Nashville,1/20/2015 5:36:00 PM,3,0,0,36.118890,-86.913260,I 40,,,,0.00,,,,,,,200.00,N,Not at Intersection,N,Non-Junction,None,,,         ,Jeremy,Huffine,Clear,Front to Rear,no,no,no,no,no,False
100725009,METROPOLITAN NASHVILLE POLICE DEPT,20150068381,Davidson,Nashville,1/20/2015 5:37:00 PM,2,0,0,36.030080,-86.638180,I 24,,,,0.00,,,,,,,61.00,N,Not at Intersection, ,Non-Junction,None,,,         ,Joseph,Progar,Clear,Front to Rear,no,no,no,no,no,False
100725011,METROPOLITAN NASHVILLE POLICE DEPT,20150068222,Davidson,Nashville,1/20/2015 4:36:00 PM,2,0,0,36.196700,-86.717170,STRATFORD AVE,,,,285.00,Feet,North,PORTER RD,,,,0.00,N,Not at Intersection,N,Non-Junction,None,,,         ,Kelly,Cantrell,Cloudy,Rear to Side,no,no,no,yes,no,False
100725032,METROPOLITAN NASHVILLE POLICE DEPT,20150068631,Davidson,Nashville,1/20/2015 7:29:00 PM,2,0,0,36.090430,-86.626970,SMITH SPRINGS RD,,,,139.00,Feet,West,BELL RD,,,,0.00,N,Not at Intersection, ,,None,,,         ,Thomas,Barnes,,,no,no,no,no,no,False
100725036,METROPOLITAN NASHVILLE POLICE DEPT,20150068653,Davidson,Nashville,1/20/2015 12:00:00 AM,2,3,0,36.134230,-86.779040,WEDGEWOOD AVE,,,,0.00,,,US HWY 31,,,,0.00,Y,Four-Way,N,Intersection,None,,,         ,Michael,Collazo,Clear,Angle,no,no,no,no,no,False
100725037,METROPOLITAN NASHVILLE POLICE DEPT,20150068755,Davidson,Nashville,1/20/2015 7:51:00 PM,2,0,0,0.000000,0.000000,ALLIED,DR,,,0.00,,,NOLENSVILLE,PIKE,,,0.00,Y,T-Intersection, ,Intersection,None,,,         ,Mekisha,Page,Clear,Front to Rear,no,no,no,no,no,False
100725044,METROPOLITAN NASHVILLE POLICE DEPT,20150068433,Davidson,Nashville,1/20/2015 5:44:00 PM,2,0,0,36.206610,-86.777900,US HWY 431,,,,0.00,,,BRICK CHURCH PIKE,,,,0.00,Y,Four-Way,N,Intersection,None,,,         ,James,Wray,Clear,Front to Rear,no,no,no,no,no,False
100725050,METROPOLITAN NASHVILLE POLICE DEPT,20150068722,Davidson,Nashville,1/20/2015 7:22:00 PM,2,0,0,36.044760,-86.659580,-- UNKNOWN RAMP/ROAD --,,,,0.00,,,STATE HWY 254,,,,0.00,Y,Y-Intersection, ,Intersection,None,,,         ,Joseph,Progar,Clear,Front to Rear,no,no,no,no,no,False
100725066,METROPOLITAN NASHVILLE POLICE DEPT,20150068666,Davidson,Nashville,1/20/2015 8:51:00 PM,1,3,0,36.093230,-86.658850,FRANKLIN LIMESTONE RD,,,,590.00,Feet,West,FORGE RIDGE CIR,,,,0.00,N,Not at Intersection,N,Non-Junction,None,,,         ,Jessie,Meadows,Clear,Not Collision with Motor Vehicle in Transport,no,no,no,no,yes,False
100725072,METROPOLITAN NASHVILLE POLICE DEPT,20150068846,Davidson,Nashville,1/20/2015 8:28:00 PM,2,1,0,36.068190,-86.719110,US HWY 31 ALT,,,,0.00,,,HAYWOOD LN,,,,0.00,Y,Four-Way,N,Intersection-Related,None,,,         ,Tien,Nguyen,Clear,Angle,no,no,no,no,no,False
100725074,METROPOLITAN NASHVILLE POLICE DEPT,20150068364,Davidson,Nashville,1/20/2015 5:34:00 PM,1,0,0,36.096100,-86.636940,SMITH SPRINGS RD,,,,598.00,Feet,North,SMITH SPRINGS CT,,,,0.00,N,Not at Intersection,N,Non-Junction,None,,,         ,Timothy,Mead,Clear,Not Collision with Motor Vehicle in Transport,no,no,no,no,no,False
100725075,METROPOLITAN NASHVILLE POLICE DEPT,20150068287,Davidson,Nashville,1/20/2015 5:05:00 PM,2,0,0,36.132800,-86.696140,STATE HWY 155,,,,45.00,Feet,North,RAMP,,,,0.00,N,Not at Intersection, ,Non-Junction,None,,,         ,Jared,Ester,Clear,Front to Rear,no,no,no,no,no,False
100725076,METROPOLITAN NASHVILLE POLICE DEPT,20150068511,Davidson,Nashville,1/20/2015 6:15:00 PM,2,0,0,36.176440,-86.769700,-- UNKNOWN RAMP/ROAD --,,,,0.00,,,US HWY 31W,,,,0.00,Y,Four-Way, ,Non-Junction,None,,,         ,Matthew,Cammarn,Clear,Front to Rear,no,no,no,no,no,False
100725086,METROPOLITAN NASHVILLE POLICE DEPT,20150069116,Davidson,Nashville,1/20/2015 10:15:00 PM,2,0,0,36.070680,-86.722720,US HWY 31 ALT,,,,231.00,Feet,West,COTTON LN,,,,0.00,N,Not at Intersection,N,Non-Junction,None,,,         ,Tien,Nguyen,Clear,Front to Rear,no,no,no,no,yes,False
100725096,METROPOLITAN NASHVILLE POLICE DEPT,20150068559,Davidson,Nashville,1/20/2015 10:10:00 PM,2,0,0,36.203370,-86.776600,I 65,,,,0.00,,,,,,,87.10,N,Not at Intersection,N,Entrance/Exit Ramp Related,None,,,         ,Zachary,Ronan,Clear,"Sideswipe, Same Direction",no,no,no,no,yes,False
100725098,METROPOLITAN NASHVILLE POLICE DEPT,20150068368,Davidson,Nashville,1/20/2015 5:20:00 PM,2,1,0,36.183300,-86.639480,US HWY 70,,,,1100.00,Feet,West,RIVER WALK DR,,,,0.00,N,Not at Intersection,N,Non-Junction,None,,,         ,Felipe,Pereira,Cloudy,Front to Rear,no,no,no,no,no,False
100725114,THP District 9 - Administrative,315003887,Davidson,Nashville,1/20/2015 8:00:00 PM,2,0,0,36.092190,-86.777990,CURTISWOOD LN,,,,0.00,,,,,,,0.00,,Not at Intersection, ,Non-Junction,None,,,         ,Victor,Appleton,Clear,"Sideswipe, Opposite Direction",no,no,no,yes,no,False
100725116,METROPOLITAN NASHVILLE POLICE DEPT,20150066380,Davidson,Nashville,1/20/2015 6:25:00 AM,2,1,0,36.044770,-86.661510,STATE HWY 254,,,,0.00,,,CANE RIDGE RD,,,,0.00,Y,Four-Way,N,Intersection,None,,,         ,Steven,Williams,Clear,Angle,no,no,no,no,no,False
100725127,METROPOLITAN NASHVILLE POLICE DEPT,20150069874,Davidson,Nashville,1/21/2015 3:00:00 AM,1,0,0,36.201330,-86.626940,BONNAFIELD DR,,,,0.00,,,BONNAVUE DR,,,,0.00,Y,OTHER,N,Non-Junction,None,,,         ,Keith,Holley,Clear,Not Collision with Motor Vehicle in Transport,no,no,no,no,no,False
100725143,METROPOLITAN NASHVILLE POLICE DEPT,20150070287,Davidson,Nashville,1/21/2015 5:55:00 AM,2,0,0,36.144660,-86.744040,ELM HILL PIKE,,,,0.00,,,FESSLERS LN,,,,0.00,Y,Four-Way, ,Intersection,None,,,         ,Evan,Hibschman,Clear,"Sideswipe, Same Direction",no,no,no,no,no,False
100725151,METROPOLITAN NASHVILLE POLICE DEPT,20150063003,Davidson,Nashville,1/19/2015 7:05:00 AM,2,0,0,36.178020,-86.800960,I 65,,,,0.00,,,,,,,84.85,N,Not at Intersection,Y,Non-Junction,None,,,         ,Steven,Spillers,Clear,"Sideswipe, Same Direction",no,no,no,no,no,False
100725161,METROPOLITAN NASHVILLE POLICE DEPT,20150070432,Davidson,Nashville,1/21/2015 12:00:00 AM,2,0,0,36.184740,-86.806910,ALEXANDER CIR,,,,278.00,Feet,East,12TH AVE N,,,,0.00,N,Not at Intersection, ,,None,,,         ,Joshua,Baker,,,no,no,no,no,no,False
100725179,METROPOLITAN NASHVILLE POLICE DEPT,2015-0070501,Davidson,Nashville,1/21/2015 7:10:00 AM,2,0,0,36.166630,-86.859790,NEW YORK AVE,,,,0.00,,,61ST AVE N,,,,0.00,Y,Four-Way, ,Intersection,None,,,         ,Curtis,Rich,Clear,Angle,no,no,no,no,yes,False
100725198,METROPOLITAN NASHVILLE POLICE DEPT,20150070643,Davidson,Nashville,1/21/2015 8:34:00 AM,1,1,0,36.133000,-86.797270,18TH AVE S,,,,0.00,,,PORTLAND AVE,,,,0.00,Y,Four-Way,N,Intersection,None,,,         ,Nathan,Kemp,Clear,Not Collision with Motor Vehicle in Transport,yes,no,no,no,no,False
100725202,METROPOLITAN NASHVILLE POLICE DEPT,20150070528,Davidson,Nashville,1/21/2015 8:02:00 AM,1,1,0,36.026960,-86.756530,SADDLEWOOD LN,,,,440.00,Feet,East,RIDGE FARM PL,,,,0.00,N,Not at Intersection,N,Non-Junction,None,,,         ,Mark,Harrison,Clear,Not Collision with Motor Vehicle in Transport,no,no,no,no,no,False
100725208,METROPOLITAN NASHVILLE POLICE DEPT,20150061030,Davidson,Nashville,1/18/2015 10:20:00 AM,2,0,0,36.148250,-86.794800,18TH AVE S,,,,134.00,Feet,South,SOUTH ST,,,,0.00,N,Not at Intersection,N,Non-Junction,None,,,         ,David,Anderson,Clear,"Sideswipe, Same Direction",no,no,no,no,yes,False
100725209,METROPOLITAN NASHVILLE POLICE DEPT,20150070361,Davidson,Nashville,1/21/2015 6:31:00 AM,2,0,0,36.198070,-86.776330,I 65,,,,0.00,,,,,,,86.75,N,Not at Intersection,Y,Non-Junction,None,,,         ,Michael,McCord,Clear,Front to Rear,no,no,no,no,no,False
100725212,METROPOLITAN NASHVILLE POLICE DEPT,20150066753,Davidson,Nashville,1/20/2015 8:53:00 AM,2,0,0,36.142560,-86.709520,I 40,,,,0.00,,,,,,,214.25,N,Not at Intersection,N,Non-Junction,None,,,         ,Khalid,Abbady,Clear,Front to Rear,no,no,no,no,yes,False
100725219,METROPOLITAN NASHVILLE POLICE DEPT,20150067601,Davidson,Nashville,1/20/2015 1:30:00 PM,3,0,0,36.153350,-86.820860,US HWY 70,,,,0.00,,,31ST AVE N,,,,0.00,Y,Four-Way,N,Non-Junction,None,,,         ,Randal,Owsley,Clear,Front to Rear,no,no,no,no,no,False
100725220,METROPOLITAN NASHVILLE POLICE DEPT,20150066396,Davidson,Madison,1/20/2015 6:18:00 AM,2,0,0,0.000000,0.000000,ANDERSON LANE,,US31,,1.00,Feet,South,,,,,1.00,N,Not at Intersection, ,Non-Junction,None,,,         ,Faye,Denson,Clear,"Sideswipe, Same Direction",no,no,no,no,no,False
100725221,METROPOLITAN NASHVILLE POLICE DEPT,2015-0070538,Davidson,Nashville,1/21/2015 8:00:00 AM,2,0,0,36.184780,-86.798150,RAMP,,,,0.00,,East,I 65,,,,0.00,N,Not at Intersection, ,,None,,,         ,Darryl,Morton,,,no,no,no,no,no,False
100725222,METROPOLITAN NASHVILLE POLICE DEPT,2015-0070685,Davidson,Nashville,1/21/2015 8:50:00 AM,2,0,0,36.133110,-86.858000,STATE HWY 155,,,,399.00,Feet,North,BROOKWOOD PL,,,,0.00,N,Not at Intersection, ,Non-Junction,None,,,         ,Curtis,Rich,Clear,Angle,no,no,no,no,no,False
100725226,METROPOLITAN NASHVILLE POLICE DEPT,20150070767,Davidson,Nashville,1/21/2015 9:00:00 AM,2,0,0,36.128350,-86.906970,US HWY 70,,,,172.00,Feet,West,RIVER RD,,,,0.00,N,Not at Intersection, ,Non-Junction,None,,,         ,Wesley,Tilley,Clear,Front to Rear,no,no,no,no,no,False
100725227,METROPOLITAN NASHVILLE POLICE DEPT,2015-070531,Davidson,Nashville,1/21/2015 8:00:00 AM,2,0,0,36.159020,-86.775850,4TH AVE S,,,,0.00,,,DEMONBREUN ST,,,,0.00,Y,Four-Way,N,Intersection,None,,,         ,Travis,Baxter,Clear,Angle,no,no,no,no,no,False
100725230,METROPOLITAN NASHVILLE POLICE DEPT,2014-0070442,Davidson,Nashville,1/21/2015 7:27:00 AM,2,1,0,36.159830,-86.760450,I 24,,,,0.00,,,,,,,49.50,N,Not at Intersection,N,Non-Junction,None,,,         ,Frank,Campbell,Clear,Front to Rear,no,no,no,no,no,False
100725231,METROPOLITAN NASHVILLE POLICE DEPT,20150070587,Davidson,Nashville,1/21/2015 8:20:00 AM,2,0,0,36.193510,-86.776200,I 24,,,,0.00,,,,,,,46.65,N,Not at Intersection, ,Non-Junction,None,,,         ,Michael,McCord,Clear,"Sideswipe, Same Direction",no,no,no,no,no,False
100725251,METROPOLITAN NASHVILLE POLICE DEPT,20150070733,Davidson,Nashville,1/21/2015 9:02:00 AM,2,1,0,36.177760,-86.805940,WHELESS ST,,,,0.00,,,14TH AVE N,,,,0.00,Y,T-Intersection,N,Intersection-Related,None,,,         ,Rodney,Clark,Clear,Angle,no,no,no,no,no,False
100725257,METROPOLITAN NASHVILLE POLICE DEPT,20150070748,Davidson,Nashville,1/21/2015 9:00:00 AM,3,0,0,36.228680,-86.780230,I 24,,,,0.00,,,,,,,44.30,N,Not at Intersection, ,Non-Junction,None,,,         ,Michael,McCord,Clear,Front to Rear,no,no,no,no,no,False
100725274,METROPOLITAN NASHVILLE POLICE DEPT,20150070933,Davidson,Nashville,1/21/2015 10:06:00 AM,2,0,0,36.132790,-86.726960,-- UNKNOWN RAMP/ROAD --,,,,0.00,Feet,East,I 24,,,,0.00,N,Not at Intersection,N,Non-Junction,None,,,         ,Trevin,Tolbert,Clear,Front to Rear,no,no,no,no,no,False
100725300,METROPOLITAN NASHVILLE POLICE DEPT,2015-0070927,Davidson,Nashville,1/21/2015 9:18:00 AM,1,1,0,36.163110,-86.819610,28TH AVE N,,,,8.00,Feet,North,-- UNKNOWN RAMP/ROAD --,,,,0.00,N,Not at Intersection,N,Non-Junction,None,,,         ,Darryl,Morton,Clear,Not Collision with Motor Vehicle in Transport,no,no,no,no,no,False
100725319,METROPOLITAN NASHVILLE POLICE DEPT,20150070879,Davidson,Nashville,1/21/2015 9:30:00 AM,2,0,0,36.142430,-86.666520,-- UNKNOWN RAMP/ROAD --,,,,0.00,,,I 40,,,,0.00,Y,Four-Way, ,Entrance/Exit Ramp Related,None,,,         ,Jarret,Sonnenberg,Clear,Front to Rear,no,no,no,no,no,False
100725320,METROPOLITAN NASHVILLE POLICE DEPT,2015-0071074,Davidson,Nashville,1/21/2015 10:41:00 AM,2,2,0,36.198280,-86.620330,STATE HWY 45,,,,0.00,Feet,,US HWY 70,,,,0.00,Y,Four-Way,N,Intersection,None,,,         ,Michael,Baker,Clear,Front to Rear,no,no,no,no,no,False
100725323,METROPOLITAN NASHVILLE POLICE DEPT,20150070373,Davidson,Nashville,1/21/2015 6:45:00 AM,3,0,0,36.238370,-86.756080,I 65,,,,0.00,,,,,,,90.05,N,Not at Intersection, ,Non-Junction,Construction Zone,,,         ,Jeffery,Burnette,Clear,Front to Rear,no,no,no,no,yes,False
100725333,VANDERBILT UNIVERSITY POLICE,2015-071476,Davidson,Nashville,1/21/2015 12:20:00 PM,2,0,0,36.148350,-86.799650,21ST AVE S,,,,30.00,Feet,North,RAMP,,,,0.00,N,Not at Intersection, ,,,,,         ,Bridney,Jones,,,no,no,no,no,no,Campus
100725342,METROPOLITAN NASHVILLE POLICE DEPT,20150071460,Davidson,Nashville,1/21/2015 11:35:00 AM,2,0,0,36.044770,-86.661510,STATE HWY 254,,,,0.00,,,CANE RIDGE RD,,,,0.00,Y,Four-Way,N,Intersection,None,,,         ,Randall,Combs,Clear,Front to Rear,no,no,no,no,no,False
100725345,METROPOLITAN NASHVILLE POLICE DEPT,20150071642,Davidson,Nashville,1/21/2015 12:41:00 PM,2,0,0,36.161640,-86.819240,28TH AVE N,,,,0.00,,,HERMAN ST,,,,0.00,Y,T-Intersection, ,Intersection,None,,,         ,Nathan,Mayo,Clear,Front to Rear,no,no,no,no,no,False
100725350,METROPOLITAN NASHVILLE POLICE DEPT,2014-0071478,Davidson,Nashville,1/21/2015 12:32:00 PM,2,0,0,36.162990,-86.761530,I 24,,,,0.00,,,,,,,49.25,N,Not at Intersection,N,Entrance/Exit Ramp Related,None,,,         ,Frank,Campbell,Clear,"Sideswipe, Same Direction",no,no,no,no,yes,False
100725352,METROPOLITAN NASHVILLE POLICE DEPT,20150042785,Davidson,Nashville,1/13/2015 4:48:00 PM,3,1,0,36.133820,-86.819560,I 440,,,,0.00,,,,,,,1.70,N,Not at Intersection,Y,Entrance/Exit Ramp Related,None,,,         ,Michael,Hunnicutt,Clear,Front to Rear,no,no,no,no,no,False
100725357,METROPOLITAN NASHVILLE POLICE DEPT,20150071629,Davidson,Nashville,1/21/2015 12:30:00 PM,1,0,0,36.092790,-86.705540,I 24,,,,0.00,,,,,,,55.15,N,Not at Intersection,N,Non-Junction,None,,,         ,Trevin,Tolbert,Clear,Not Collision with Motor Vehicle in Transport,no,no,no,no,no,False
100725375,METROPOLITAN NASHVILLE POLICE DEPT,20150071793,Davidson,Nashville,1/21/2015 2:36:00 PM,2,2,0,36.134210,-86.776370,RAMP,,,,0.00,,,WEDGEWOOD AVE,,,,0.00,Y,Four-Way,N,Entrance/Exit Ramp Related,None,,,         ,Tien,Nguyen,Clear,Angle,no,no,no,no,no,False
100725377,METROPOLITAN NASHVILLE POLICE DEPT,2015-071625,Davidson,Old Hickory,1/21/2015 1:27:00 PM,2,0,0,36.257520,-86.647790,HADLEY AVE,,,,0.00,,,13TH ST,,,,0.00,Y,Four-Way, ,Intersection,None,,,         ,Wesley,Young,Clear,Front to Rear,no,no,no,no,no,False
100725389,METROPOLITAN NASHVILLE POLICE DEPT,20150071911,Davidson,Nashville,1/21/2015 3:16:00 PM,2,0,0,0.000000,0.000000,WEST END,AVE,,,0.00,,,3OTH,AVE,,,0.00,Y,T-Intersection, ,Intersection,None,,,         ,Mekisha,Page,Clear,Angle,no,no,no,no,no,False
100725397,METROPOLITAN NASHVILLE POLICE DEPT,20150071914,Davidson,Nashville,1/21/2015 3:18:00 PM,2,0,0,36.046930,-86.679820,STATE HWY 254,,,,127.00,Feet,West,BRITTANY PARK DR,,,,0.00,N,Not at Intersection, ,Non-Junction,None,,,         ,Thomas,Odom,Clear,Front to Rear,no,no,no,no,no,False
100725410,METROPOLITAN NASHVILLE POLICE DEPT,20150060316,Davidson,Nashville,1/18/2015 12:00:00 AM,1,0,0,36.071810,-86.926560,HICKS RD,,,,0.00,,,WESTERLY DR,,,,0.00,,,N,Non-Junction,None,,,         ,Ryan,McManman,Clear,Not Collision with Motor Vehicle in Transport,no,no,no,yes,yes,False
100725416,METROPOLITAN NASHVILLE POLICE DEPT,20150068495,Davidson,Nashville,1/20/2015 6:12:00 PM,2,0,0,36.172660,-86.793860,JEFFERSON ST,,,,292.00,Feet,East,REV DR ENOCH JONES BLVD,,,,0.00,N,Not at Intersection, ,Non-Junction,None,,,         ,Tina,Wiggs,Clear,"Sideswipe, Same Direction",no,no,no,no,no,False
100725419,METROPOLITAN NASHVILLE POLICE DEPT,20150007977,Davidson,Nashville,1/3/2015 5:12:00 PM,1,0,1,36.175732,-86.757813,MAIN ST,,,,75.00,Feet,West,NEILL AVE,,,,0.00,N,Not at Intersection,N,Non-Junction,None,,,15-0030  ,Christopher,Augustin,Rain,Not Collision with Motor Vehicle in Transport,yes,no,no,no,no,False
100725421,METROPOLITAN NASHVILLE POLICE DEPT,20150072142,Davidson,Nashville,1/21/2015 4:40:00 PM,2,0,0,36.149730,-86.748030,I 40,,,,0.00,,,,,,,211.75,N,Not at Intersection, ,Non-Junction,None,,,         ,Leslie,Hale,Clear,"Sideswipe, Same Direction",no,no,no,no,no,False
100725424,METROPOLITAN NASHVILLE POLICE DEPT,2015-0071835,Davidson,Nashville,1/21/2015 2:49:00 PM,2,2,0,36.109690,-86.671390,COUCHVILLE PIKE,,,,0.00,Feet,,STATE HWY 255,,,,0.00,Y,Four-Way,N,Intersection,None,,,         ,Brandon,O'Guin,Clear,Angle,no,no,no,no,no,False
100725429,METROPOLITAN NASHVILLE POLICE DEPT,20150072125,Davidson,Nashville,1/21/2015 4:33:00 PM,2,1,0,36.082670,-86.727250,WELSHWOOD DR,,,,0.00,,,US HWY 31 ALT,,,,0.00,Y,T-Intersection,N,Intersection-Related,None,,,         ,Tien,Nguyen,Clear,Angle,no,no,no,no,no,False
100725431,METROPOLITAN NASHVILLE POLICE DEPT,20150072029,Davidson,Nashville,1/21/2015 3:55:00 PM,2,1,0,36.146230,-86.776940,EXIT 82B,,,,0.00,Feet,East,I 65,,,,0.00,N,Not at Intersection,N,Non-Junction,None,,,         ,Brenton,Adcox,Clear,Front to Rear,no,no,no,no,no,False
100725434,METROPOLITAN NASHVILLE POLICE DEPT,20150072008,Davidson,Nashville,1/21/2015 3:14:00 PM,2,0,0,36.179400,-86.748160,GARTLAND AVE,,,,0.00,,,N 12TH ST,,,,0.00,Y,Four-Way, ,Intersection,None,,,         ,Cressie,Prill,Clear,Angle,no,no,no,no,no,False