master_record_number,agency,agency_tracking_number,county,city,collision_date,vehicles_involved,number_injured,number_dead,latitude,longitude,roadway_name,roadway_suffix,roadway_number,roadway_local_id,distance_from_reference,miles-feet_indicator,direction_from_reference,intersection_road_name,intersection_road_name_suffix,intersection_road_number,intersection_local_id,mile_marker,intersection_indicator,intersect_type,interchange_related_indicator,relation_to_junction,work_zone_type,construction_maintenance_zone,construction_maintenance_zone_location,fatal_case_number,officer_first_name,officer_last_name,weather_condition(s),manner_of_crash,pedestrian,bicycle,scooter,parking,hitrun,mou
100725867,THP District 3 - Nashville,315003036,Davidson,Nashville,1/16/2015 11:02:00 AM,2,0,0,36.163730,-86.782900,UNION ST,,,,0.00,,,CAPITOL BLVD,,,,0.00,Y,Four-Way, ,Intersection,None,,,         ,John,Grinder,Clear,"Sideswipe, Same Direction",no,no,no,no,no,False
100725876,THP District 3 - Nashville,315004202,Davidson,Nashville,1/22/2015 5:33:00 PM,2,0,0,36.031870,-86.783430,I 65,,,,0.00,,,,,,,74.10,N,Not at Intersection, ,Non-Junction,None,,,         ,Christopher,Vance,Cloudy,Front to Rear,no,no,no,no,yes,False
100725877,METROPOLITAN NASHVILLE POLICE DEPT,2015-0076288,Davidson,Nashville,1/22/2015 5:04:00 PM,2,0,0,36.152320,-86.838340,US HWY 70,,,,0.00,,,43RD AVE N,,,,0.00,Y,T-Intersection,N,Intersection,None,,,         ,Walter,Gray II,Cloudy,Angle,no,no,no,no,no,False
100725878,METROPOLITAN NASHVILLE POLICE DEPT,20150076451,Davidson,Nashville,1/22/2015 5:53:00 PM,2,2,0,36.180120,-86.749880,N 11TH ST,,,,0.00,,,GALLATIN AVE,,,,0.00,Y,Y-Intersection,N,Intersection,None,,,         ,Cressie,Prill,Clear,Front to Rear,no,no,no,no,no,False
100725879,METROPOLITAN NASHVILLE POLICE DEPT,20150076550,Davidson,Nashville,1/22/2015 6:20:00 PM,2,0,0,36.154770,-86.779420,US HWY 41,,,,0.00,,,US HWY 31,,,,0.00,Y,Roundabout, ,Intersection-Related,None,,,         ,MIchael,Mihajlov,Clear,Angle,no,no,no,no,no,False
100725889,METROPOLITAN NASHVILLE POLICE DEPT,20150076344,Davidson,Not in City Limit,1/22/2015 4:47:00 PM,3,1,0,35.999440,-86.693450,US HWY 31 ALT,,,,0.00,,,CONCORD HILLS DR,,,,0.00,Y,Four-Way,N,Intersection-Related,None,,,         ,Tien,Nguyen,Clear,Front to Rear,no,no,no,no,yes,False
100725891,VANDERBILT UNIVERSITY POLICE,15-075861,Davidson,Nashville,1/17/2015 12:00:00 AM,2,0,0,36.149940,-86.799770,TERRACE PL,,,,0.00,,,,,,,0.00,,,N,Non-Junction,None,,,         ,Donald,Dennis,Clear,Unknown,no,no,no,yes,yes,Campus
100725900,METROPOLITAN NASHVILLE POLICE DEPT,20150076236,Davidson,Nashville,1/22/2015 4:27:00 PM,2,0,0,0.000000,0.000000,,,I440,,50.00,Feet,West,,,,,3.80,N,Not at Intersection,N,Non-Junction,None,,,         ,Mekisha,Page,Clear,Front to Rear,no,no,no,no,no,False
100725904,METROPOLITAN NASHVILLE POLICE DEPT,20150075740,Davidson,Nashville,1/22/2015 2:07:00 PM,2,0,0,36.215130,-86.597660,US HWY 70,,,,0.00,Feet,,ANDREW JACKSON PKWY,,,,0.00,Y,Four-Way, ,Intersection-Related,None,,,         ,Russell,Freeman,Clear,"Sideswipe, Same Direction",no,no,no,no,no,False
100725905,METROPOLITAN NASHVILLE POLICE DEPT,20150076474,Davidson,Nashville,1/22/2015 5:41:00 PM,2,0,0,36.174530,-86.602430,STATE HWY 45,,,,0.00,,,BURNING TREE DR,,,,0.00,Y,T-Intersection, ,Intersection-Related,None,,,         ,Russell,Freeman,Clear,Angle,no,no,no,no,no,False
100725912,THP District 9 - Administrative,315004212,Davidson,Nashville,1/22/2015 6:20:00 PM,2,0,0,36.168250,-86.765960,I 24,,,,0.00,,,,,,,48.80,N,Not at Intersection, ,Non-Junction,None,,,         ,James,Gatlin,Clear,Front to Rear,no,no,no,no,no,False
100725913,METROPOLITAN NASHVILLE POLICE DEPT,20150068809,Davidson,Madison,1/20/2015 8:10:00 PM,2,0,0,36.260220,-86.678830,BUBBLING WELL RD,,,,0.00,,,SANHURST DR,,,,0.00,Y,Four-Way,N,Intersection,None,,,         ,Nathan,Dungan,Clear,Angle,no,no,no,no,no,False
100725919,METROPOLITAN NASHVILLE POLICE DEPT,2015-0076582,Davidson,Nashville,1/22/2015 6:10:00 PM,2,0,0,36.152720,-86.807470,23RD AVE N,,,,0.00,,,PATTERSON ST,,,,0.00,Y,Four-Way, ,Intersection,None,,,         ,Clyde,Stambaugh,Clear,Angle,no,no,no,no,no,False
100725925,METROPOLITAN NASHVILLE POLICE DEPT,20150072326,Davidson,Nashville,1/21/2015 5:25:00 PM,2,0,0,36.277170,-86.751470,US HWY 31W,,,,100.00,Feet,South,NESBITT DR,,,,0.00,N,Not at Intersection, ,,None,,,         ,Nathan,Dungan,,,no,no,no,no,no,False
100725926,METROPOLITAN NASHVILLE POLICE DEPT,20150076064,Davidson,Nashville,1/22/2015 4:00:00 PM,2,0,0,36.172160,-86.767350,RAMP,,,,0.00,,,PARKING LOT,,,,0.00,Y,OTHER, ,Non-Junction,None,,,         ,Ethan,Luffman,Clear,"Sideswipe, Same Direction",no,no,no,no,no,False
100725928,METROPOLITAN NASHVILLE POLICE DEPT,20150076609,Davidson,Nashville,1/22/2015 6:34:00 PM,2,0,0,36.167820,-86.757070,S 7TH ST,,,,135.00,Feet,South,SYLVAN ST,,,,0.00,N,Not at Intersection, ,,,,,         ,Jonathan,Perez,,,no,no,no,no,no,False
100725931,METROPOLITAN NASHVILLE POLICE DEPT,20150076462,Davidson,Nashville,1/22/2015 5:55:00 PM,2,5,0,0.000000,0.000000,HILLSBORO,PIKE,,,0.00,,,WOODMONT,BLVD,,,0.00,Y,Four-Way,N,Intersection,None,,,         ,Mekisha,Page,Clear,Angle,no,no,no,no,no,False
100725933,METROPOLITAN NASHVILLE POLICE DEPT,2015-0068448,Davidson,Nashville,1/20/2015 5:55:00 PM,2,0,0,36.111160,-86.789060,STATE HWY 155,,,,465.00,Feet,West,LEALAND LN,,,,0.00,N,Not at Intersection,N,Non-Junction,None,,,         ,Ryan,Hartley,Clear,Front to Rear,no,no,no,no,no,False
100725935,BERRY HILL POLICE DEPT,15-0311,Davidson,Berry Hill,1/22/2015 6:30:00 PM,1,0,0,36.121830,-86.775550,US HWY 31,,,,174.00,Feet,North,KIRKWOOD AVE,,,,0.00,N,Not at Intersection, ,Non-Junction,None,,,         ,John,Gleixner,Clear,Not Collision with Motor Vehicle in Transport,yes,no,no,no,no,False
100725936,METROPOLITAN NASHVILLE POLICE DEPT,20150076852,Davidson,Nashville,1/22/2015 5:15:00 PM,2,0,0,36.187950,-86.607710,OLD LEBANON DIRT RD,,,,0.00,,,ANDREW JACKSON PKWY,,,,0.00,Y,Four-Way, ,Intersection,None,,,         ,Kevin,Reynolds,Clear,Angle,no,no,no,no,no,False
100725937,METROPOLITAN NASHVILLE POLICE DEPT,20150076725,Davidson,Nashville,1/22/2015 6:50:00 PM,2,0,0,36.153080,-86.857840,-- UNKNOWN RAMP/ROAD --,,,,0.00,,,I 40,,,,0.00,Y,OTHER, ,Entrance/Exit Ramp Related,None,,,         ,Mark,Hatt,Cloudy,"Sideswipe, Same Direction",no,no,no,no,no,False
100725946,METROPOLITAN NASHVILLE POLICE DEPT,20150076814,Davidson,Nashville,1/22/2015 7:30:00 PM,2,0,0,36.199680,-86.838840,US HWY 41 ALT,,,,543.00,Feet,South,LAWRENCE AVE,,,,0.00,N,Not at Intersection,N,Non-Junction,None,,,         ,Brandon,Evans,Clear,Front to Rear,no,no,no,no,no,False
100725951,METROPOLITAN NASHVILLE POLICE DEPT,20150076893,Davidson,Nashville,1/22/2015 6:33:00 PM,2,0,0,36.198440,-86.620240,US HWY 70,,,,0.00,,,STATE HWY 45,,,,0.00,Y,Four-Way, ,Intersection-Related,None,,,         ,Kevin,Reynolds,Clear,Front to Rear,no,no,no,no,yes,False
100725953,METROPOLITAN NASHVILLE POLICE DEPT,20150076078,Davidson,Madison,1/22/2015 4:05:00 PM,2,0,0,36.273070,-86.689470,MYATT DR,,,,100.00,Feet,North,RAMP,,,,0.00,N,Not at Intersection, ,Non-Junction,None,,,         ,Nathan,Dungan,Clear,Front to Rear,no,no,no,no,no,False
100725956,METROPOLITAN NASHVILLE POLICE DEPT,20150076546,Davidson,Nashville,1/22/2015 6:15:00 PM,2,0,0,36.150390,-86.785290,-- UNKNOWN RAMP/ROAD --,,,,0.00,Feet,East,I 40,,,,0.00,N,Not at Intersection, ,Non-Junction,None,,,         ,Chaz,Pace,Clear,"Sideswipe, Same Direction",no,no,no,no,no,False
100725958,METROPOLITAN NASHVILLE POLICE DEPT,20150077042,Davidson,Nashville,1/22/2015 8:40:00 PM,1,0,0,36.201420,-86.776850,I 65,,,,0.00,,,,,,,87.00,N,Not at Intersection,N,Non-Junction,None,,,         ,Isaac,Wood,Clear,Not Collision with Motor Vehicle in Transport,no,no,no,no,no,False
100725963,METROPOLITAN NASHVILLE POLICE DEPT,20150076241,Davidson,Nashville,1/22/2015 4:45:00 PM,2,0,0,36.227590,-86.772560,I 65,,,,0.00,,,,,,,88.80,N,Not at Intersection, ,Non-Junction,Construction Zone,,,         ,Nathan,Dungan,Clear,"Sideswipe, Same Direction",no,no,no,no,yes,False
100725967,METROPOLITAN NASHVILLE POLICE DEPT,20150076333,Davidson,Nashville,1/22/2015 5:10:00 PM,2,0,0,36.274780,-86.735690,I 65,,,,0.00,,,,,,,93.00,N,Not at Intersection, ,Non-Junction,None,,,         ,Nathan,Dungan,Clear,"Sideswipe, Same Direction",no,no,no,no,no,False
100725972,METROPOLITAN NASHVILLE POLICE DEPT,20150061986,Davidson,Nashville,1/18/2015 11:15:00 PM,1,2,0,36.260690,-86.764110,BELLSHIRE DR,,,,419.00,Feet,West,TUCKAHOE DR,,,,0.00,N,Not at Intersection,N,Non-Junction,None,,,         ,Ryan,Kozlowski,Clear,Not Collision with Motor Vehicle in Transport,no,no,no,no,yes,False
100725979,METROPOLITAN NASHVILLE POLICE DEPT,20150077082,Davidson,Nashville,1/22/2015 8:34:00 PM,2,0,0,36.215340,-86.597660,ANDREW JACKSON PKWY,,,,27.00,Feet,South,US HWY 70,,,,0.00,N,Not at Intersection, ,Non-Junction,None,,,         ,Russell,Freeman,Clear,Front to Rear,no,no,no,no,no,False
100726002,METROPOLITAN NASHVILLE POLICE DEPT,2015-0074392,Davidson,Nashville,1/22/2015 6:26:00 AM,2,0,0,36.177450,-86.773060,I 24,,,,0.00,,,,,,,47.90,N,Not at Intersection, ,,,,,         ,Michael,Willis Jr.,,,no,no,no,no,no,False
100726007,METROPOLITAN NASHVILLE POLICE DEPT,2015-0077498,Davidson,Old Hickory,1/22/2015 11:03:00 PM,2,0,0,36.251070,-86.658240,WATERFORD DR,,,,51.00,Feet,South,MERRITT ST,,,,0.00,N,Not at Intersection,N,Non-Junction,None,,,         ,Matthew,Harris,Clear,"Sideswipe, Same Direction",no,no,no,no,no,False
100726018,METROPOLITAN NASHVILLE POLICE DEPT,20150077504,Davidson,Nashville,1/22/2015 11:20:00 PM,4,0,0,36.177120,-86.747810,WOODLAND ST,,,,200.00,Feet,East,N 12TH ST,,,,0.00,N,Not at Intersection,N,Non-Junction,None,,,         ,Darryl,Williams,Cloudy,"Sideswipe, Same Direction",no,no,no,no,no,False
100726029,METROPOLITAN NASHVILLE POLICE DEPT,2015-0073711,Davidson,Nashville,1/22/2015 1:20:00 AM,2,0,0,36.148240,-86.797690,ADELICIA ST,,,,80.00,Feet,East,20TH AVE S,,,,0.00,N,Not at Intersection,N,Non-Junction,None,,,         ,Matthew,Moses,Clear,Front to Rear,no,no,no,no,yes,False
100726039,METROPOLITAN NASHVILLE POLICE DEPT,2015-0078272,Davidson,Nashville,1/23/2015 3:50:00 AM,1,0,0,36.185830,-86.758740,US HWY 31E,,,,270.00,Feet,North,-- UNKNOWN RAMP/ROAD --,,,,0.00,N,Not at Intersection,N,Non-Junction,None,,,         ,Thomas,Miller,Sleet/Hail,Not Collision with Motor Vehicle in Transport,no,no,no,no,no,False
100726041,METROPOLITAN NASHVILLE POLICE DEPT,20150078313,Davidson,Nashville,1/23/2015 4:05:00 AM,1,1,0,36.169460,-86.606570,-- UNKNOWN RAMP/ROAD --,,,,0.00,Feet,East,I 40,,,,0.00,N,Not at Intersection,Y,Entrance/Exit Ramp Related,None,,,         ,Keith,Holley,Sleet/Hail,Not Collision with Motor Vehicle in Transport,no,no,no,no,no,False
100726042,METROPOLITAN NASHVILLE POLICE DEPT,20150078060,Davidson,Nashville,1/23/2015 2:34:00 AM,1,1,0,36.125450,-86.713440,E THOMPSON LN,,,,0.00,,,US HWY 41,,,,0.00,Y,Unknown,N,Non-Junction,None,,,         ,Elizabeth,Berry-Loucks,Clear,Not Collision with Motor Vehicle in Transport,no,no,no,yes,no,False
100726046,METROPOLITAN NASHVILLE POLICE DEPT,20150077820,Davidson,Madison,1/23/2015 1:14:00 AM,1,2,0,36.262530,-86.683560,E OLD HICKORY BLVD,,,,0.00,,,,,,,0.00,,,N,Intersection-Related,None,,,         ,Jason,Sweeney,Clear,Not Collision with Motor Vehicle in Transport,no,no,no,no,no,False
100726052,METROPOLITAN NASHVILLE POLICE DEPT,2015-0077989,Davidson,Nashville,1/23/2015 2:00:00 AM,2,0,0,36.152830,-86.789910,DEMONBREUN ST,,,,0.00,,,CONNECTING ROAD,,,,0.00,Y,Four-Way, ,,,,,         ,Matthew,Moses,,,no,no,no,no,no,False
100726070,METROPOLITAN NASHVILLE POLICE DEPT,20150078561,Davidson,Nashville,1/23/2015 6:00:00 AM,2,1,0,36.035310,-86.968690,STATE HWY 100,,,,159.00,Feet,West,PASQUO RD,,,,0.00,N,Not at Intersection,N,Non-Junction,None,,,         ,Autumn,Manning,Rain,Front to Rear,no,no,no,no,no,False
100726075,METROPOLITAN NASHVILLE POLICE DEPT,2015-0077913,Davidson,Nashville,1/23/2015 1:35:00 AM,1,2,0,36.074620,-86.752250,BLACKMAN RD,,,,501.00,Feet,West,BRIARWOOD DR,,,,0.00,N,Not at Intersection,N,Non-Junction,None,,,         ,Alan,Digruttolo,Clear,Not Collision with Motor Vehicle in Transport,no,no,no,no,no,False
100726077,METROPOLITAN NASHVILLE POLICE DEPT,2015-0035884,Davidson,Nashville,1/11/2015 2:00:00 AM,2,0,0,36.161440,-86.776300,US HWY 70,,,,115.00,Feet,West,3RD AVE N,,,,0.00,N,Not at Intersection,N,Non-Junction,None,,,         ,Austin,Bass,Clear,Front to Rear,no,no,no,no,no,False
100726089,METROPOLITAN NASHVILLE POLICE DEPT,20150078630,Davidson,Not in City Limit,1/23/2015 7:00:00 AM,2,0,0,36.265710,-86.830850,STATE HWY 45,,,,0.00,,,US HWY 431,,,,0.00,Y,Four-Way, ,Intersection,None,,,         ,Ryan,Caulfield,Rain,HeadOn,no,no,no,no,no,False
100726094,METROPOLITAN NASHVILLE POLICE DEPT,20150078709,Davidson,Nashville,1/23/2015 7:25:00 AM,2,0,0,36.096000,-86.742930,ALLIED DR,,,,118.00,Feet,West,KEYSTONE AVE,,,,0.00,N,Not at Intersection, ,Non-Junction,None,,,         ,Justin,Pinkelton,Rain,Front to Rear,no,no,no,no,no,False
100726097,METROPOLITAN NASHVILLE POLICE DEPT,2015-0078736,Davidson,Nashville,1/23/2015 7:40:00 AM,2,0,0,36.182870,-86.738480,EASTLAND AVE,,,,0.00,,,N 17TH ST,,,,0.00,Y,T-Intersection, ,,None,,,         ,Coleman,Womack,,,no,no,no,no,no,False
100726098,METROPOLITAN NASHVILLE POLICE DEPT,20150078767,Davidson,Nashville,1/23/2015 7:58:00 AM,1,1,0,36.084830,-86.755840,TROUSDALE DR,,,,67.00,Feet,South,ELYSIAN FIELDS RD,,,,0.00,N,Not at Intersection,N,Non-Junction,None,,,         ,Nathan,Kemp,Cloudy,Not Collision with Motor Vehicle in Transport,no,no,no,no,no,False
100726099,METROPOLITAN NASHVILLE POLICE DEPT,20150078717,Davidson,Nashville,1/23/2015 7:50:00 AM,2,0,0,36.154650,-86.788420,I 40,,,,0.00,,,,,,,209.25,N,Not at Intersection, ,Entrance/Exit Ramp Related,None,,,         ,Michael,Johnson,Rain,Front to Rear,no,no,no,no,no,False
100726102,METROPOLITAN NASHVILLE POLICE DEPT,20150070403,Davidson,Nashville,1/21/2015 6:36:00 AM,2,0,0,36.154320,-86.742120,FESSLERS LN,,,,0.00,,,US HWY 70,,,,0.00,Y,T-Intersection, ,,None,,,         ,James,Curtis,,,no,no,no,no,no,False
100726103,METROPOLITAN NASHVILLE POLICE DEPT,20150070743,Davidson,Nashville,1/21/2015 8:55:00 AM,2,0,0,36.144740,-86.739660,I 40,,,,0.00,,,,,,,212.30,N,Not at Intersection, ,Non-Junction,None,,,         ,James,Curtis,Clear,Front to Rear,no,no,no,no,no,False
100726104,METROPOLITAN NASHVILLE POLICE DEPT,20150070936,Davidson,Nashville,1/21/2015 9:57:00 AM,2,1,0,36.140030,-86.729510,I 40,,,,0.00,,,,,,,213.15,N,Not at Intersection,N,Non-Junction,None,,,         ,James,Curtis,Clear,Front to Rear,no,no,no,no,no,False
100726105,METROPOLITAN NASHVILLE POLICE DEPT,20150074426,Davidson,Nashville,1/22/2015 6:52:00 AM,2,0,0,36.150920,-86.750100,I 40,,,,0.00,,,,,,,211.60,N,Not at Intersection, ,,None,,,         ,James,Curtis,,,no,no,no,no,no,False
100726106,METROPOLITAN NASHVILLE POLICE DEPT,20150070613,Davidson,Nashville,1/21/2015 8:24:00 AM,1,0,0,36.150540,-86.767810,US HWY 31 ALT,,,,0.00,,,MCCANN ST,,,,0.00,Y,T-Intersection,N,Non-Junction,None,,,         ,James,Curtis,Clear,Not Collision with Motor Vehicle in Transport,no,no,no,no,no,False
100726107,METROPOLITAN NASHVILLE POLICE DEPT,2015-0078689,Davidson,Nashville,1/23/2015 7:30:00 AM,2,0,0,36.109390,-86.721320,EXIT 3B,,,,0.00,Feet,East,I 24,,,,0.00,N,Not at Intersection, ,Entrance/Exit Ramp Related,None,,,         ,William,Whitworth,Rain,Front to Rear,no,no,no,no,no,False
100726109,METROPOLITAN NASHVILLE POLICE DEPT,20150071378,Davidson,Lakewood,1/21/2015 12:14:00 PM,2,3,0,36.243700,-86.629450,LAKESHORE DR,,,,228.00,Feet,West,ANTHONY ST,,,,0.00,N,Not at Intersection,N,Non-Junction,None,,,         ,James,Curtis,Clear,HeadOn,no,no,no,no,no,False
100726110,METROPOLITAN NASHVILLE POLICE DEPT,20150075414,Davidson,Nashville,1/22/2015 12:41:00 PM,1,1,0,36.199120,-86.594420,CHANDLER RD,,,,745.00,Feet,West,TULIP GROVE RD,,,,0.00,N,Not at Intersection,N,Non-Junction,None,,,         ,James,Curtis,Cloudy,Not Collision with Motor Vehicle in Transport,no,no,no,no,no,False
100726111,METROPOLITAN NASHVILLE POLICE DEPT,20150078645,Davidson,Nashville,1/23/2015 6:40:00 AM,2,0,0,36.150780,-86.667240,OLD ELM HILL PIKE,,,,191.00,Feet,West,STATE HWY 255,,,,0.00,N,Not at Intersection, ,Non-Junction,None,,,         ,James,Curtis,Rain,HeadOn,no,no,no,no,no,False
100726115,METROPOLITAN NASHVILLE POLICE DEPT,2015-0078801,Davidson,Nashville,1/23/2015 8:00:00 AM,2,0,0,36.140160,-86.827640,MURPHY RD,,,,14.00,Feet,West,ACKLEN PARK DR,,,,0.00,N,Not at Intersection,N,Non-Junction,None,,,         ,Curtis,Rich,Rain,Front to Rear,no,no,no,no,no,False
100726123,METROPOLITAN NASHVILLE POLICE DEPT,20150078756,Davidson,Nashville,1/23/2015 7:51:00 AM,2,0,0,36.176900,-86.776130,COWAN ST,,,,0.00,,,SPRING ST,,,,0.00,Y,Four-Way, ,,None,,,         ,Bryan,Birdwell,,,no,no,no,no,no,False
100726125,METROPOLITAN NASHVILLE POLICE DEPT,20150078675,Davidson,Nashville,1/23/2015 7:22:00 AM,2,0,0,0.000000,0.000000,MASSMAN DRIVE,,,,0.00,,,ELM HILL PIKE,,,,0.00,Y,Four-Way, ,Intersection,None,,,         ,Caleb,Jernigan,Rain,"Sideswipe, Same Direction",no,no,no,no,no,False
100726139,METROPOLITAN NASHVILLE POLICE DEPT,20150078774,Davidson,Nashville,1/23/2015 7:57:00 AM,2,0,0,36.205260,-86.723230,MCGAVOCK PIKE,,,,244.00,Feet,West,GENEIVA DR,,,,0.00,N,Not at Intersection,N,Non-Junction,None,,,         ,Jared,Eaves,Clear,Front to Rear,no,no,no,no,no,False
100726150,METROPOLITAN NASHVILLE POLICE DEPT,2015-0078730,Davidson,Nashville,1/23/2015 7:41:00 AM,2,0,0,36.147070,-86.662080,ELM HILL PIKE,,,,0.00,Feet,,AIRPORT CENTER DR,,,,0.00,Y,T-Intersection,N,Intersection,None,,,         ,Michael,Baker,Rain,Angle,no,no,no,no,no,False
100726158,METROPOLITAN NASHVILLE POLICE DEPT,20150078901,Davidson,Nashville,1/23/2015 8:38:00 AM,2,1,0,36.182770,-86.798620,-- UNKNOWN RAMP/ROAD --,,,,0.00,,,I 65,,,,0.00,Y,Unknown,Y,Entrance/Exit Ramp Related,None,,,         ,Rodney,Clark,Rain,Front to Rear,no,no,no,no,no,False
100726160,METROPOLITAN NASHVILLE POLICE DEPT,20150078720,Davidson,Nashville,1/23/2015 7:30:00 AM,2,0,0,36.169890,-86.674950,US HWY 70,,,,163.00,Feet,West,GRAYLYNN DR,,,,0.00,N,Not at Intersection,N,Non-Junction,None,,,         ,Jarret,Sonnenberg,Rain,Front to Rear,no,no,no,no,no,False
100726166,METROPOLITAN NASHVILLE POLICE DEPT,20150078807,Davidson,Nashville,1/23/2015 8:00:00 AM,1,0,0,36.024960,-86.646310,CANE RIDGE RD,,,,1002.00,Feet,North,HEARTHSIDE WAY,,,,0.00,N,Not at Intersection,N,Non-Junction,None,,,         ,Megan,Arnett,Rain,Not Collision with Motor Vehicle in Transport,no,no,no,no,no,False
100726168,METROPOLITAN NASHVILLE POLICE DEPT,20150078737,Davidson,Not in City Limit,1/23/2015 7:30:00 AM,1,0,0,36.281970,-86.947140,RIDGE RD,,,,386.00,Feet,East,HIGDON RD,,,,0.00,N,Not at Intersection,N,Non-Junction,None,,,         ,Alan,Jordan,Rain,Not Collision with Motor Vehicle in Transport,no,no,no,no,no,False
100726170,METROPOLITAN NASHVILLE POLICE DEPT,2015-0078947,Davidson,Nashville,1/23/2015 9:00:00 AM,2,1,0,36.131630,-86.833540,US HWY 70S,,,,0.00,,,N WILSON BLVD,,,,0.00,Y,T-Intersection,N,Intersection,None,,,         ,Curtis,Rich,Rain,Angle,no,no,no,no,no,False
100726176,METROPOLITAN NASHVILLE POLICE DEPT,2015-078944,Davidson,Nashville,1/23/2015 8:50:00 AM,2,0,0,36.152330,-86.771570,4TH AVE S,,,,0.00,,,ASH ST,,,,0.00,Y,Four-Way, ,Intersection,None,,,         ,Charles,Coe,Rain,Angle,no,no,no,no,no,False
100726177,METROPOLITAN NASHVILLE POLICE DEPT,2015-078702,Davidson,Nashville,1/23/2015 7:30:00 AM,2,1,0,36.065190,-86.647010,EDENCREST DR,,,,50.00,Feet,North,BRIDGECREST DR,,,,0.00,N,Not at Intersection,N,Non-Junction,None,,,         ,James,Grady,Rain,Angle,no,no,no,no,no,False
100726189,METROPOLITAN NASHVILLE POLICE DEPT,20150075594,Davidson,Nashville,1/22/2015 1:40:00 PM,2,2,0,36.149340,-86.803450,US HWY 70S,,,,0.00,,,LOUISE AVE,,,,0.00,Y,T-Intersection,N,Intersection,None,,,         ,Nathan,Kemp,Clear,Angle,no,no,no,no,no,Campus
100726193,METROPOLITAN NASHVILLE POLICE DEPT,20150078698,Davidson,Nashville,1/23/2015 7:30:00 AM,2,1,0,36.250350,-86.741300,I 65,,,,0.00,,,,,,,91.20,N,Not at Intersection,N,Non-Junction,None,,,         ,Jordan,Lowry,Rain,Front to Rear,no,no,no,no,no,False
100726198,METROPOLITAN NASHVILLE POLICE DEPT,20150078786,Davidson,Goodlettsville,1/23/2015 8:15:00 AM,1,0,0,36.303470,-86.741340,DRY CREEK RD,,,,0.00,,,HILLS HOLLOW RD,,,,0.00,Y,OTHER,N,Non-Junction,None,,,         ,Jeffery,Burnette,Rain,Not Collision with Motor Vehicle in Transport,no,no,no,no,no,False
100726205,METROPOLITAN NASHVILLE POLICE DEPT,2015-0078932,Davidson,Nashville,1/23/2015 8:55:00 AM,2,0,0,36.116090,-86.832040,STATE HWY 155,,,,60.00,Feet,East,FOXHALL RD,,,,0.00,N,Not at Intersection,N,Non-Junction,None,,,         ,Paul,Junkmann,Rain,Angle,no,no,no,no,no,False
100726207,METROPOLITAN NASHVILLE POLICE DEPT,20150079026,Davidson,Nashville,1/23/2015 9:21:00 AM,1,1,0,36.237550,-86.731460,EXIT 15A-B-16A,,,,0.00,Feet,East,STATE HWY 155,,,,0.00,N,Not at Intersection,Y,Entrance/Exit Ramp Related,None,,,         ,James,Smith,Cloudy,Not Collision with Motor Vehicle in Transport,no,no,no,no,no,False
100726208,METROPOLITAN NASHVILLE POLICE DEPT,20150079044,Davidson,Madison,1/23/2015 9:30:00 AM,2,0,0,36.261640,-86.677890,SANHURST DR,,,,0.00,,,E OLD HICKORY BLVD,,,,0.00,Y,OTHER,N,OtherLocation,None,,,         ,Brian,Otto,Rain,Angle,no,no,no,no,no,False
100726214,METROPOLITAN NASHVILLE POLICE DEPT,20150078679,Davidson,Madison,1/23/2015 7:15:00 AM,2,0,0,36.238850,-86.724250,WALTON LN,,,,8.00,Feet,East,RAMP,,,,0.00,N,Not at Intersection, ,,None,,,         ,Brian,Otto,,,no,no,no,no,no,False
100726215,METROPOLITAN NASHVILLE POLICE DEPT,20150070674,Davidson,Nashville,1/21/2015 8:43:00 AM,2,0,0,36.077470,-86.773060,US HWY 31,,,,0.00,,,TYNE BLVD,,,,0.00,Y,Four-Way,N,Intersection,None,,,         ,Erik,Wagner,Clear,Not Collision with Motor Vehicle in Transport,no,no,no,no,no,False
100726216,METROPOLITAN NASHVILLE POLICE DEPT,20150078764,Davidson,Nashville,1/23/2015 7:56:00 AM,2,1,0,36.142130,-86.775760,FORT NEGLEY BLVD,,,,0.00,,,CHESTNUT ST,,,,0.00,Y,Four-Way,N,Intersection,None,,,         ,Erik,Wagner,Cloudy,HeadOn,no,no,no,no,no,False
100726220,METROPOLITAN NASHVILLE POLICE DEPT,2015-0078983,Davidson,Nashville,1/23/2015 9:20:00 AM,3,1,0,36.048530,-86.654250,STATE HWY 254,,,,116.00,Feet,West,CONNECTING ROAD,,,,0.00,N,Not at Intersection,N,Non-Junction,None,,,         ,William,Whitworth,Rain,Front to Rear,no,no,no,no,no,False
100726241,METROPOLITAN NASHVILLE POLICE DEPT,2015-0079250,Davidson,Nashville,1/23/2015 10:45:00 AM,2,0,0,36.157460,-86.774080,GATEWAY BLVD,,,,0.00,,,ALMOND ST,,,,0.00,Y,OTHER, ,,,,,         ,Daniel,Massey,,,no,no,no,no,no,False
100726242,METROPOLITAN NASHVILLE POLICE DEPT,20150079246,Davidson,Goodlettsville,1/23/2015 10:30:00 AM,3,1,0,36.297580,-86.699520,RAMP,,,,0.00,,,RIVERGATE PKWY,,,,0.00,Y,Four-Way,Y,Intersection-Related,None,,,         ,Jeffery,Burnette,Rain,Front to Rear,no,no,no,no,yes,False
100726250,METROPOLITAN NASHVILLE POLICE DEPT,20150079458,Davidson,Nashville,1/23/2015 12:01:00 PM,2,1,0,36.108270,-86.800600,BELMONT BLVD,,,,233.00,Feet,South,GRANDVIEW DR,,,,0.00,N,Not at Intersection,N,Non-Junction,None,,,         ,Nathan,Kemp,Rain,Front to Rear,no,no,no,no,no,False