master_record_number,agency,agency_tracking_number,county,city,collision_date,vehicles_involved,number_injured,number_dead,latitude,longitude,roadway_name,roadway_suffix,roadway_number,roadway_local_id,distance_from_reference,miles-feet_indicator,direction_from_reference,intersection_road_name,intersection_road_name_suffix,intersection_road_number,intersection_local_id,mile_marker,intersection_indicator,intersect_type,interchange_related_indicator,relation_to_junction,work_zone_type,construction_maintenance_zone,construction_maintenance_zone_location,fatal_case_number,officer_first_name,officer_last_name,weather_condition(s),manner_of_crash,pedestrian,bicycle,scooter,parking,hitrun,mou
100726603,METROPOLITAN NASHVILLE POLICE DEPT,20150080219,Davidson,Nashville,1/23/2015 4:01:00 PM,1,0,0,36.089670,-86.699270,METROPLEX DR,,,,0.00,,,,,,,0.00,,,N,Non-Junction,None,,,         ,Michael,Moss,Rain,Not Collision with Motor Vehicle in Transport,no,no,no,yes,no,False
100726606,METROPOLITAN NASHVILLE POLICE DEPT,20150080190,Davidson,Nashville,1/23/2015 5:16:00 PM,2,0,0,36.160240,-86.782930,US HWY 31,,,,0.00,,,COMMERCE ST,,,,0.00,Y,Four-Way, ,Intersection-Related,None,,,         ,Jacob,Paul,Rain,"Sideswipe, Same Direction",no,no,no,no,no,False
100726615,METROPOLITAN NASHVILLE POLICE DEPT,20150080549,Davidson,Lakewood,1/23/2015 5:09:00 PM,2,0,0,36.241240,-86.633190,STATE HWY 45,,,,141.00,Feet,East,IRIS AVE,,,,0.00,N,Not at Intersection,N,Non-Junction,None,,,         ,Russell,Freeman,Rain,Front to Rear,no,no,no,no,yes,False
100726619,VANDERBILT UNIVERSITY POLICE,15-0080757,Davidson,Nashville,1/23/2015 12:00:00 AM,1,0,0,36.142430,-86.800100,US HWY 431,,,,201.00,Feet,South,MEDICAL CENTER DR,,,,0.00,N,Not at Intersection, ,,,,,         ,Cedric,Edwards,,,no,no,no,yes,no,Campus
100726628,METROPOLITAN NASHVILLE POLICE DEPT,20150079898,Davidson,Nashville,1/23/2015 3:08:00 PM,2,1,0,36.187980,-86.821590,CLARKSVILLE PIKE,,,,0.00,,,US HWY 41 ALT,,,,0.00,Y,Four-Way,N,Intersection,None,,,         ,Christopher,Kelly,Rain,Angle,no,no,no,no,no,False
100726635,METROPOLITAN NASHVILLE POLICE DEPT,20150080638,Davidson,Nashville,1/23/2015 7:10:00 PM,2,0,0,36.045540,-86.704990,STATE HWY 254,,,,411.00,Feet,West,EULALA DR,,,,0.00,N,Not at Intersection,N,Non-Junction,None,,,         ,Joseph,Progar,Rain,Front to Rear,no,no,no,no,no,False
100726637,METROPOLITAN NASHVILLE POLICE DEPT,20150080719,Davidson,Madison,1/23/2015 7:47:00 PM,2,0,0,36.277240,-86.729100,N GRAYCROFT AVE,,,,252.00,Feet,North,E CAMPBELL RD,,,,0.00,N,Not at Intersection,N,Non-Junction,None,,,         ,Samuel,Miller,Snow,Angle,no,no,no,no,yes,False
100726638,METROPOLITAN NASHVILLE POLICE DEPT,20150079853,Davidson,Antioch,1/23/2015 2:55:00 PM,2,0,0,36.017740,-86.624100,I 24,,,,0.00,,,,,,,62.30,N,Not at Intersection, ,Entrance/Exit Ramp Related,None,,,         ,Jessie,Meadows,Rain,"Sideswipe, Same Direction",no,no,no,no,no,False
100726639,METROPOLITAN NASHVILLE POLICE DEPT,20150079982,Davidson,Nashville,1/23/2015 4:06:00 PM,2,0,0,36.148450,-86.766460,US HWY 31 ALT,,,,19.00,Feet,South,CAMERON ST,,,,0.00,N,Not at Intersection,N,Non-Junction,None,,,         ,Jessie,Meadows,Rain,"Sideswipe, Same Direction",no,no,no,no,no,False
100726640,METROPOLITAN NASHVILLE POLICE DEPT,20150080168,Davidson,Nashville,1/23/2015 5:16:00 PM,2,0,0,36.112810,-86.746180,US HWY 31 ALT,,,,31.00,Feet,North,MCCLAIN AVE,,,,0.00,N,Not at Intersection, ,Non-Junction,None,,,         ,Jessie,Meadows,Rain,Angle,no,no,no,no,no,False
100726641,METROPOLITAN NASHVILLE POLICE DEPT,20150080445,Davidson,Nashville,1/23/2015 6:40:00 PM,2,0,0,36.115420,-86.725040,I 24,,,,0.00,,,,,,,53.25,N,Not at Intersection,N,Non-Junction,None,,,         ,Jessie,Meadows,Rain,Front to Rear,no,no,no,no,no,False
100726642,METROPOLITAN NASHVILLE POLICE DEPT,20150080618,Davidson,Nashville,1/23/2015 7:36:00 PM,2,1,0,36.044950,-86.665020,STATE HWY 254,,,,511.00,Feet,North,CEDAR POINTE PKWY,,,,0.00,N,Not at Intersection,N,Non-Junction,None,,,         ,Jessie,Meadows,Rain,Angle,no,no,no,no,no,False
100726656,METROPOLITAN NASHVILLE POLICE DEPT,20150053676,Davidson,Nashville,1/16/2015 6:00:00 AM,2,1,0,36.153850,-86.757970,I 40,,,,0.00,,,,,,,211.10,N,Not at Intersection,N,Entrance/Exit Ramp Related,None,,,         ,Charles,Large,Clear,Front to Rear,no,no,no,no,no,False
100726657,METROPOLITAN NASHVILLE POLICE DEPT,2015-0080816,Davidson,Nashville,1/23/2015 8:35:00 PM,2,0,0,36.037350,-86.786560,US HWY 31,,,,0.00,,,STATE HWY 254,,,,0.00,Y,Four-Way, ,Intersection,None,,,         ,William,King,Rain,Angle,no,no,no,no,no,False
100726661,METROPOLITAN NASHVILLE POLICE DEPT,20150080764,Davidson,Nashville,1/23/2015 7:45:00 PM,2,0,0,36.191290,-86.788020,I 65,,,,0.00,,,,,,,85.90,N,Not at Intersection, ,Non-Junction,None,,,         ,Jessie,Freeland,Rain,"Sideswipe, Same Direction",no,no,no,no,yes,False
100726664,METROPOLITAN NASHVILLE POLICE DEPT,20150081012,Davidson,Nashville,1/23/2015 9:30:00 PM,2,0,0,36.155110,-86.627010,-- UNKNOWN RAMP/ROAD --,,,,0.00,,,I 40,,,,0.00,Y,Four-Way, ,Non-Junction,None,,,         ,Brandon,Vance,Snow,Angle,no,no,no,no,no,False
100726672,BERRY HILL POLICE DEPT,15-0325,Davidson,Berry Hill,1/23/2015 9:00:00 PM,2,0,0,36.120180,-86.774970,US HWY 31,,,,0.00,,,GALE LN,,,,0.00,Y,T-Intersection,N,Intersection-Related,None,,,         ,Monty,Sands,Rain,"Sideswipe, Same Direction",no,no,no,no,yes,False
100726679,METROPOLITAN NASHVILLE POLICE DEPT,20150080114,Davidson,Nashville,1/23/2015 4:21:00 PM,1,0,0,36.054690,-86.741490,MCMURRAY DR,,,,370.00,Feet,East,EDMONDSON PIKE,,,,0.00,N,Not at Intersection,N,Non-Junction,None,,,         ,Miguel,Garcia,Rain,Not Collision with Motor Vehicle in Transport,no,no,no,no,yes,False
100726680,METROPOLITAN NASHVILLE POLICE DEPT,20150080278,Davidson,Nashville,1/23/2015 5:21:00 PM,2,1,0,36.033050,-86.712880,US HWY 31 ALT,,,,193.00,Feet,South,BARNES RD,,,,0.00,N,Not at Intersection,N,Non-Junction,None,,,         ,Miguel,Garcia,Rain,Front to Rear,no,no,no,no,no,False
100726681,METROPOLITAN NASHVILLE POLICE DEPT,20150080309,Davidson,Nashville,1/23/2015 5:12:00 PM,2,0,0,36.042470,-86.713010,US HWY 31 ALT,,,,0.00,,,SWISS AVE,,,,0.00,Y,Four-Way, ,Intersection,None,,,         ,Miguel,Garcia,Rain,Angle,no,no,no,no,no,False
100726682,METROPOLITAN NASHVILLE POLICE DEPT,20150081161,Davidson,Nashville,1/23/2015 10:10:00 PM,2,0,0,36.183130,-86.794810,6TH AVE N,,,,155.00,Feet,South,BUCHANAN ST,,,,0.00,N,Not at Intersection,N,Non-Junction,None,,,         ,Christopher,Littles,Snow,Angle,no,no,no,no,yes,False
100726692,METROPOLITAN NASHVILLE POLICE DEPT,20150080581,Davidson,Nashville,1/23/2015 7:00:00 PM,3,0,0,0.000000,0.000000,OLD HICKORY,BLVD,,,0.00,,,NOLENSVILLE,PIKE,,,0.00,Y,T-Intersection, ,Intersection,None,,,         ,Mekisha,Page,Rain,Front to Rear,no,no,no,no,yes,False
100726698,METROPOLITAN NASHVILLE POLICE DEPT,20150078600,Davidson,Nashville,1/23/2015 6:36:00 AM,2,0,0,36.136480,-86.726740,I 24,,,,0.00,,,,,,,52.25,N,Not at Intersection,N,Non-Junction,None,,,         ,Charles,Large,Rain,"Sideswipe, Same Direction",no,no,no,no,no,False
100726699,METROPOLITAN NASHVILLE POLICE DEPT,2015-0081199,Davidson,Nashville,1/23/2015 10:28:00 PM,2,0,0,36.151110,-86.770740,US HWY 31 ALT,,,,0.00,,,-- UNKNOWN RAMP/ROAD --,,,,0.00,Y,Four-Way,N,Intersection,None,,,         ,Doyle,Wilhoite,Snow,Angle,no,no,no,no,no,False
100726705,METROPOLITAN NASHVILLE POLICE DEPT,2015-0081249,Davidson,Nashville,1/23/2015 10:52:00 PM,2,0,0,36.156770,-86.769910,US HWY 70,,,,305.00,Feet,South,PEABODY ST,,,,0.00,N,Not at Intersection, ,Non-Junction,None,,,         ,Michael,Willis Jr.,Snow,Rear to Side,no,no,no,yes,no,False
100726706,METROPOLITAN NASHVILLE POLICE DEPT,20150081308,Davidson,Nashville,1/23/2015 10:53:00 PM,2,0,0,36.145240,-86.666770,SHACKLETT DR,,,,0.00,,,STATE HWY 255,,,,0.00,Y,Four-Way, ,Non-Junction,None,,,         ,Benjamin,Cole,Snow,"Sideswipe, Same Direction",no,no,no,no,no,False
100726709,METROPOLITAN NASHVILLE POLICE DEPT,20150081074,Davidson,Nashville,1/23/2015 9:46:00 PM,2,2,0,0.000000,0.000000,POWELL,AVE,,,0.00,,,THOMPSON,LN,,,0.00,Y,T-Intersection,N,Intersection,None,,,         ,Mekisha,Page,Sleet/Hail,Angle,no,no,no,no,no,False
100726711,METROPOLITAN NASHVILLE POLICE DEPT,20150081379,Davidson,Not in City Limit,1/23/2015 11:32:00 PM,1,1,0,36.258780,-86.716180,DOUGLAS ST,,,,0.00,,,MADISON ST,,,,0.00,Y,Four-Way,N,Intersection,None,,,         ,Nathan,Clark,Snow,Not Collision with Motor Vehicle in Transport,no,no,no,no,no,False
100726712,METROPOLITAN NASHVILLE POLICE DEPT,20150081473,Davidson,Nashville,1/24/2015 12:02:00 AM,1,0,0,36.196670,-86.597050,CHANDLER RD,,,,1857.00,Feet,West,TULIP GROVE RD,,,,0.00,N,Not at Intersection,N,Non-Junction,None,,,         ,Gregory,Dixon,Snow,Not Collision with Motor Vehicle in Transport,no,no,no,no,no,False
100726714,METROPOLITAN NASHVILLE POLICE DEPT,2015-0081570,Davidson,Nashville,1/24/2015 12:37:00 AM,1,0,0,36.068380,-86.770290,I 65,,,,0.00,,,,,,,76.80,N,Not at Intersection,N,Non-Junction,None,,,         ,Alan,Digruttolo,Snow,Not Collision with Motor Vehicle in Transport,no,no,no,no,no,False
100726730,METROPOLITAN NASHVILLE POLICE DEPT,20150081461,Davidson,Nashville,1/24/2015 12:20:00 AM,1,1,0,36.121720,-86.754640,I 440,,,,0.00,,,,,,,6.10,N,Not at Intersection,N,Non-Junction,None,,,         ,Devon,Morgan,Rain,Not Collision with Motor Vehicle in Transport,no,no,no,no,no,False
100726731,METROPOLITAN NASHVILLE POLICE DEPT,20150081525,Davidson,Nashville,1/24/2015 12:15:00 AM,2,1,0,36.155820,-86.795900,17TH AVE N,,,,0.00,,,CHURCH ST,,,,0.00,Y,Four-Way,N,Intersection,None,,,         ,John,Riddle,Snow,Angle,no,no,no,no,no,False
100726732,METROPOLITAN NASHVILLE POLICE DEPT,2015-0081723,Davidson,Nashville,1/24/2015 1:22:00 AM,2,0,0,36.163080,-86.784380,UNION ST,,,,70.00,Feet,West,POLK AVE,,,,0.00,N,Not at Intersection,N,Non-Junction,None,,,         ,Michael,Willis Jr.,Snow,Front to Rear,no,no,no,no,no,False
100726734,METROPOLITAN NASHVILLE POLICE DEPT,20150078534,Davidson,Nashville,1/24/2015 5:53:00 AM,2,0,0,36.265850,-86.739380,-- UNKNOWN RAMP/ROAD --,,,,0.00,,,I 65,,,,0.00,Y,Y-Intersection, ,,,,,         ,Nicholas,Truan,,,no,no,no,no,no,False
100726739,METROPOLITAN NASHVILLE POLICE DEPT,20150081439,Davidson,Nashville,1/23/2015 9:30:00 PM,1,0,0,36.052080,-87.000250,POPLAR CREEK RD,,,,1394.00,Feet,East,RUSSELL RD,,,,0.00,N,Not at Intersection,N,Non-Junction,None,,,         ,Ericka,Bingham,Snow,Not Collision with Motor Vehicle in Transport,no,no,no,no,no,False
100726746,METROPOLITAN NASHVILLE POLICE DEPT,20150081329,Davidson,Nashville,1/23/2015 11:02:00 PM,1,1,0,36.146020,-86.799540,US HWY 431,,,,0.00,,,SCARRITT PL,,,,0.00,Y,T-Intersection,N,Intersection,None,,,         ,Harris,Smith,Snow,Not Collision with Motor Vehicle in Transport,yes,no,no,no,no,Campus
100726754,METROPOLITAN NASHVILLE POLICE DEPT,20150081857,Davidson,Nashville,1/24/2015 2:03:00 AM,1,2,0,36.127250,-86.727750,I 24,,,,0.00,,,,,,,51.35,N,Not at Intersection,N,Non-Junction,None,,,         ,Elizabeth,Berry-Loucks,Snow,Not Collision with Motor Vehicle in Transport,no,no,no,no,no,False
100726755,METROPOLITAN NASHVILLE POLICE DEPT,20150081309,Davidson,Nashville,1/23/2015 12:00:00 AM,1,0,0,36.119910,-86.918500,US HWY 70,,,,0.00,,,OLD CHARLOTTE PIKE,,,,0.00,Y,T-Intersection,N,Intersection-Related,None,,,         ,Joel,Callies,Blowing Snow,Not Collision with Motor Vehicle in Transport,no,no,no,no,no,False
100726759,METROPOLITAN NASHVILLE POLICE DEPT,20150081983,Davidson,Nashville,1/24/2015 3:05:00 AM,2,0,0,36.069150,-86.683880,ANTIOCH PIKE,,,,0.00,,,RICHARDS RD,,,,0.00,Y,T-Intersection,N,Non-Junction,None,,,         ,Brian,Penny,Rain,Angle,no,no,no,no,no,False
100726762,METROPOLITAN NASHVILLE POLICE DEPT,20150082120,Davidson,Nashville,1/24/2015 12:00:00 AM,1,0,0,36.193470,-86.775890,I 65,,,,0.00,,,,,,,86.55,N,Not at Intersection,Y,Entrance/Exit Ramp Related,None,,,         ,Joshua,Lippert,Snow,Not Collision with Motor Vehicle in Transport,no,no,no,no,yes,False
100726773,METROPOLITAN NASHVILLE POLICE DEPT,20150081947,Davidson,Nashville,1/24/2015 2:50:00 AM,2,0,0,36.191660,-86.786210,I 65,,,,0.00,,,,,,,86.00,N,Not at Intersection,N,Non-Junction,None,,,         ,Lewis,Taylor,Snow,Unknown,no,no,no,no,no,False
100726775,METROPOLITAN NASHVILLE POLICE DEPT,2015-0082199,Davidson,Nashville,1/24/2015 5:20:00 AM,1,1,0,36.161120,-86.760570,I 24,,,,0.00,,,,,,,49.40,N,Not at Intersection,N,Non-Junction,None,,,         ,Jared,Zwilling,Snow,Not Collision with Motor Vehicle in Transport,no,no,no,no,no,False
100726776,METROPOLITAN NASHVILLE POLICE DEPT,20150081866,Davidson,Nashville,1/24/2015 2:10:00 AM,2,2,0,36.151670,-86.752330,I 40,,,,0.00,,,,,,,211.45,N,Not at Intersection,N,Non-Junction,None,,,         ,Evan,Hibschman,Clear,Front to Rear,no,no,no,no,no,False
100726782,METROPOLITAN NASHVILLE POLICE DEPT,2015-0078596,Davidson,Nashville,1/23/2015 6:30:00 AM,2,0,0,36.161940,-86.775190,2ND AVE S,,,,0.00,,,US HWY 70,,,,0.00,Y,Four-Way, ,Intersection,None,,,         ,Jared,Zwilling,Rain,Angle,no,no,no,no,no,False
100726783,BELLE MEADE POLICE DEPT,15-00018,Davidson,Belle Meade,1/14/2015 9:06:00 AM,2,0,0,0.000000,0.000000,HARDING,RD,US70,,0.00,,,LYNWOOD,BLVD,US,,0.00,Y,Four-Way, ,Intersection,None,,,         ,Norm,Shelton,Cloudy,Front to Rear,no,no,no,no,no,False
100726791,METROPOLITAN NASHVILLE POLICE DEPT,20150081424,Davidson,Nashville,1/23/2015 11:00:00 PM,2,0,0,36.148050,-86.806120,US HWY 70S,,,,117.00,Feet,East,24TH AVE S,,,,0.00,N,Not at Intersection, ,Non-Junction,None,,,         ,John,Riddle,Snow,"Sideswipe, Same Direction",no,no,no,no,yes,Campus
100726792,METROPOLITAN NASHVILLE POLICE DEPT,20150082230,Davidson,Nashville,1/24/2015 5:45:00 AM,2,0,0,36.162650,-86.617910,I 40,,,,0.00,,,,,,,219.80,N,Not at Intersection,N,Non-Junction,None,,,         ,Keith,Holley,Clear,"Sideswipe, Same Direction",no,no,no,no,no,False
100726794,METROPOLITAN NASHVILLE POLICE DEPT,20150082209,Davidson,Nashville,1/24/2015 5:34:00 AM,1,1,0,36.197400,-86.687730,EXIT 11,,,,0.00,,,STATE HWY 155,,,,0.00,Y,Unknown,N,Non-Junction,None,,,         ,Andy,Esqueda,Clear,Not Collision with Motor Vehicle in Transport,no,no,no,no,no,False
100726796,METROPOLITAN NASHVILLE POLICE DEPT,20150066427,Davidson,Nashville,1/20/2015 7:01:00 AM,2,0,0,36.247320,-86.784060,I 24,,,,0.00,,,,,,,42.85,N,Not at Intersection, ,Non-Junction,None,,,         ,Earnest,Fields,Clear,Front to Rear,no,no,no,no,no,False
100726798,METROPOLITAN NASHVILLE POLICE DEPT,15-0082153,Davidson,Nashville,1/24/2015 4:55:00 AM,1,0,0,36.091410,-86.827760,HARDING PL,,,,0.00,,,US HWY 431,,,,0.00,Y,Four-Way, ,,None,,,         ,Frank,Walker,,,no,no,no,no,no,False
100726801,METROPOLITAN NASHVILLE POLICE DEPT,20150082284,Davidson,Nashville,1/24/2015 6:30:00 AM,1,1,0,36.160700,-86.621050,I 40,,,,0.00,,,,,,,219.60,N,Not at Intersection,N,Non-Junction,None,,,         ,Brent,Hedgcoth,Cloudy,Not Collision with Motor Vehicle in Transport,no,no,no,no,no,False
100726805,METROPOLITAN NASHVILLE POLICE DEPT,20150082292,Davidson,Nashville,1/24/2015 6:45:00 AM,2,0,0,36.157680,-86.790110,-- UNKNOWN RAMP/ROAD --,,,,0.00,,,I 40,,,,0.00,Y,Y-Intersection, ,Entrance/Exit Ramp Related,None,,,         ,Johnny,Crumby Jr.,Snow,Front to Rear,no,no,no,no,no,False
100726810,METROPOLITAN NASHVILLE POLICE DEPT,2015-0082279,Davidson,Nashville,1/24/2015 5:51:00 AM,1,1,0,36.116290,-86.916240,I 40,,,,0.00,,,,,,,199.70,N,Not at Intersection,N,Non-Junction,None,,,         ,Benjamin,Cantrell,Clear,Not Collision with Motor Vehicle in Transport,no,no,no,no,no,False
100726811,METROPOLITAN NASHVILLE POLICE DEPT,20150082314,Davidson,Nashville,1/24/2015 7:20:00 AM,1,0,0,36.163290,-86.613160,BELL RD,,,,0.00,,,DODSON CHAPEL RD,,,,0.00,Y,OTHER,N,Non-Junction,None,,,         ,Brent,Hedgcoth,Cloudy,Not Collision with Motor Vehicle in Transport,no,no,no,no,no,False
100726826,METROPOLITAN NASHVILLE POLICE DEPT,2015-0082383,Davidson,Not in City Limit,1/24/2015 8:15:00 AM,1,1,0,36.108590,-86.926560,I 40,,,,0.00,,,,,,,199.00,N,Not at Intersection,N,Non-Junction,None,,,         ,Benjamin,Cantrell,Clear,Not Collision with Motor Vehicle in Transport,no,no,no,no,no,False
100726835,METROPOLITAN NASHVILLE POLICE DEPT,20150079711,Davidson,Nashville,1/23/2015 1:36:00 PM,2,1,0,36.152290,-86.797430,US HWY 70S,,,,0.00,,,19TH AVE N,,,,0.00,Y,T-Intersection,Y,Intersection-Related,None,,,         ,Randal,Owsley,Rain,Angle,no,no,no,no,no,False
100726840,METROPOLITAN NASHVILLE POLICE DEPT,20150082358,Davidson,Nashville,1/24/2015 12:00:00 AM,1,0,0,36.104000,-86.792190,MAPLEHURST AVE,,,,397.00,Feet,West,ROCKDALE AVE,,,,0.00,N,Not at Intersection,N,Non-Junction,None,,,         ,Samuel,Ruth,Clear,Not Collision with Motor Vehicle in Transport,no,no,no,no,yes,False
100726842,METROPOLITAN NASHVILLE POLICE DEPT,20150082331,Davidson,Nashville,1/24/2015 7:37:00 AM,1,0,0,36.165480,-86.697040,US HWY 70,,,,0.00,,,DONELSON HILLS DR,,,,0.00,Y,T-Intersection,N,Intersection,None,,,         ,Johnathan,Carlisle,Clear,Not Collision with Motor Vehicle in Transport,no,no,no,no,no,False
100726846,METROPOLITAN NASHVILLE POLICE DEPT,20150082369,Davidson,Nashville,1/24/2015 8:04:00 AM,1,0,0,36.190500,-86.587180,OLD LEBANON DIRT RD,,,,294.00,Feet,East,CHESNEY GLEN DR,,,,0.00,N,Not at Intersection, ,Non-Junction,None,,,         ,Cassandra,Del Bosco,Snow,Not Collision with Motor Vehicle in Transport,no,no,no,no,no,False
100726852,METROPOLITAN NASHVILLE POLICE DEPT,20150082355,Davidson,Nashville,1/24/2015 7:55:00 AM,3,0,0,36.101320,-86.802110,SHACKLEFORD RD,,,,0.00,,,BELMONT BLVD,,,,0.00,Y,Four-Way, ,Intersection,None,,,         ,Michieal,Ramsey,Clear,Angle,no,no,no,no,no,False
100726858,METROPOLITAN NASHVILLE POLICE DEPT,2015-0082360,Davidson,Nashville,1/24/2015 7:58:00 AM,1,0,0,36.052340,-86.683470,TUSCULUM RD,,,,207.00,Feet,West,BENZING RD,,,,0.00,N,Not at Intersection,N,Non-Junction,None,,,         ,Stanley,Collins,Other,Not Collision with Motor Vehicle in Transport,no,no,no,no,no,False
100726859,METROPOLITAN NASHVILLE POLICE DEPT,20150082299,Davidson,Nashville,1/24/2015 6:45:00 AM,1,1,0,36.170370,-86.805970,I 40,,,,0.00,,,,,,,207.35,N,Not at Intersection,Y,Non-Junction,None,,,         ,Joseph,Cadden,Clear,Not Collision with Motor Vehicle in Transport,no,no,no,no,no,False
100726866,METROPOLITAN NASHVILLE POLICE DEPT,20150082414,Davidson,Nashville,1/24/2015 8:42:00 AM,2,0,0,36.153570,-86.794850,US HWY 70S,,,,154.00,Feet,West,17TH AVE S,,,,0.00,N,Not at Intersection, ,Non-Junction,None,,,         ,Joshua,Dickall,Clear,Front to Rear,no,no,no,no,no,False
100726870,METROPOLITAN NASHVILLE POLICE DEPT,20150082294,Davidson,Nashville,1/24/2015 6:31:00 AM,1,0,0,36.063180,-86.663610,UNA ANTIOCH PIKE,,,,198.00,Feet,North,ELMER MARSHALL DR,,,,0.00,N,Not at Intersection,N,Non-Junction,None,,,         ,Roderic,Williams,Snow,Not Collision with Motor Vehicle in Transport,no,no,no,no,yes,False
100726871,METROPOLITAN NASHVILLE POLICE DEPT,20150082337,Davidson,Nashville,1/24/2015 7:39:00 AM,2,0,0,0.000000,0.000000,BRILEY PKWY S,,,TN 155S,100.00,Feet,North,,,,,7.00,N,Not at Intersection,N,Non-Junction,None,,,         ,Caleb,Jernigan,Cloudy,Not Collision with Motor Vehicle in Transport,no,no,no,no,no,False
100726880,METROPOLITAN NASHVILLE POLICE DEPT,20150082353,Davidson,Nashville,1/24/2015 7:45:00 AM,2,0,0,36.102420,-86.819370,HILLSBORO CIR,,,,42.00,Feet,North,HILLSBORO DR,,,,0.00,N,Not at Intersection,N,Non-Junction,None,,,         ,Brian,Myatt,Other,Rear to Rear,no,no,no,yes,no,False
100726883,METROPOLITAN NASHVILLE POLICE DEPT,20150082473,Davidson,Nashville,1/24/2015 12:00:00 AM,1,0,0,36.030570,-86.751360,MAYFIELD STA,,,,179.00,Feet,South,COTTONPORT DR,,,,0.00,N,Not at Intersection, ,Non-Junction,None,,,         ,David,Anderson,Snow,Not Collision with Motor Vehicle in Transport,no,no,no,no,yes,False
100726887,BERRY HILL POLICE DEPT,15-0320,Davidson,Berry Hill,1/23/2015 1:00:00 PM,4,0,0,36.125220,-86.776690,US HWY 31,,,,0.00,,,INVERNESS AVE,,,,0.00,Y,T-Intersection,N,Non-Junction,None,,,         ,Ray,Ferguson,Rain,Front to Rear,no,no,no,no,no,False
100726896,METROPOLITAN NASHVILLE POLICE DEPT,20150082425,Davidson,Nashville,1/24/2015 8:54:00 AM,2,1,0,36.195070,-86.833060,SUMMITT AVE,,,,79.00,Feet,North,US HWY 41 ALT,,,,0.00,N,Not at Intersection,N,Non-Junction,None,,,         ,Earnest,Fields,Clear,Front to Rear,no,no,no,no,no,False
100726899,METROPOLITAN NASHVILLE POLICE DEPT,20150082332,Davidson,Nashville,1/24/2015 7:40:00 AM,3,2,0,36.042300,-86.782260,I 65,,,,0.00,,,,,,,74.80,N,Not at Intersection,N,Non-Junction,None,,,         ,Arthur,Hummell,Cloudy,"Sideswipe, Same Direction",no,no,no,no,no,False
100726901,METROPOLITAN NASHVILLE POLICE DEPT,20150082304,Davidson,Nashville,1/24/2015 7:15:00 AM,2,0,0,36.170370,-86.805970,I 40,,,,0.00,,,,,,,207.35,N,Not at Intersection,Y,Non-Junction,None,,,         ,Joseph,Cadden,Clear,"Sideswipe, Same Direction",no,no,no,no,no,False
100726906,BERRY HILL POLICE DEPT,15-0334,Davidson,Berry Hill,1/24/2015 8:56:00 AM,2,0,0,36.126290,-86.776690,CRAIGHEAD ST,,,,104.00,Feet,East,US HWY 31,,,,0.00,N,Not at Intersection, ,Non-Junction,None,,,         ,Ray,Ferguson,Clear,Angle,no,no,no,yes,no,False
100726908,VANDERBILT UNIVERSITY POLICE,15-0082450,Davidson,Nashville,1/24/2015 9:00:00 AM,1,0,0,36.144560,-86.795700,18TH AVE S,,,,0.00,,,18TH AVE S,,,,0.00,,Four-Way, ,Non-Junction,None,,,         ,Sean,Hughes,Snow,Not Collision with Motor Vehicle in Transport,no,no,no,no,no,Campus
100726910,METROPOLITAN NASHVILLE POLICE DEPT,20150079699,Davidson,Nashville,1/23/2015 1:35:00 PM,2,0,0,36.173280,-86.791380,JEFFERSON ST,,,,0.00,,,US HWY 41 ALT,,,,0.00,Y,Four-Way, ,Intersection-Related,None,,,         ,Mikala,Moore,Rain,Front to Rear,no,no,no,no,no,False
100726916,METROPOLITAN NASHVILLE POLICE DEPT,20150082604,Davidson,Nashville,1/24/2015 8:16:00 AM,1,0,0,36.044550,-86.692680,BROOK VIEW ESTATES DR,,,,265.00,Feet,South,BENZING RD,,,,0.00,N,Not at Intersection, ,Non-Junction,None,,,         ,Brian,Birch,Cloudy,Not Collision with Motor Vehicle in Transport,no,no,no,no,no,False
100726917,METROPOLITAN NASHVILLE POLICE DEPT,20150082597,Davidson,Nashville,1/24/2015 10:39:00 AM,2,0,0,36.208210,-86.776260,I 65,,,,0.00,,,,,,,87.45,N,Not at Intersection, ,Entrance/Exit Ramp Related,Construction Zone,,,         ,Ryan,Caulfield,Clear,Front to Rear,no,no,no,no,no,False
100726933,METROPOLITAN NASHVILLE POLICE DEPT,20150082648,Davidson,Nashville,1/24/2015 11:10:00 AM,2,0,0,36.226340,-86.603180,SAUNDERSVILLE RD,,,,0.00,,,SHUTE LN,,,,0.00,Y,T-Intersection, ,Intersection-Related,None,,,         ,Brent,Hedgcoth,Clear,Front to Rear,no,no,no,no,no,False
100726935,METROPOLITAN NASHVILLE POLICE DEPT,2015-0082572,Davidson,Nashville,1/24/2015 9:28:00 AM,1,0,0,36.038910,-86.658940,CANE RIDGE RD,,,,64.00,Feet,East,MOUNTAINHIGH DR,,,,0.00,N,Not at Intersection,N,Non-Junction,None,,,         ,Stanley,Collins,Other,Not Collision with Motor Vehicle in Transport,no,no,no,no,no,False
100726937,METROPOLITAN NASHVILLE POLICE DEPT,20150082594,Davidson,Nashville,1/24/2015 10:31:00 AM,1,0,0,36.071340,-86.684510,HAYSTACK LN,,,,100.00,Feet,West,ANTIOCH PIKE,,,,0.00,N,Not at Intersection, ,Non-Junction,None,,,         ,Brandon,Tennant,Clear,Not Collision with Motor Vehicle in Transport,no,no,no,no,no,False