master_record_number,agency,agency_tracking_number,county,city,collision_date,vehicles_involved,number_injured,number_dead,latitude,longitude,roadway_name,roadway_suffix,roadway_number,roadway_local_id,distance_from_reference,miles-feet_indicator,direction_from_reference,intersection_road_name,intersection_road_name_suffix,intersection_road_number,intersection_local_id,mile_marker,intersection_indicator,intersect_type,interchange_related_indicator,relation_to_junction,work_zone_type,construction_maintenance_zone,construction_maintenance_zone_location,fatal_case_number,officer_first_name,officer_last_name,weather_condition(s),manner_of_crash,pedestrian,bicycle,scooter,parking,hitrun,mou
100728797,METROPOLITAN NASHVILLE POLICE DEPT,20150096036,Davidson,Nashville,1/28/2015 2:50:00 PM,2,0,0,36.196080,-86.621450,US HWY 70,,,,179.00,Feet,North,BONNASPRINGS DR,,,,0.00,N,Not at Intersection,N,Non-Junction,None,,,         ,Kevin,Reynolds,Clear,Front to Rear,no,no,no,no,no,False
100728806,METROPOLITAN NASHVILLE POLICE DEPT,20150096007,Davidson,Nashville,1/28/2015 2:45:00 PM,2,0,0,36.037350,-86.786560,US HWY 31,,,,0.00,,,STATE HWY 254,,,,0.00,Y,Four-Way, ,Intersection-Related,None,,,         ,Tien,Nguyen,Clear,Front to Rear,no,no,no,no,no,False
100728807,METROPOLITAN NASHVILLE POLICE DEPT,20150096028,Davidson,Nashville,1/28/2015 2:56:00 PM,2,0,0,36.141160,-86.721920,EXIT 213,,,,0.00,,,I 40,,,,0.00,Y,T-Intersection, ,,None,,,         ,Leslie,Hale,,,no,no,no,no,no,False
100728808,METROPOLITAN NASHVILLE POLICE DEPT,15-0095882,Davidson,Nashville,1/28/2015 1:42:00 PM,2,0,0,36.171490,-86.769070,INTERSTATE DR,,,,0.00,,,US HWY 31,,,,0.00,Y,Four-Way, ,Intersection,None,,,         ,Frank,Campbell,Clear,Front to Rear,no,no,no,no,no,False
100728810,METROPOLITAN NASHVILLE POLICE DEPT,20150096127,Davidson,Antioch,1/28/2015 3:13:00 PM,1,0,0,36.048830,-86.596140,PIN HOOK RD,,,,1102.00,Feet,West,STATE HWY 171,,,,0.00,N,Not at Intersection,N,Non-Junction,None,,,         ,Kevin,Keating,Clear,Not Collision with Motor Vehicle in Transport,no,no,no,no,no,False
100728814,METROPOLITAN NASHVILLE POLICE DEPT,20150096103,Davidson,Nashville,1/28/2015 2:45:00 PM,2,0,0,36.168230,-86.687960,EXIT 8,,,,0.00,,,US HWY 70,,,,0.00,Y,Four-Way, ,Intersection,None,,,         ,Leslie,Hale,Clear,Angle,no,no,no,no,no,False
100728815,METROPOLITAN NASHVILLE POLICE DEPT,20150096138,Davidson,Nashville,1/28/2015 3:29:00 PM,2,0,0,36.037560,-86.793340,STATE HWY 254,,,,0.00,,,HILLVIEW DR,,,,0.00,Y,T-Intersection, ,Intersection-Related,None,,,         ,Tien,Nguyen,Clear,Front to Rear,no,no,no,no,no,False
100728817,METROPOLITAN NASHVILLE POLICE DEPT,20150096079,Davidson,Nashville,1/28/2015 3:11:00 PM,2,0,0,36.181110,-86.795050,GARFIELD ST,,,,0.00,,,7TH AVE N,,,,0.00,Y,Unknown, ,,None,,,         ,Jacob,Partin,,,no,no,no,no,no,False
100728820,METROPOLITAN NASHVILLE POLICE DEPT,20150096122,Davidson,Nashville,1/28/2015 3:20:00 PM,2,0,0,36.159540,-86.774660,3RD AVE S,,,,0.00,,,DEMONBREUN ST,,,,0.00,Y,Four-Way, ,,Construction Zone,,,         ,Tyler,Hutton,,,no,no,no,no,no,False
100728839,METROPOLITAN NASHVILLE POLICE DEPT,20150096647,Davidson,Nashville,1/28/2015 6:08:00 PM,2,0,0,36.134000,-86.872740,HILLWOOD BLVD,,,,55.00,Feet,West,FORESTWOOD DR,,,,0.00,N,Not at Intersection, ,Non-Junction,None,,,         ,Adam,Reese,Clear,Front to Rear,no,no,no,no,no,False
100728842,METROPOLITAN NASHVILLE POLICE DEPT,20150095890,Davidson,Nashville,1/28/2015 1:46:00 PM,2,3,0,36.038720,-86.730940,STATE HWY 254,,,,0.00,,,WOODLAND HILLS DR,,,,0.00,Y,T-Intersection,N,Intersection,None,,,         ,Eric,Harvey,Clear,Angle,no,no,no,no,no,False
100728843,THP District 3 - Nashville,315005130,Davidson,Not in City Limit,1/28/2015 11:00:00 PM,1,0,0,36.217930,-86.978360,STATE HWY 12,,,,450.00,Feet,West,BULL RUN RD,,,,0.00,N,Not at Intersection, ,Non-Junction,None,,,         ,Edward,Dexter,Clear,Not Collision with Motor Vehicle in Transport,no,no,no,no,no,False
100728844,METROPOLITAN NASHVILLE POLICE DEPT,20150096708,Davidson,Nashville,1/28/2015 5:49:00 PM,2,0,0,36.153320,-86.750680,US HWY 70,,,,147.00,Feet,West,STANLEY ST,,,,0.00,N,Not at Intersection, ,Non-Junction,None,,,         ,Leslie,Hale,Cloudy,"Sideswipe, Same Direction",no,no,no,no,no,False
100728846,METROPOLITAN NASHVILLE POLICE DEPT,20150096515,Davidson,Nashville,1/28/2015 5:30:00 PM,2,0,0,36.153630,-86.757340,I 40,,,,0.00,,,,,,,211.15,N,Not at Intersection, ,Non-Junction,None,,,         ,Jared,Ester,Clear,Front to Rear,no,no,no,no,no,False
100728859,METROPOLITAN NASHVILLE POLICE DEPT,20150096498,Davidson,Nashville,1/28/2015 5:23:00 PM,2,0,0,0.000000,0.000000,,,I65,,50.00,Feet,North,,,,,80.00,N,Not at Intersection, ,Non-Junction,None,,,         ,Mekisha,Page,Clear,Front to Rear,no,no,no,no,no,False
100728860,METROPOLITAN NASHVILLE POLICE DEPT,20150097466,Davidson,Nashville,1/28/2015 11:05:00 PM,2,0,0,36.161070,-86.777190,4TH AVE S,,,,0.00,,,US HWY 70,,,,0.00,Y,Four-Way, ,Non-Junction,None,,,         ,William,Thorowgood,Clear,"Sideswipe, Same Direction",no,no,no,no,no,False
100728862,METROPOLITAN NASHVILLE POLICE DEPT,20150096855,Davidson,Nashville,1/28/2015 7:41:00 PM,2,0,0,0.000000,0.000000,17TH,AVE,,,0.00,,,GRAND,AVE,,,0.00,Y,T-Intersection, ,,None,,,         ,Mekisha,Page,,,no,no,no,no,no,False
100728863,METROPOLITAN NASHVILLE POLICE DEPT,20150097553,Davidson,Nashville,1/28/2015 11:35:00 PM,1,0,0,36.228030,-86.746860,US HWY 31E,,,,208.00,Feet,North,-- UNKNOWN RAMP/ROAD --,,,,0.00,N,Not at Intersection, ,Non-Junction,None,,,         ,Steven,Wiser,Clear,Not Collision with Motor Vehicle in Transport,no,no,no,no,no,False
100728870,METROPOLITAN NASHVILLE POLICE DEPT,20150097120,Davidson,Nashville,1/28/2015 9:30:00 PM,2,1,0,36.064650,-86.628590,HAMILTON CHURCH RD,,,,59.00,Feet,West,US HWY 41,,,,0.00,N,Not at Intersection,N,Non-Junction,None,,,         ,Jessie,Meadows,Clear,Angle,no,no,no,no,no,False
100728871,METROPOLITAN NASHVILLE POLICE DEPT,20150096401,Davidson,Nashville,1/28/2015 4:49:00 PM,3,0,0,36.114660,-86.724690,I 24,,,,0.00,,,,,,,53.30,N,Not at Intersection,N,Non-Junction,None,,,         ,Jessie,Meadows,Clear,Front to Rear,no,no,no,no,no,False
100728872,METROPOLITAN NASHVILLE POLICE DEPT,20150096516,Davidson,Nashville,1/28/2015 4:49:00 PM,2,0,0,36.110080,-86.720530,STATE HWY 155,,,,31.00,Feet,West,RAMP,,,,0.00,N,Not at Intersection,N,Non-Junction,None,,,         ,Jessie,Meadows,Clear,Angle,no,no,no,no,no,False
100728881,METROPOLITAN NASHVILLE POLICE DEPT,20150094479,Davidson,Madison,1/28/2015 12:00:00 AM,2,2,0,36.263060,-86.711910,STATE HWY 45,,,,0.00,,,US HWY 31E,,,,0.00,Y,Four-Way,N,Intersection,None,,,         ,George,Krukowski,Clear,Angle,no,no,no,no,no,False
100728887,METROPOLITAN NASHVILLE POLICE DEPT,20150097395,Davidson,Nashville,1/28/2015 11:08:00 PM,2,0,0,0.000000,0.000000,BRICK CHURCH,PIKE,,,20.00,Feet,South,EWING DR,,,,0.00,N,Not at Intersection,N,Non-Junction,None,,,         ,Kenneth,Thomas,Clear,HeadOn,no,no,no,no,no,False
100728952,METROPOLITAN NASHVILLE POLICE DEPT,15-0095985,Davidson,Nashville,1/28/2015 2:30:00 PM,2,1,0,36.248950,-86.734550,S GRAYCROFT AVE,,,,87.00,Feet,South,DUE WEST AVE W,,,,0.00,N,Not at Intersection,N,Non-Junction,None,,,         ,Joshua,Borum,Clear,Front to Rear,no,no,no,no,no,False
100728958,METROPOLITAN NASHVILLE POLICE DEPT,2015-0098594,Davidson,Nashville,1/28/2015 6:20:00 PM,1,0,0,36.189650,-86.814100,23RD AVE N,,,,8.00,Feet,South,KELLOW ST,,,,0.00,N,Not at Intersection,N,"Driveway, Alley Access, etc",None,,,         ,Joshua,Baker,Unknown,Not Collision with Motor Vehicle in Transport,no,no,no,no,no,False
100728960,METROPOLITAN NASHVILLE POLICE DEPT,20150095968,Davidson,Nashville,1/28/2015 2:15:00 PM,3,2,0,36.086850,-86.697110,STATE HWY 255,,,,0.00,,,-- UNKNOWN RAMP/ROAD --,,,,0.00,Y,OTHER,N,Intersection,None,,,         ,Trevin,Tolbert,Clear,Front to Rear,no,no,no,no,no,False
100728986,TENNESSEE STATE UNIVERSITY ,15-TSU-00434,Davidson,Nashville,1/28/2015 2:10:00 PM,2,0,0,36.165510,-86.833610,JOHN L DRIVER BLVD,,,,0.00,,,,,,,0.00,,Not at Intersection, ,Non-Junction,None,,,         ,Timothy,Torok,Clear,Angle,no,no,no,yes,no,False
100729041,METROPOLITAN NASHVILLE POLICE DEPT,2015-0095833,Davidson,Nashville,1/28/2015 1:21:00 PM,2,0,0,36.168130,-86.765880,I 24,,,,0.00,,,,,,,48.80,N,Not at Intersection, ,Non-Junction,None,,,         ,Alex,Moore,Cloudy,"Sideswipe, Same Direction",no,no,no,no,no,False
100729060,METROPOLITAN NASHVILLE POLICE DEPT,20150096271,Davidson,Nashville,1/28/2015 4:18:00 PM,2,0,0,36.175690,-86.812190,22ND AVE N,,,,390.00,Feet,North,FORMOSA ST,,,,0.00,N,Not at Intersection, ,Non-Junction,None,,,         ,Gary,Shannon,Clear,"Sideswipe, Same Direction",no,no,no,no,no,False
100729067,METROPOLITAN NASHVILLE POLICE DEPT,2015-0095230,Davidson,Nashville,1/28/2015 9:25:00 AM,2,1,0,36.176340,-86.767220,-- UNKNOWN RAMP/ROAD --,,,,0.00,,,US HWY 31W,,,,0.00,Y,OTHER,Y,Intersection,None,,,         ,Coleman,Womack,Clear,Front to Rear,no,no,no,no,yes,False
100729068,METROPOLITAN NASHVILLE POLICE DEPT,2015-0096189,Davidson,Not in City Limit,1/28/2015 3:48:00 PM,1,0,0,36.076990,-86.930640,STIRRUP DR,,,,118.00,Feet,North,CAVALIER RD,,,,0.00,N,Not at Intersection,N,Non-Junction,None,,,         ,Walter,Gray II,Clear,Not Collision with Motor Vehicle in Transport,no,no,no,no,no,False
100729088,METROPOLITAN NASHVILLE POLICE DEPT,2015-0095080,Davidson,Nashville,1/28/2015 8:15:00 AM,2,0,0,36.229110,-86.725170,GALLATIN PIKE,,,,0.00,,,BROADMOOR DR,,,,0.00,Y,T-Intersection,N,Intersection,None,,,         ,Coleman,Womack,Clear,Rear to Side,no,no,no,no,no,False
100729092,METROPOLITAN NASHVILLE POLICE DEPT,2015-0096500,Davidson,Not in City Limit,1/28/2015 5:24:00 PM,1,0,0,36.054330,-87.006110,POPLAR CREEK RD,,,,537.00,Feet,West,GRIFFITH RD,,,,0.00,N,Not at Intersection,N,Non-Junction,None,,,         ,Walter,Gray II,Clear,Not Collision with Motor Vehicle in Transport,no,no,no,no,no,False
100729129,METROPOLITAN NASHVILLE POLICE DEPT,20150085793,Davidson,Nashville,1/25/2015 1:20:00 PM,2,0,0,36.173020,-86.792390,9TH AVE N,,,,0.00,,,JEFFERSON ST,,,,0.00,Y,Four-Way, ,Non-Junction,None,,,         ,Steven,Spillers,Rain,"Sideswipe, Same Direction",no,no,no,no,no,False
100729135,METROPOLITAN NASHVILLE POLICE DEPT,2015-0095663,Davidson,Nashville,1/28/2015 12:15:00 PM,2,0,0,36.203910,-86.750550,-- UNKNOWN RAMP/ROAD --,,,,0.00,,,US HWY 31E,,,,0.00,Y,Unknown,N,Non-Junction,None,,,         ,Coleman,Womack,Clear,"Sideswipe, Same Direction",no,no,no,no,yes,False
100729165,METROPOLITAN NASHVILLE POLICE DEPT,20150053111,Davidson,Nashville,1/16/2015 2:29:00 AM,1,1,0,36.070090,-86.699480,HAYWOOD LN,,,,204.00,Feet,West,EAST RIDGE DR,,,,0.00,N,Not at Intersection,N,Non-Junction,None,,,         ,Jessie,Loy,Clear,Not Collision with Motor Vehicle in Transport,no,no,no,no,no,False
100729167,METROPOLITAN NASHVILLE POLICE DEPT,2015-0087851,Davidson,Nashville,1/26/2015 8:00:00 AM,2,0,0,36.195710,-86.752590,US HWY 31E,,,,0.00,,,-- UNKNOWN RAMP/ROAD --,,,,0.00,Y,OTHER, ,,None,,,         ,Coleman,Womack,,,no,no,no,no,no,False
100729221,METROPOLITAN NASHVILLE POLICE DEPT,20150096714,Davidson,Madison,1/28/2015 7:15:00 PM,2,0,0,36.272910,-86.729360,NESBITT LN,,,,114.00,Feet,East,N GRAYCROFT AVE,,,,0.00,N,Not at Intersection, ,Non-Junction,None,,,         ,Luis,Lopez,Clear,"Sideswipe, Same Direction",no,no,no,no,no,False
100729222,METROPOLITAN NASHVILLE POLICE DEPT,20150096586,Davidson,Nashville,1/28/2015 5:30:00 PM,3,0,0,36.142800,-86.666540,STATE HWY 255,,,,36.00,Feet,South,CONNECTING ROAD,,,,0.00,N,Not at Intersection, ,Non-Junction,None,,,         ,Kevin,Reynolds,Clear,Front to Rear,no,no,no,no,no,False
100729233,METROPOLITAN NASHVILLE POLICE DEPT,20150096130,Davidson,Madison,1/28/2015 3:00:00 PM,2,0,0,36.260480,-86.715600,WOODRUFF ST,,,,0.00,,,DOUGLAS ST,,,,0.00,Y,Four-Way, ,Intersection,None,,,         ,Nathan,Dungan,Clear,Angle,no,no,no,no,no,False
100729243,METROPOLITAN NASHVILLE POLICE DEPT,20150096735,Davidson,Nashville,1/28/2015 6:30:00 PM,2,0,0,36.133010,-86.696300,STATE HWY 155,,,,110.00,Feet,North,RAMP,,,,0.00,N,Not at Intersection,N,Non-Junction,None,,,         ,Jared,Ester,Clear,Front to Rear,no,no,no,no,no,False
100729258,METROPOLITAN NASHVILLE POLICE DEPT,20150096557,Davidson,Nashville,1/28/2015 5:40:00 PM,3,0,0,36.280390,-86.733050,I 65,,,,0.00,,,,,,,93.40,N,Not at Intersection,N,Non-Junction,None,,,         ,Nathan,Dungan,Clear,Front to Rear,no,no,no,no,no,False
100729259,METROPOLITAN NASHVILLE POLICE DEPT,20150096906,Davidson,Nashville,1/28/2015 7:54:00 PM,2,1,0,36.106050,-86.922210,STATE HWY 251,,,,111.00,Feet,North,BELLE VALLEY DR,,,,0.00,N,Not at Intersection,N,Non-Junction,None,,,         ,Tyler,Reese,Clear,Front to Rear,no,no,no,no,no,False
100729267,METROPOLITAN NASHVILLE POLICE DEPT,20150096583,Davidson,Nashville,1/28/2015 5:30:00 PM,3,0,0,36.166140,-86.835020,WALTER S DAVIS BLVD,,,,0.00,,,39TH AVE N,,,,0.00,Y,T-Intersection,N,Intersection-Related,None,,,         ,Colby,Mathis,Clear,Other,no,no,no,no,yes,False
100729279,METROPOLITAN NASHVILLE POLICE DEPT,20150096616,Davidson,Madison,1/28/2015 6:30:00 PM,2,0,0,36.262170,-86.737680,EXIT 92,,,,0.00,,,I 65,,,,0.00,Y,Y-Intersection, ,Entrance/Exit Ramp Related,None,,,         ,Nathan,Dungan,Clear,Front to Rear,no,no,no,no,no,False
100729293,METROPOLITAN NASHVILLE POLICE DEPT,2015-0091999,Davidson,Nashville,1/27/2015 12:20:00 PM,2,0,0,36.151800,-86.779220,GLEAVES ST,,,,0.00,,,US HWY 31,,,,0.00,Y,T-Intersection, ,Intersection,None,,,         ,Allen,Bates,Clear,Not Collision with Motor Vehicle in Transport,no,no,no,no,no,False
100729300,METROPOLITAN NASHVILLE POLICE DEPT,20150091590,Davidson,Nashville,1/28/2015 9:45:00 AM,2,0,0,36.167640,-86.663240,US HWY 70,,,,0.00,,,STATE HWY 255,,,,0.00,Y,T-Intersection, ,Intersection,None,,,         ,Jason,Smith,Clear,Front to Rear,no,no,no,no,no,False
100729307,METROPOLITAN NASHVILLE POLICE DEPT,20150097057,Davidson,Madison,1/28/2015 8:35:00 PM,2,0,0,36.263060,-86.711910,STATE HWY 45,,,,0.00,,,US HWY 31E,,,,0.00,Y,Four-Way, ,Intersection,None,,,         ,Nathan,Dungan,Clear,Angle,no,no,no,no,yes,False
100729337,METROPOLITAN NASHVILLE POLICE DEPT,20150096746,Davidson,Nashville,1/28/2015 7:00:00 PM,2,0,0,36.233980,-86.590660,WOODSIDE DR,,,,447.00,Feet,South,WOODVIEW CIR,,,,0.00,N,Not at Intersection, ,Non-Junction,None,,,         ,Russell,Freeman,Clear,"Sideswipe, Same Direction",no,no,no,no,no,False
100729515,METROPOLITAN NASHVILLE POLICE DEPT,20150093677,Davidson,Nashville,1/27/2015 10:42:00 PM,2,0,0,36.206610,-86.777900,BRICK CHURCH PIKE,,,,0.00,,,US HWY 431,,,,0.00,Y,Four-Way,N,Intersection-Related,None,,,         ,Garet,Davidson,Clear,"Sideswipe, Same Direction",no,no,no,no,no,False
100729550,METROPOLITAN NASHVILLE POLICE DEPT,2015-0087764,Davidson,Nashville,1/28/2015 6:57:00 AM,4,3,0,36.148790,-86.666350,STATE HWY 255,,,,0.00,,,ELM HILL PIKE,,,,0.00,Y,Four-Way,N,Intersection,None,,,         ,Jeb,Johnston,Clear,HeadOn,no,no,no,no,no,False
100729660,METROPOLITAN NASHVILLE POLICE DEPT,20150095895,Davidson,Nashville,1/28/2015 1:47:00 PM,2,1,0,36.152250,-86.625150,STEWARTS FERRY PIKE,,,,0.00,,,BLACKWOOD DR,,,,0.00,Y,Four-Way,N,Intersection,None,,,         ,James,Curtis,Clear,HeadOn,no,no,no,no,no,False
100729715,METROPOLITAN NASHVILLE POLICE DEPT,20150053592,Davidson,Nashville,1/16/2015 5:44:00 AM,2,1,0,36.100560,-86.662400,US HWY 41,,,,1134.00,Feet,West,HARDING PL,,,,0.00,N,Not at Intersection,N,Non-Junction,None,,,         ,Kevin,Coleman,Clear,Not Collision with Motor Vehicle in Transport,yes,no,no,no,no,False
100729738,METROPOLITAN NASHVILLE POLICE DEPT,20150095301,Davidson,Nashville,1/28/2015 9:37:00 AM,2,0,0,36.152590,-86.794690,US HWY 431,,,,267.00,Feet,North,18TH AVE S,,,,0.00,N,Not at Intersection,N,Non-Junction,None,,,         ,Erik,Wagner,Cloudy,Front to Rear,no,no,no,no,no,False
100729764,METROPOLITAN NASHVILLE POLICE DEPT,20150095159,Davidson,Nashville,1/28/2015 9:03:00 AM,2,0,0,36.064070,-86.771310,I 65,,,,0.00,,,,,,,76.50,N,Not at Intersection, ,Non-Junction,None,,,         ,Erik,Wagner,Clear,Angle,no,no,no,no,no,False
100729785,METROPOLITAN NASHVILLE POLICE DEPT,20150093599,Davidson,Nashville,1/27/2015 9:59:00 PM,2,0,0,36.161440,-86.784180,CHURCH ST,,,,91.00,Feet,West,US HWY 31,,,,0.00,N,Not at Intersection, ,Non-Junction,None,,,         ,Pedro,Rivera Chaparro,Clear,"Sideswipe, Same Direction",no,no,no,no,no,False
100729804,METROPOLITAN NASHVILLE POLICE DEPT,20150083389,Davidson,Nashville,1/24/2015 5:35:00 PM,2,0,0,36.160490,-86.778440,US HWY 70,,,,0.00,,,5TH AVE S,,,,0.00,Y,Four-Way,N,Non-Junction,None,,,         ,Jonathan,Weeks,Clear,Front to Rear,no,no,no,no,yes,False
100729839,METROPOLITAN NASHVILLE POLICE DEPT,2015080454,Davidson,Nashville,1/23/2015 6:10:00 PM,2,0,0,36.156440,-86.779100,7TH AVE S,,,,0.00,,,CLARK PL,,,,0.00,Y,OTHER,N,Intersection-Related,None,,,         ,Jacob,Paul,Rain,HeadOn,no,no,no,no,no,False
100729898,METROPOLITAN NASHVILLE POLICE DEPT,20150065130,Davidson,Nashville,1/19/2015 8:49:00 PM,1,0,1,36.151360,-86.769836,US HWY 41,,,,445.00,Feet,East,4TH AVE S,,,,0.00,N,Not at Intersection,N,Non-Junction,None,,,15-0026  ,William,Waters,Clear,Not Collision with Motor Vehicle in Transport,yes,no,no,no,no,False
100730096,METROPOLITAN NASHVILLE POLICE DEPT,20150095891,Davidson,Nashville,1/28/2015 1:44:00 PM,2,0,0,36.170220,-86.619340,HOGGETT FORD RD,,,,167.00,Feet,West,STONEWATER DR,,,,0.00,N,Not at Intersection, ,Non-Junction,None,,,         ,Craig,Carlson,Clear,"Sideswipe, Same Direction",no,no,no,no,no,False
100730133,METROPOLITAN NASHVILLE POLICE DEPT,20150094932,Davidson,Nashville,1/28/2015 7:34:00 AM,2,0,0,36.138030,-86.805040,BLAKEMORE AVE,,,,0.00,,,24TH AVE S,,,,0.00,Y,Four-Way, ,Intersection,None,,,         ,Erik,Wagner,Cloudy,Angle,no,no,no,no,no,Campus
100730231,METROPOLITAN NASHVILLE POLICE DEPT,20150096246,Davidson,Nashville,1/28/2015 4:00:00 PM,2,0,0,36.190480,-86.753190,US HWY 31E,,,,55.00,Feet,South,-- UNKNOWN RAMP/ROAD --,,,,0.00,N,Not at Intersection, ,Non-Junction,None,,,         ,Matthew,Cammarn,Clear,Front to Rear,no,no,no,no,no,False
100730241,METROPOLITAN NASHVILLE POLICE DEPT,20150080574,Davidson,Nashville,1/23/2015 7:11:00 PM,2,0,0,36.154770,-86.779420,US HWY 41,,,,0.00,,,US HWY 31,,,,0.00,Y,Roundabout, ,Intersection-Related,None,,,         ,MIchael,Mihajlov,Rain,"Sideswipe, Same Direction",no,no,no,no,no,False
100730272,METROPOLITAN NASHVILLE POLICE DEPT,20150096357,Davidson,Nashville,1/28/2015 4:36:00 PM,2,0,0,36.148120,-86.815890,29TH AVE N,,,,30.00,Feet,South,PARTHENON AVE,,,,0.00,N,Not at Intersection,N,Non-Junction,None,,,         ,Maria,Cortez,Clear,Angle,no,no,no,no,yes,False
100730277,Nashville Airport Police,2015-00164,Davidson,Nashville,1/26/2015 3:00:00 PM,2,0,0,0.000000,0.000000,DONELSON PIKE,PIKE,,,0.00,,,KNAPP,BLVD,SR,,0.00,Y,Four-Way, ,Intersection-Related,None,,,         ,Len,Sangster Jr,Clear,"Sideswipe, Same Direction",no,no,no,no,no,False
100730349,METROPOLITAN NASHVILLE POLICE DEPT,2015-0086731,Davidson,Nashville,1/26/2015 10:10:00 PM,2,0,0,36.192780,-86.745110,DOUGLAS AVE,,,,222.00,Feet,West,GALLATIN AVE,,,,0.00,N,Not at Intersection, ,,None,,,         ,Audrey,Fellingham,,,no,no,no,no,no,False
100730351,METROPOLITAN NASHVILLE POLICE DEPT,20150096874,Davidson,Nashville,1/28/2015 7:28:00 PM,2,0,0,36.206500,-86.777910,BRICK CHURCH PIKE,,,,38.00,Feet,South,US HWY 431,,,,0.00,N,Not at Intersection, ,Non-Junction,None,,,         ,Victor,Alexander,Cloudy,Front to Rear,no,no,no,no,no,False
100730503,METROPOLITAN NASHVILLE POLICE DEPT,2015-0091157,Davidson,Nashville,1/27/2015 7:00:00 AM,2,1,0,36.084800,-86.728130,US HWY 31 ALT,,,,0.00,,,PARAGON MILLS RD,,,,0.00,Y,Four-Way,N,Intersection,None,,,         ,David,Simmonds,Clear,Front to Rear,no,no,no,no,no,False
100730653,METROPOLITAN NASHVILLE POLICE DEPT,2015-0082336,Davidson,Nashville,1/24/2015 7:40:00 AM,2,1,0,0.000000,0.000000,BILLINGSGATE,RD,SR1,,25.00,Feet,North,BILLINGSGATE,CT,SR,,0.00,N,Not at Intersection,N,Non-Junction,None,,,         ,James,Thomas,Cloudy,Front to Rear,no,no,no,no,no,False
100730654,METROPOLITAN NASHVILLE POLICE DEPT,2015-0082449,Davidson,Nashville,1/24/2015 7:50:00 AM,3,0,0,0.000000,0.000000,BILLINGSGATE,RD,SR1,,25.00,Feet,North,BILLINGSGATE,CT,SR,,0.00,N,Not at Intersection,N,Non-Junction,None,,,         ,James,Thomas,Cloudy,Front to Rear,no,no,no,no,no,False
100731139,METROPOLITAN NASHVILLE POLICE DEPT,20150096671,Davidson,Nashville,1/28/2015 6:05:00 PM,2,0,0,36.169050,-86.600640,OLD HICKORY BLVD,,,,239.00,Feet,North,SELLS DR,,,,0.00,N,Not at Intersection, ,Non-Junction,None,,,         ,James,DeSantis,Clear,Angle,no,no,no,no,no,False
100731259,Bicentennial Capitol Mall State Park,043458,Davidson,Nashville,1/13/2015 8:00:00 PM,3,0,0,36.173280,-86.791380,JEFFERSON ST,,,,0.00,,,US HWY 41 ALT,,,,0.00,Y,Four-Way,N,Intersection,None,,,         ,Justin,Rexrode,Clear,"Sideswipe, Same Direction",no,no,no,no,yes,False
100731272,METROPOLITAN NASHVILLE POLICE DEPT,2015-0097089,Davidson,Nashville,1/28/2015 8:45:00 PM,2,0,0,36.125600,-86.848200,STATE HWY 155,,,,64.00,Feet,North,RAMP,,,,0.00,N,Not at Intersection, ,,None,,,         ,Christopher,Clark,,,no,no,no,no,no,False
100731348,METROPOLITAN NASHVILLE POLICE DEPT,2015-0096799,Davidson,Nashville,1/28/2015 6:46:00 PM,2,0,0,36.195950,-86.717200,PORTER RD,,,,0.00,,,STRATFORD AVE,,,,0.00,Y,Four-Way, ,,None,,,         ,Whitney,Arnold,,,no,no,no,no,no,False
100731501,METROPOLITAN NASHVILLE POLICE DEPT,20150079794,Davidson,Nashville,1/23/2015 2:00:00 PM,2,0,0,36.170040,-86.679770,MCGAVOCK PIKE,,,,251.00,Feet,North,US HWY 70,,,,0.00,N,Not at Intersection,N,Non-Junction,None,,,         ,Jarret,Sonnenberg,Rain,Angle,no,no,no,no,no,False
100731619,THP District 3 - Nashville,315005250,Davidson,Nashville,1/28/2015 12:00:00 AM,1,0,0,36.194470,-86.863710,STEWARTS LN,,,,699.00,Feet,North,STATE HWY 155,,,,0.00,N,Not at Intersection, ,Non-Junction,None,,,         ,William,Matsunaga,Clear,Not Collision with Motor Vehicle in Transport,no,no,no,yes,no,False
100731627,BERRY HILL POLICE DEPT,15-0286,Davidson,Berry Hill,1/22/2015 11:58:00 AM,2,0,0,36.113680,-86.766790,BRANSFORD AVE,,,,324.00,Feet,North,HEATHER PL,,,,0.00,N,Not at Intersection, ,"Driveway, Alley Access, etc",None,,,         ,Ronnie,Hill,Clear,"Sideswipe, Same Direction",no,no,no,yes,no,False
100731675,METROPOLITAN NASHVILLE POLICE DEPT,20150096574,Davidson,Nashville,1/28/2015 5:34:00 PM,2,0,0,36.120080,-86.802570,I 440,,,,0.00,,,,,,,3.00,N,Not at Intersection, ,Non-Junction,None,,,         ,Tien,Nguyen,Clear,Front to Rear,no,no,no,no,yes,False
100731691,METROPOLITAN NASHVILLE POLICE DEPT,20150096281,Davidson,Nashville,1/28/2015 4:09:00 PM,2,0,0,36.134230,-86.779160,US HWY 31,,,,0.00,,,WEDGEWOOD AVE,,,,0.00,Y,Four-Way, ,Intersection-Related,None,,,         ,Tien,Nguyen,Clear,Angle,no,no,no,no,no,False
100731799,METROPOLITAN NASHVILLE POLICE DEPT,20150096930,Davidson,Nashville,1/28/2015 8:01:00 PM,2,0,0,36.150340,-86.770390,-- UNKNOWN RAMP/ROAD --,,,,0.00,,,I 40,,,,0.00,Y,T-Intersection, ,Entrance/Exit Ramp Related,None,,,         ,Tien,Nguyen,Clear,Angle,no,no,no,no,yes,False
100732161,METROPOLITAN NASHVILLE POLICE DEPT,15-0096636,Davidson,Nashville,1/28/2015 6:10:00 PM,4,1,0,36.128000,-86.851960,POST RD,,,,0.00,,,POST PL,,,,0.00,Y,OTHER,N,Non-Junction,None,,,         ,Benjamin,Froehlich,Clear,Angle,no,no,no,no,no,False