master_record_number,agency,agency_tracking_number,county,city,collision_date,vehicles_involved,number_injured,number_dead,latitude,longitude,roadway_name,roadway_suffix,roadway_number,roadway_local_id,distance_from_reference,miles-feet_indicator,direction_from_reference,intersection_road_name,intersection_road_name_suffix,intersection_road_number,intersection_local_id,mile_marker,intersection_indicator,intersect_type,interchange_related_indicator,relation_to_junction,work_zone_type,construction_maintenance_zone,construction_maintenance_zone_location,fatal_case_number,officer_first_name,officer_last_name,weather_condition(s),manner_of_crash,pedestrian,bicycle,scooter,parking,hitrun,mou
100729387,METROPOLITAN NASHVILLE POLICE DEPT,20150100530,Davidson,Nashville,1/29/2015 5:55:00 PM,2,0,0,36.155590,-86.766190,US HWY 70,,,,0.00,,,ACADEMY PL,,,,0.00,Y,Four-Way, ,Intersection,Construction Zone,,,         ,Aaron,Thomas,Clear,Front to Rear,no,no,no,no,no,False
100729401,GOODLETTSVILLE POLICE DEPT,15-03854,Davidson,Goodlettsville,1/29/2015 7:25:00 PM,2,0,0,36.306190,-86.700660,STATE HWY 386,,,,300.00,Feet,West,EXIT 1,,,,0.00,N,Not at Intersection, ,Entrance/Exit Ramp Related,None,,,         ,Stephen,Hodges,Clear,"Sideswipe, Same Direction",no,no,no,no,no,False
100729409,METROPOLITAN NASHVILLE POLICE DEPT,20150100294,Davidson,Nashville,1/29/2015 5:45:00 PM,2,0,0,36.133850,-86.726950,-- UNKNOWN RAMP/ROAD --,,,,0.00,Feet,East,I 24,,,,0.00,N,Not at Intersection,N,Non-Junction,None,,,         ,Jessie,Meadows,Clear,Front to Rear,no,no,no,no,no,False
100729410,METROPOLITAN NASHVILLE POLICE DEPT,20150100459,Davidson,Nashville,1/29/2015 6:32:00 PM,2,0,0,36.111200,-86.712780,STATE HWY 155,,,,54.00,Feet,West,DRUMMOND DR,,,,0.00,N,Not at Intersection, ,,None,,,         ,Jessie,Meadows,,,no,no,no,no,no,False
100729411,METROPOLITAN NASHVILLE POLICE DEPT,20150100518,Davidson,Nashville,1/29/2015 6:53:00 PM,2,0,0,36.126820,-86.711400,RAMP,,,,0.00,Feet,East,US HWY 41,,,,0.00,N,Not at Intersection, ,Non-Junction,None,,,         ,Jessie,Meadows,Clear,Front to Rear,no,no,no,no,no,False
100729415,METROPOLITAN NASHVILLE POLICE DEPT,20150100317,Davidson,Nashville,1/29/2015 5:31:00 PM,2,0,0,0.000000,0.000000,,,I40,,100.00,Feet,East,,,,,209.60,N,Not at Intersection, ,Non-Junction,None,,,         ,Mekisha,Page,Clear,Angle,no,no,no,no,no,False
100729416,METROPOLITAN NASHVILLE POLICE DEPT,20150100680,Davidson,Nashville,1/29/2015 7:44:00 PM,2,0,0,36.147660,-86.744600,I 40,,,,0.00,,,,,,,212.00,N,Not at Intersection,N,Non-Junction,None,,,         ,Leslie,Hale,Clear,Front to Rear,no,no,no,no,yes,False
100729418,METROPOLITAN NASHVILLE POLICE DEPT,20150100580,Davidson,Nashville,1/29/2015 7:04:00 PM,1,0,0,36.110940,-86.722450,I 24,,,,0.00,,,,,,,53.60,N,Not at Intersection, ,Non-Junction,None,,,         ,kyle,whitfield,Clear,Not Collision with Motor Vehicle in Transport,no,no,no,no,no,False
100729421,METROPOLITAN NASHVILLE POLICE DEPT,20150100409,Davidson,Nashville,1/29/2015 5:59:00 PM,4,1,0,36.174940,-86.771390,I 24,,,,0.00,,,,,,,48.10,N,Not at Intersection,N,Non-Junction,None,,,         ,Charles,Wakefield,Clear,Front to Rear,no,no,no,no,no,False
100729440,METROPOLITAN NASHVILLE POLICE DEPT,20150100394,Davidson,Nashville,1/29/2015 5:20:00 PM,3,0,0,36.109770,-86.730310,STATE HWY 155,,,,0.00,,,CONNECTING ROAD,,,,0.00,Y,OTHER,N,Non-Junction,None,,,         ,Paul,Goebel,Clear,Front to Rear,no,no,no,no,no,False
100729450,METROPOLITAN NASHVILLE POLICE DEPT,20150100552,Davidson,Nashville,1/29/2015 6:05:00 PM,2,0,0,36.151030,-86.783780,DIVISION ST,,,,163.00,Feet,East,12TH AVE S,,,,0.00,N,Not at Intersection, ,"Driveway, Alley Access, etc",None,,,         ,Tyler,Hutton,Clear,Angle,no,no,no,no,no,False
100729465,METROPOLITAN NASHVILLE POLICE DEPT,20150100780,Davidson,Nashville,1/29/2015 5:45:00 PM,2,0,0,36.185960,-86.798120,I 65,,,,0.00,,,US HWY 41 ALT,,,,0.00,Y,Unknown, ,,None,,,         ,Colby,Mathis,,,no,no,no,no,no,False
100729466,METROPOLITAN NASHVILLE POLICE DEPT,20150100373,Davidson,Nashville,1/29/2015 5:50:00 PM,2,0,0,36.087390,-86.730760,US HWY 31 ALT,,,,236.00,Feet,North,ELYSIAN FIELDS CT,,,,0.00,N,Not at Intersection, ,Non-Junction,None,,,         ,Miguel,Garcia,Clear,Angle,no,no,no,no,no,False
100729476,METROPOLITAN NASHVILLE POLICE DEPT,20150096611,Davidson,Nashville,1/29/2015 5:51:00 PM,2,0,0,36.107610,-86.720250,I 24,,,,0.00,,,,,,,53.90,N,Not at Intersection, ,Non-Junction,None,,,         ,David,Collins,Clear,Front to Rear,no,no,no,no,yes,False
100729498,METROPOLITAN NASHVILLE POLICE DEPT,20150101175,Davidson,Nashville,1/29/2015 10:50:00 PM,2,0,0,36.149930,-86.748410,I 40,,,,0.00,,,,,,,211.70,N,Not at Intersection,N,Non-Junction,None,,,         ,Charles,Large,Clear,"Sideswipe, Same Direction",no,no,no,no,yes,False
100729499,METROPOLITAN NASHVILLE POLICE DEPT,20150099708,Davidson,Madison,1/29/2015 2:10:00 PM,2,1,0,36.263810,-86.686900,STATE HWY 45,,,,60.00,Feet,East,ARCHWOOD DR,,,,0.00,N,Not at Intersection,N,Non-Junction,None,,,         ,David,Boone,Clear,Front to Rear,no,no,no,no,no,False
100729505,METROPOLITAN NASHVILLE POLICE DEPT,20150101355,Davidson,Nashville,1/29/2015 11:47:00 PM,2,0,0,36.111340,-86.689210,MCGAVOCK PIKE,,,,448.00,Feet,South,RAMP,,,,0.00,N,Not at Intersection,N,Non-Junction,None,,,         ,William,Williams,Clear,Angle,no,no,no,no,no,False
100729508,METROPOLITAN NASHVILLE POLICE DEPT,20150101473,Davidson,Nashville,1/30/2015 1:05:00 AM,2,0,0,36.085010,-86.644750,BROOKSBORO TER,,,,0.00,Feet,East,US HWY 41,,,,0.00,N,Not at Intersection, ,Non-Junction,None,,,         ,John,Joyce,Clear,Angle,no,no,no,yes,yes,False
100729509,METROPOLITAN NASHVILLE POLICE DEPT,20150101137,Davidson,Nashville,1/29/2015 10:01:00 PM,2,0,0,36.130330,-86.899150,I 40,,,,0.00,,,,,,,201.00,N,Not at Intersection, ,Non-Junction,None,,,         ,Ericka,Bingham,Clear,"Sideswipe, Same Direction",no,no,no,no,no,False
100729514,METROPOLITAN NASHVILLE POLICE DEPT,20150101579,Davidson,Nashville,1/30/2015 1:48:00 AM,1,2,0,36.148270,-86.778570,I 40,,,,0.00,,,,,,,209.90,N,Not at Intersection,N,Non-Junction,None,,,         ,Charles,Wingo,Clear,Not Collision with Motor Vehicle in Transport,no,no,no,no,no,False
100729518,METROPOLITAN NASHVILLE POLICE DEPT,20150101330,Davidson,Nashville,1/29/2015 11:15:00 PM,2,0,0,36.079520,-86.644600,US HWY 41,,,,0.00,,,EDGE O LAKE DR,,,,0.00,Y,Four-Way, ,Intersection,None,,,         ,Erik,Dabbs,Cloudy,Angle,no,no,no,no,yes,False
100729519,METROPOLITAN NASHVILLE POLICE DEPT,20150098482,Davidson,Nashville,1/29/2015 5:48:00 AM,2,2,0,36.137160,-86.699640,STATE HWY 155,,,,0.00,,,GLASTONBURY RD,,,,0.00,Y,T-Intersection,N,Intersection,None,,,         ,Erik,Dabbs,Clear,Angle,no,no,no,no,no,False
100729526,METROPOLITAN NASHVILLE POLICE DEPT,20150102000,Davidson,Nashville,1/30/2015 4:30:00 AM,1,0,0,36.108170,-86.720200,EXIT 54,,,,0.00,,,I 24,,,,0.00,Y,Unknown,Y,Entrance/Exit Ramp Related,None,,,         ,James,Jensen,Clear,Not Collision with Motor Vehicle in Transport,no,no,no,no,no,False
100729551,METROPOLITAN NASHVILLE POLICE DEPT,20150102018,Davidson,Nashville,1/30/2015 5:00:00 AM,1,1,0,36.035150,-86.969690,STATE HWY 100,,,,462.00,Feet,West,PASQUO RD,,,,0.00,N,Not at Intersection,N,Non-Junction,None,,,         ,Autumn,Manning,Clear,Not Collision with Motor Vehicle in Transport,no,no,no,no,no,False
100729563,METROPOLITAN NASHVILLE POLICE DEPT,2015-0102204,Davidson,Nashville,1/30/2015 7:00:00 AM,2,1,0,36.128580,-86.908130,RIVER RD,,,,481.00,Feet,West,US HWY 70,,,,0.00,N,Not at Intersection,N,Non-Junction,None,,,         ,Curtis,Rich,Cloudy,Angle,no,no,no,no,no,False
100729569,METROPOLITAN NASHVILLE POLICE DEPT,20150102198,Davidson,Nashville,1/30/2015 7:00:00 AM,2,0,0,36.099950,-86.711100,I 24,,,,0.00,,,,,,,54.55,N,Not at Intersection, ,Non-Junction,None,,,         ,Trevin,Tolbert,Clear,Front to Rear,no,no,no,no,no,False
100729581,METROPOLITAN NASHVILLE POLICE DEPT,2015-0099213,Davidson,Nashville,1/29/2015 10:55:00 AM,2,1,0,36.218660,-86.748250,HART LN,,,,0.00,,,-- UNKNOWN RAMP/ROAD --,,,,0.00,Y,Four-Way,Y,Entrance/Exit Ramp Related,None,,,         ,Coleman,Womack,Clear,Angle,no,no,no,no,yes,False
100729586,METROPOLITAN NASHVILLE POLICE DEPT,20150102190,Davidson,Nashville,1/30/2015 6:30:00 AM,2,0,0,36.218070,-86.837140,US HWY 41 ALT,,,,155.00,Feet,South,KINGS LN,,,,0.00,N,Not at Intersection, ,Non-Junction,None,,,         ,Alan,Jordan,Clear,Front to Rear,no,no,no,no,no,False
100729589,METROPOLITAN NASHVILLE POLICE DEPT,2015-0102264,Davidson,Nashville,1/30/2015 7:40:00 AM,2,0,0,36.146400,-86.743820,FESSLERS LN,,,,119.00,Feet,South,RUNDLE AVE,,,,0.00,N,Not at Intersection, ,Non-Junction,None,,,         ,Eric,Uruski,Clear,Front to Rear,no,no,no,no,no,False
100729592,METROPOLITAN NASHVILLE POLICE DEPT,2015-0102289,Davidson,Nashville,1/30/2015 7:45:00 AM,2,0,0,36.119400,-86.826660,BOWLING AVE,,,,35.00,Feet,North,GOLF CLUB LN,,,,0.00,N,Not at Intersection, ,Non-Junction,None,,,         ,Paul,Junkmann,Cloudy,Angle,no,no,no,no,no,False
100729614,METROPOLITAN NASHVILLE POLICE DEPT,20150102222,Davidson,Nashville,1/30/2015 7:20:00 AM,1,0,0,36.101340,-86.663580,US HWY 41,,,,783.00,Feet,North,OLD MURFREESBORO PIKE,,,,0.00,N,Not at Intersection,N,Non-Junction,None,,,         ,James,Curtis,Cloudy,Not Collision with Motor Vehicle in Transport,no,no,no,no,no,False
100729615,METROPOLITAN NASHVILLE POLICE DEPT,2015-0102221,Davidson,Nashville,1/30/2015 7:20:00 AM,2,0,0,36.148910,-86.774650,I 40,,,,0.00,,,,,,,210.15,N,Not at Intersection, ,,,,,         ,Paul,Sorace,,,no,no,no,no,no,False
100729618,METROPOLITAN NASHVILLE POLICE DEPT,20150102241,Davidson,Nashville,1/30/2015 7:00:00 AM,2,1,0,36.080610,-86.685110,FRANKLIN LIMESTONE RD,,,,204.00,Feet,East,ANTIOCH PIKE,,,,0.00,N,Not at Intersection,N,Non-Junction,None,,,         ,Megan,Arnett,Clear,Angle,no,no,no,no,no,False
100729619,METROPOLITAN NASHVILLE POLICE DEPT,20150102475,Davidson,Nashville,1/30/2015 8:48:00 AM,2,1,0,36.079290,-86.711420,FAULKNER DR,,,,0.00,,,WALLACE RD,,,,0.00,Y,T-Intersection,N,Non-Junction,None,,,         ,Ian,Hammond,Clear,Front to Rear,no,no,no,no,no,False
100729624,METROPOLITAN NASHVILLE POLICE DEPT,2015-102320,Davidson,Nashville,1/30/2015 7:45:00 AM,2,0,0,36.085080,-86.702940,STATE HWY 255,,,,145.00,Feet,East,TRAVELERS INN DR,,,,0.00,N,Not at Intersection,N,Non-Junction,None,,,         ,James,Grady,Clear,"Sideswipe, Same Direction",no,no,no,no,no,False
100729626,METROPOLITAN NASHVILLE POLICE DEPT,20150102441,Davidson,Nashville,1/30/2015 8:32:00 AM,2,2,0,36.120530,-86.749490,PEACHTREE ST,,,,0.00,,,AUSTIN AVE,,,,0.00,Y,T-Intersection,N,Intersection,None,,,         ,Brian,Murphy,Clear,Angle,no,no,no,no,no,False
100729628,METROPOLITAN NASHVILLE POLICE DEPT,20150102710,Davidson,Nashville,1/30/2015 10:14:00 AM,2,0,0,36.139800,-86.722730,SPENCE LN,,,,0.00,,,CORNELIA CT,,,,0.00,Y,T-Intersection, ,Intersection,None,,,         ,James,Curtis,Clear,Front to Rear,no,no,no,no,no,False
100729638,METROPOLITAN NASHVILLE POLICE DEPT,2015-0102804,Davidson,Nashville,1/30/2015 10:45:00 AM,2,0,0,36.113920,-86.810370,STATE HWY 155,,,,152.00,Feet,East,US HWY 431,,,,0.00,N,Not at Intersection, ,Non-Junction,None,,,         ,Curtis,Rich,Clear,Front to Rear,no,no,no,no,no,False
100729644,METROPOLITAN NASHVILLE POLICE DEPT,20150102769,Davidson,Nashville,1/30/2015 10:25:00 AM,2,0,0,36.153220,-86.769550,ASH ST,,,,0.00,,,2ND AVE S,,,,0.00,Y,OTHER,N,Non-Junction,None,,,         ,Mikala,Moore,Clear,"Sideswipe, Same Direction",no,no,no,no,no,False
100729647,METROPOLITAN NASHVILLE POLICE DEPT,20150102829,Davidson,Nashville,1/30/2015 10:45:00 AM,1,0,0,36.148100,-86.777870,I 65,,,,0.00,,,,,,,82.35,N,Not at Intersection,N,Non-Junction,None,,,         ,Joshua,Hollins,Clear,Not Collision with Motor Vehicle in Transport,no,no,no,no,no,False
100729648,METROPOLITAN NASHVILLE POLICE DEPT,20150102645,Davidson,Nashville,1/30/2015 9:48:00 AM,2,0,0,36.086480,-86.691460,ANTIOCH PIKE,,,,405.00,Feet,South,STATE HWY 255,,,,0.00,N,Not at Intersection,N,Non-Junction,None,,,         ,Jacob,Halouska,Clear,Angle,no,no,no,no,no,False
100729667,GOODLETTSVILLE POLICE DEPT,15-03929,Davidson,Goodlettsville,1/30/2015 10:10:00 AM,2,0,0,36.310350,-86.704980,RIVERGATE PKWY,,,,49.00,Feet,North,EXIT 96,,,,0.00,N,Not at Intersection, ,Non-Junction,None,,,         ,Benny,Alexander,Clear,"Sideswipe, Same Direction",no,no,no,no,no,False
100729679,METROPOLITAN NASHVILLE POLICE DEPT,2015-0102791,Davidson,Nashville,1/30/2015 10:39:00 AM,2,0,0,36.154110,-86.836810,I 40,,,,0.00,,,,,,,205.10,N,Not at Intersection,N,Non-Junction,None,,,         ,Walter,Gray II,Clear,"Sideswipe, Same Direction",no,no,no,no,no,False
100729684,METROPOLITAN NASHVILLE POLICE DEPT,20150102699,Davidson,Nashville,1/30/2015 9:50:00 AM,2,0,0,36.130170,-86.755010,POLK AVE,,,,0.00,,,US HWY 31 ALT,,,,0.00,Y,T-Intersection, ,Intersection,None,,,         ,Erik,Wagner,Cloudy,Front to Rear,no,no,no,no,no,False
100729685,METROPOLITAN NASHVILLE POLICE DEPT,20150102297,Davidson,Nashville,1/30/2015 7:50:00 AM,2,0,0,36.123060,-86.806280,I 440,,,,0.00,,,,,,,2.70,N,Not at Intersection,N,Non-Junction,None,,,         ,Erik,Wagner,Cloudy,Front to Rear,no,no,no,no,no,False
100729686,METROPOLITAN NASHVILLE POLICE DEPT,20150099399,Davidson,Not in City Limit,1/29/2015 12:05:00 PM,2,0,0,35.996860,-86.689890,US HWY 31 ALT,,,,0.00,,,STATE HWY 253,,,,0.00,Y,Four-Way, ,Intersection,Work Zone,,,         ,Erik,Wagner,Clear,Front to Rear,no,no,no,no,no,False
100729687,METROPOLITAN NASHVILLE POLICE DEPT,2015-0103096,Davidson,Nashville,1/30/2015 12:45:00 PM,2,0,0,36.144580,-86.872550,US HWY 70,,,,66.00,Feet,East,AMERICAN RD,,,,0.00,N,Not at Intersection, ,,None,,,         ,Curtis,Rich,,,no,no,no,no,no,False
100729691,METROPOLITAN NASHVILLE POLICE DEPT,20150099353,Davidson,Nashville,1/29/2015 11:27:00 AM,2,0,0,36.160930,-86.793320,EXIT 209A,,,,0.00,,,I 40,,,,0.00,Y,T-Intersection, ,Entrance/Exit Ramp Related,None,,,         ,Nathan,Mayo,Clear,Angle,no,no,no,no,no,False
100729692,METROPOLITAN NASHVILLE POLICE DEPT,20150102944,Davidson,Nashville,1/30/2015 11:43:00 AM,2,0,0,36.138470,-86.810880,NATCHEZ TRC,,,,76.00,Feet,South,BLAKEMORE AVE,,,,0.00,N,Not at Intersection,N,Non-Junction,None,,,         ,Phillip,Murphy,Clear,Front to Rear,no,no,no,no,no,Campus
100729693,METROPOLITAN NASHVILLE POLICE DEPT,20150102651,Davidson,Nashville,1/30/2015 9:51:00 AM,2,1,0,36.094920,-86.707010,I 24,,,,0.00,,,,,,,55.00,N,Not at Intersection,N,Non-Junction,None,,,         ,Brian,Murphy,Clear,"Sideswipe, Same Direction",no,no,no,no,no,False
100729696,METROPOLITAN NASHVILLE POLICE DEPT,20150102910,Davidson,Goodlettsville,1/30/2015 11:30:00 AM,2,0,0,36.292980,-86.702450,US HWY 31E,,,,70.00,Feet,South,ALTA LOMA RD,,,,0.00,N,Not at Intersection,N,Non-Junction,None,,,         ,Caleb,Foster,Clear,Front to Rear,no,no,no,no,no,False
100729697,METROPOLITAN NASHVILLE POLICE DEPT,20150102630,Davidson,Nashville,1/30/2015 9:25:00 AM,2,0,0,36.153400,-86.800830,20TH AVE N,,,,0.00,,,CHURCH ST,,,,0.00,Y,Four-Way,N,Intersection,None,,,         ,Randal,Owsley,Clear,Angle,no,no,no,no,no,Campus
100729698,METROPOLITAN NASHVILLE POLICE DEPT,20150103110,Davidson,Not in City Limit,1/30/2015 12:48:00 PM,2,0,0,36.261270,-86.712540,MAPLE ST,,,,0.00,,,US HWY 31E,,,,0.00,Y,OTHER, ,Intersection-Related,None,,,         ,Eric,Richardson,Clear,"Sideswipe, Same Direction",no,no,no,no,no,False
100729700,METROPOLITAN NASHVILLE POLICE DEPT,20150103111,Davidson,Nashville,1/30/2015 12:45:00 PM,2,0,0,36.086760,-86.694700,STATE HWY 255,,,,367.00,Feet,East,METROPLEX DR,,,,0.00,N,Not at Intersection,N,Non-Junction,None,,,         ,Jacob,Halouska,Clear,Angle,no,no,no,no,yes,False
100729702,METROPOLITAN NASHVILLE POLICE DEPT,20150099155,Davidson,Nashville,1/29/2015 10:32:00 AM,2,0,0,36.040020,-86.780910,I 65,,,,0.00,Feet,,RAMP,,,,0.00,Y,Unknown,Y,Entrance/Exit Ramp Related,None,,,         ,Erik,Wagner,Clear,Angle,no,no,no,no,no,False
100729704,METROPOLITAN NASHVILLE POLICE DEPT,2015-0102798,Davidson,Nashville,1/30/2015 10:41:00 AM,2,0,0,36.151890,-86.784190,12TH AVE S,,,,0.00,,,11TH AVE S,,,,0.00,Y,T-Intersection,N,Intersection,None,,,         ,Paul,Sorace,Clear,"Sideswipe, Same Direction",no,no,no,no,no,False
100729709,METROPOLITAN NASHVILLE POLICE DEPT,20150102562,Davidson,Nashville,1/30/2015 9:20:00 AM,1,1,0,36.089540,-86.804840,HARDING PL,,,,342.00,Feet,East,BELMONT PARK TER,,,,0.00,N,Not at Intersection,N,Non-Junction,None,,,         ,Phillip,Murphy,Clear,Not Collision with Motor Vehicle in Transport,no,no,no,no,no,False
100729716,GOODLETTSVILLE POLICE DEPT,15-03937,Davidson,Goodlettsville,1/30/2015 10:58:00 AM,2,2,0,36.304980,-86.705690,STATE HWY 386,,,,234.00,Feet,East,CONFERENCE DR,,,,0.00,N,Not at Intersection,N,Non-Junction,None,,,         ,Michael,Dorris,Clear,"Sideswipe, Same Direction",no,no,no,no,no,False
100729730,METROPOLITAN NASHVILLE POLICE DEPT,20150103203,Davidson,Nashville,1/30/2015 1:30:00 PM,2,0,0,36.149780,-86.783540,I 40,,,,0.00,,,,,,,209.60,N,Not at Intersection, ,Non-Junction,None,,,         ,Michieal,Ramsey,Clear,Front to Rear,no,no,no,no,no,False
100729746,METROPOLITAN NASHVILLE POLICE DEPT,20150103233,Davidson,Nashville,1/30/2015 1:25:00 PM,2,0,0,36.136490,-86.724590,SPENCE LN,,,,275.00,Feet,North,US HWY 41,,,,0.00,N,Not at Intersection, ,,None,,,         ,James,Curtis,,,no,no,no,no,no,False
100729747,METROPOLITAN NASHVILLE POLICE DEPT,2015-0100859,Davidson,Nashville,1/30/2015 9:00:00 PM,2,0,0,36.170960,-86.800690,JEFFERSON ST,,,,0.00,,,14TH AVE N,,,,0.00,Y,Unknown, ,,,,,         ,Jacob,Partin,,,no,no,no,yes,no,False
100729760,METROPOLITAN NASHVILLE POLICE DEPT,2015-0100593,Davidson,Nashville,1/29/2015 7:10:00 PM,2,0,0,36.203360,-86.776600,I 65,,,,0.00,,,,,,,87.10,N,Not at Intersection, ,Entrance/Exit Ramp Related,None,,,         ,Anthony,Cavis,Clear,"Sideswipe, Same Direction",no,no,no,no,no,False
100729762,GOODLETTSVILLE POLICE DEPT,15-03951,Davidson,Goodlettsville,1/30/2015 2:27:00 PM,2,0,0,36.325390,-86.701380,STATE HWY 174,,,,150.00,Feet,East,CONFERENCE DR,,,,0.00,N,Not at Intersection, ,Non-Junction,None,,,         ,Benny,Alexander,Clear,HeadOn,no,no,no,no,no,False
100729766,METROPOLITAN NASHVILLE POLICE DEPT,2015-0103328,Davidson,Nashville,1/30/2015 2:07:00 PM,2,1,0,36.149780,-86.859410,US HWY 70,,,,4.00,Feet,East,MIDLAND AVE,,,,0.00,N,Not at Intersection,N,Non-Junction,None,,,         ,Walter,Gray II,Clear,Angle,no,no,no,no,no,False
100729780,METROPOLITAN NASHVILLE POLICE DEPT,20150103352,Davidson,Nashville,1/30/2015 2:12:00 PM,2,0,0,36.165840,-86.818070,-- UNKNOWN RAMP/ROAD --,,,,0.00,,,I 40,,,,0.00,Y,Y-Intersection,N,Non-Junction,None,,,         ,Christopher,Littles,Clear,Front to Rear,no,no,no,no,no,False
100729784,METROPOLITAN NASHVILLE POLICE DEPT,20150103499,Davidson,Nashville,1/30/2015 3:15:00 PM,2,0,0,36.150430,-86.696760,ELM HILL PIKE,,,,0.00,,,WANDA DR,,,,0.00,Y,T-Intersection,N,Intersection-Related,None,,,         ,James,Patterson,Clear,Front to Rear,no,no,no,no,no,False
100729791,METROPOLITAN NASHVILLE POLICE DEPT,20150103519,Davidson,Antioch,1/30/2015 3:27:00 PM,1,5,0,36.048420,-86.612650,US HWY 41,,,,980.00,Feet,South,PIN HOOK RD,,,,0.00,N,Not at Intersection,N,Non-Junction,None,,,         ,Thomas,Odom,Clear,Not Collision with Motor Vehicle in Transport,no,no,no,no,no,False
100729798,METROPOLITAN NASHVILLE POLICE DEPT,20150103573,Davidson,Nashville,1/30/2015 2:24:00 PM,2,0,0,36.193030,-86.801830,US HWY 41 ALT,,,,0.00,,,ATHENS WAY,,,,0.00,Y,Four-Way, ,Intersection,None,,,         ,Allen,Hall,Clear,Front to Rear,no,no,no,no,no,False
100729806,METROPOLITAN NASHVILLE POLICE DEPT,20150103634,Davidson,Nashville,1/30/2015 4:47:00 PM,2,0,0,36.129000,-86.816400,I 440,,,,0.00,,,,,,,2.10,N,Not at Intersection, ,Non-Junction,None,,,         ,Benjamin,Froehlich,Clear,Front to Rear,no,no,no,no,no,False
100729820,METROPOLITAN NASHVILLE POLICE DEPT,20150103512,Davidson,Nashville,1/30/2015 2:07:00 PM,2,0,0,36.080790,-86.726700,US HWY 31 ALT,,,,129.00,Feet,North,RAMP,,,,0.00,N,Not at Intersection, ,Non-Junction,None,,,         ,Michael,Moss,Clear,Angle,no,no,no,no,no,False
100729826,METROPOLITAN NASHVILLE POLICE DEPT,20150103637,Davidson,Nashville,1/30/2015 4:03:00 PM,2,1,0,36.152180,-86.842240,46TH AVE N,,,,0.00,,,US HWY 70,,,,0.00,Y,T-Intersection,N,Intersection,None,,,         ,Dustin,Tidwell,Clear,Angle,no,no,no,no,no,False
100729827,METROPOLITAN NASHVILLE POLICE DEPT,20150103757,Davidson,Nashville,1/30/2015 4:44:00 PM,2,0,0,36.106600,-86.672690,RAMP,,,,0.00,,,STATE HWY 255,,,,0.00,Y,Unknown, ,,None,,,         ,Brandon,Vance,,,no,no,no,no,no,False
100729828,METROPOLITAN NASHVILLE POLICE DEPT,20150100458,Davidson,Nashville,1/29/2015 5:42:00 PM,3,0,0,36.124740,-86.735300,I 440,,,,0.00,,,,,,,7.10,N,Not at Intersection,N,Non-Junction,None,,,         ,Paul,Goebel,Clear,Front to Rear,no,no,no,no,yes,False
100729832,METROPOLITAN NASHVILLE POLICE DEPT,20150103557,Davidson,Nashville,1/30/2015 3:39:00 PM,2,0,0,36.124510,-86.696390,STATE HWY 155,,,,78.00,Feet,North,VULTEE BLVD,,,,0.00,N,Not at Intersection, ,Non-Junction,None,,,         ,Michael,Apsey,Clear,Angle,no,no,no,no,no,False
100729836,METROPOLITAN NASHVILLE POLICE DEPT,20150103648,Davidson,Nashville,1/30/2015 3:41:00 PM,2,1,0,36.148800,-86.782130,I 40,,,,0.00,,,,,,,209.70,N,Not at Intersection,N,Non-Junction,None,,,         ,Brenton,Adcox,Clear,"Sideswipe, Same Direction",no,no,no,no,yes,False
100729840,METROPOLITAN NASHVILLE POLICE DEPT,20150103652,Davidson,Madison,1/30/2015 4:11:00 PM,2,3,0,36.269400,-86.689860,ROOSEVELT AVE,,,,0.00,,,MYATT DR,,,,0.00,Y,Four-Way,Y,Intersection,None,,,         ,Samuel,Miller,Clear,Angle,no,no,no,no,no,False
100729842,METROPOLITAN NASHVILLE POLICE DEPT,2015-0103797,Davidson,Nashville,1/30/2015 4:59:00 PM,2,0,0,36.171720,-86.865280,CENTENNIAL BLVD,,,,53.00,Feet,East,-- UNKNOWN RAMP/ROAD --,,,,0.00,N,Not at Intersection,N,OtherLocation,None,,,         ,Walter,Gray II,Clear,"Sideswipe, Same Direction",no,no,no,yes,yes,False
100729843,METROPOLITAN NASHVILLE POLICE DEPT,20150103810,Davidson,Nashville,1/30/2015 5:08:00 PM,2,1,0,36.206610,-86.777900,US HWY 431,,,,0.00,,,BRICK CHURCH PIKE,,,,0.00,Y,Four-Way,N,Intersection,None,,,         ,Christopher,Kelly,Clear,Angle,no,no,no,no,no,False
100729844,METROPOLITAN NASHVILLE POLICE DEPT,20150103722,Davidson,Nashville,1/30/2015 4:33:00 PM,2,0,0,36.168800,-86.755540,S 8TH ST,,,,0.00,,,SYLVAN ST,,,,0.00,Y,T-Intersection, ,Intersection-Related,None,,,         ,Robert,Croteau,Clear,Angle,no,no,no,no,no,False
100729845,METROPOLITAN NASHVILLE POLICE DEPT,20150103736,Davidson,Nashville,1/30/2015 4:40:00 PM,1,0,0,36.136450,-86.780340,BEECH AVE,,,,0.00,,,W ARGYLE AVE,,,,0.00,Y,Unknown,N,Non-Junction,None,,,         ,Nicholas,Smith,Clear,Not Collision with Motor Vehicle in Transport,no,no,no,no,no,False
100729854,METROPOLITAN NASHVILLE POLICE DEPT,20150103542,Davidson,Nashville,1/30/2015 3:29:00 PM,2,0,0,36.170360,-86.768400,WOODLAND ST,,,,0.00,,,INTERSTATE DR,,,,0.00,Y,Four-Way,N,Intersection,None,,,         ,Robert,Fondren,Clear,Angle,no,no,no,no,no,False