master_record_number,agency,agency_tracking_number,county,city,collision_date,vehicles_involved,number_injured,number_dead,latitude,longitude,roadway_name,roadway_suffix,roadway_number,roadway_local_id,distance_from_reference,miles-feet_indicator,direction_from_reference,intersection_road_name,intersection_road_name_suffix,intersection_road_number,intersection_local_id,mile_marker,intersection_indicator,intersect_type,interchange_related_indicator,relation_to_junction,work_zone_type,construction_maintenance_zone,construction_maintenance_zone_location,fatal_case_number,officer_first_name,officer_last_name,weather_condition(s),manner_of_crash,pedestrian,bicycle,scooter,parking,hitrun,mou
100730348,METROPOLITAN NASHVILLE POLICE DEPT,20150107358,Davidson,Nashville,1/31/2015 6:45:00 PM,1,2,0,36.224260,-86.774550,I 65,,,,0.00,,,,,,,88.55,N,Not at Intersection,N,Non-Junction,Work Zone,Work On Shoulder Or Median,Activity Area,         ,Oscar,Gomez,Cloudy,Unknown,no,no,no,no,no,False
100730350,METROPOLITAN NASHVILLE POLICE DEPT,20150107141,Davidson,Nashville,1/31/2015 5:52:00 PM,2,0,0,36.177620,-86.799390,10TH AVE N,,,,12.00,Feet,West,GARFIELD ST,,,,0.00,N,Not at Intersection,Y,Non-Junction,None,,,         ,Tina,Wiggs,Clear,Angle,no,no,no,no,no,False
100730352,METROPOLITAN NASHVILLE POLICE DEPT,20150107492,Davidson,Nashville,1/31/2015 8:15:00 PM,1,0,0,36.163360,-86.783740,UNION ST,,,,81.00,Feet,West,7TH AVE N,,,,0.00,N,Not at Intersection, ,Non-Junction,None,,,         ,Pedro,Rivera Chaparro,Clear,Not Collision with Motor Vehicle in Transport,no,no,no,no,no,False
100730353,METROPOLITAN NASHVILLE POLICE DEPT,20150107393,Davidson,Nashville,1/31/2015 7:27:00 PM,2,0,0,36.151090,-86.784330,DIVISION ST,,,,0.00,,,12TH AVE S,,,,0.00,Y,Four-Way, ,Intersection,None,,,         ,MIchael,Mihajlov,Clear,Front to Rear,no,no,no,no,no,False
100730357,METROPOLITAN NASHVILLE POLICE DEPT,20150103423,Davidson,Nashville,1/30/2015 2:51:00 PM,2,0,0,36.234080,-86.758480,US HWY 31W,,,,361.00,Feet,North,MAPLEWOOD TRC,,,,0.00,N,Not at Intersection, ,,None,,,         ,Audrey,Fellingham,,,no,no,no,no,no,False
100730367,METROPOLITAN NASHVILLE POLICE DEPT,20150107494,Davidson,Nashville,1/31/2015 8:09:00 PM,2,0,0,0.000000,0.000000,WEST END,AVE,,,0.00,,,LYLE,AVE,,,0.00,Y,T-Intersection, ,Intersection,None,,,         ,Mekisha,Page,Clear,Front to Rear,no,no,no,no,no,False
100730370,METROPOLITAN NASHVILLE POLICE DEPT,20150107532,Davidson,Nashville,1/31/2015 12:00:00 AM,2,0,0,0.000000,0.000000,821 BEAZER,LN,,,300.00,Feet,East,BEAZER,LN,,,0.00,N,Not at Intersection, ,Non-Junction,None,,,         ,David,Collins,Clear,"Sideswipe, Same Direction",no,no,no,yes,yes,False
100730378,METROPOLITAN NASHVILLE POLICE DEPT,20150107440,Davidson,Nashville,1/31/2015 7:45:00 PM,2,2,0,36.232260,-86.624690,STATE HWY 45,,,,0.00,Feet,,SHUTE LN,,,,0.00,Y,T-Intersection,N,Intersection,None,,,         ,David,Abbott,Clear,Angle,no,no,no,no,no,False
100730388,METROPOLITAN NASHVILLE POLICE DEPT,20150107399,Davidson,Nashville,1/31/2015 7:17:00 PM,2,0,0,36.181850,-86.838830,MAYER LN,,,,0.00,,,OGDEN DR,,,,0.00,Y,T-Intersection, ,Non-Junction,None,,,         ,James,Wray,Clear,Rear to Side,no,no,no,no,no,False
100730395,METROPOLITAN NASHVILLE POLICE DEPT,20150107066,Davidson,Nashville,1/31/2015 5:11:00 PM,2,0,0,36.044220,-86.650600,HICKORY HOLLOW PKWY,,,,0.00,,,RAMP,,,,0.00,Y,T-Intersection,N,Intersection,None,,,         ,Jacob,Masteller,Clear,Front to Rear,no,no,no,no,no,False
100730396,METROPOLITAN NASHVILLE POLICE DEPT,20150106857,Davidson,Not in City Limit,1/31/2015 3:34:00 PM,2,0,0,35.997100,-86.690240,US HWY 31 ALT,,,,135.00,Feet,West,STATE HWY 253,,,,0.00,N,Not at Intersection, ,Non-Junction,None,,,         ,Miguel,Garcia,Clear,"Sideswipe, Opposite Direction",no,no,no,no,no,False
100730399,METROPOLITAN NASHVILLE POLICE DEPT,20150103854,Davidson,Nashville,1/31/2015 5:20:00 PM,2,0,0,36.225210,-86.760410,BEN ALLEN RD,,,,0.00,,,US HWY 31W,,,,0.00,Y,T-Intersection, ,Intersection,None,,,         ,Paul,Stein,Clear,"Sideswipe, Same Direction",no,no,no,no,no,False
100730407,METROPOLITAN NASHVILLE POLICE DEPT,20150107705,Davidson,Nashville,1/31/2015 9:28:00 PM,1,0,0,36.073840,-86.623250,ANDERSON RD,,,,77.00,Feet,East,OWENDALE DR,,,,0.00,N,Not at Intersection, ,Non-Junction,None,,,         ,Thomas,Odom,Clear,Not Collision with Motor Vehicle in Transport,no,no,no,no,yes,False
100730414,METROPOLITAN NASHVILLE POLICE DEPT,20150107797,Davidson,Nashville,1/31/2015 9:51:00 PM,2,0,0,36.205950,-86.768540,E TRINITY LN,,,,0.00,,,US HWY 31W,,,,0.00,Y,Four-Way,N,Intersection,None,,,         ,Cressie,Prill,Clear,Front to Rear,no,no,no,no,yes,False
100730419,METROPOLITAN NASHVILLE POLICE DEPT,20150107709,Davidson,Nashville,1/31/2015 9:35:00 PM,1,0,0,0.000000,0.000000,ELLISTON,PL,,,0.00,,,25TH,AVE,,,0.00,Y,T-Intersection, ,Intersection,None,,,         ,Mekisha,Page,Clear,Not Collision with Motor Vehicle in Transport,no,no,no,no,yes,False
100730428,METROPOLITAN NASHVILLE POLICE DEPT,20150107352,Davidson,Not in City Limit,2/1/2015 4:39:00 PM,1,0,0,36.071970,-86.946600,SAWYER BROWN RD,,,,340.00,Feet,North,PLANTATION CT,,,,0.00,N,Not at Intersection, ,Non-Junction,None,,,         ,John,Thomas,Clear,Not Collision with Motor Vehicle in Transport,no,no,no,yes,no,False
100730441,METROPOLITAN NASHVILLE POLICE DEPT,20150107923,Davidson,Nashville,1/31/2015 10:24:00 PM,2,0,0,36.229730,-86.760300,EWING DR,,,,0.00,,,,,,,0.00,,,N,SharedUsePathOrTrail,None,,,         ,Robert,Crow,Cloudy,Rear to Rear,no,no,no,yes,yes,False
100730442,METROPOLITAN NASHVILLE POLICE DEPT,20150107988,Davidson,Nashville,1/31/2015 10:03:00 PM,2,0,0,36.207510,-86.776130,I 65,,,,0.00,,,,,,,87.40,N,Not at Intersection,N,Non-Junction,Construction Zone,Other,Unknown,         ,Samuel,Miller,Clear,"Sideswipe, Same Direction",no,no,no,no,yes,False
100730445,METROPOLITAN NASHVILLE POLICE DEPT,20150105082,Davidson,Nashville,1/31/2015 12:01:00 AM,2,0,0,36.085230,-86.702480,-- UNKNOWN RAMP/ROAD --,,,,0.00,,,STATE HWY 255,,,,0.00,Y,T-Intersection,N,Entrance/Exit Ramp Related,None,,,         ,Wallis,Massey,Clear,Front to Rear,no,no,no,no,yes,False
100730451,METROPOLITAN NASHVILLE POLICE DEPT,20150108421,Davidson,Nashville,2/1/2015 1:00:00 AM,1,0,0,36.046320,-86.660850,I 24,,,,0.00,,,,,,,59.30,N,Not at Intersection,N,Entrance/Exit Ramp Related,None,,,         ,Nicholas,Berens,Clear,Not Collision with Motor Vehicle in Transport,no,no,no,no,no,False
100730468,METROPOLITAN NASHVILLE POLICE DEPT,20150108174,Davidson,Nashville,2/1/2015 12:14:00 AM,2,5,0,36.042990,-86.842320,STATE HWY 254,,,,0.00,,,KINGSBURY DR,,,,0.00,Y,Four-Way,Y,Intersection-Related,None,,,         ,Jason,Thomas,Clear,Angle,no,no,no,no,no,False
100730470,GOODLETTSVILLE POLICE DEPT,15-04887,Davidson,Goodlettsville,2/1/2015 1:30:00 AM,2,0,0,36.325860,-86.705850,I 65,,,,0.00,,,,,,,97.15,N,Not at Intersection, ,Non-Junction,None,,,         ,Rico,Jones,Clear,"Sideswipe, Same Direction",no,no,no,no,no,False
100730482,METROPOLITAN NASHVILLE POLICE DEPT,20150108597,Davidson,Nashville,2/1/2015 3:05:00 AM,2,0,0,36.153290,-86.789160,CONNECTING ROAD,,,,0.00,,,DEMONBREUN ST,,,,0.00,Y,OTHER, ,Non-Junction,None,,,         ,Harris,Smith,Clear,Front to Rear,no,no,no,no,yes,False
100730485,METROPOLITAN NASHVILLE POLICE DEPT,20150108736,Davidson,Nashville,2/1/2015 12:00:00 AM,1,0,0,36.129020,-86.787230,LAWRENCE AVE,,,,78.00,Feet,East,11TH AVE S,,,,0.00,N,Not at Intersection,N,Non-Junction,None,,,         ,Michael,Wilson,Clear,Not Collision with Motor Vehicle in Transport,no,no,no,no,yes,False
100730493,METROPOLITAN NASHVILLE POLICE DEPT,20150108630,Davidson,Nashville,2/1/2015 3:41:00 AM,1,2,0,36.095580,-86.734160,WHEELER AVE,,,,10.00,Feet,West,TIBBS DR,,,,0.00,N,Not at Intersection,N,Non-Junction,None,,,         ,Kurt,Lewton,Clear,Not Collision with Motor Vehicle in Transport,no,no,no,no,no,False
100730504,METROPOLITAN NASHVILLE POLICE DEPT,2015-0091219,Davidson,Nashville,2/1/2015 7:34:00 AM,2,0,0,36.084710,-86.728340,US HWY 31 ALT,,,,70.00,Feet,West,PARAGON MILLS RD,,,,0.00,N,Not at Intersection, ,,None,,,         ,David,Simmonds,,,no,no,no,yes,no,False
100730505,METROPOLITAN NASHVILLE POLICE DEPT,20150106518,Davidson,Nashville,1/31/2015 1:00:00 PM,2,0,0,36.128410,-86.852700,STATE HWY 155,,,,265.00,Feet,West,POST PL,,,,0.00,N,Not at Intersection, ,Non-Junction,None,,,         ,Melvin,Foster,Clear,"Sideswipe, Same Direction",no,no,no,no,no,False
100730531,METROPOLITAN NASHVILLE POLICE DEPT,20150106366,Davidson,Nashville,1/31/2015 10:46:00 AM,1,1,0,36.214920,-86.692180,STATE HWY 155,,,,307.00,Feet,East,EXIT 12,,,,0.00,N,Not at Intersection,N,Non-Junction,None,,,         ,Cassandra,Del Bosco,Clear,Not Collision with Motor Vehicle in Transport,no,no,no,no,no,False
100730533,METROPOLITAN NASHVILLE POLICE DEPT,20150098753,Davidson,Nashville,1/29/2015 8:04:00 AM,2,2,0,36.151220,-86.691570,ELM HILL PIKE,,,,0.00,Feet,,RAMP,,,,0.00,Y,T-Intersection,N,Intersection,None,,,         ,Jeb,Johnston,Cloudy,HeadOn,no,no,no,no,no,False
100730547,METROPOLITAN NASHVILLE POLICE DEPT,20150106364,Davidson,Nashville,1/31/2015 10:38:00 AM,2,0,0,36.084600,-86.647210,US HWY 41,,,,0.00,,,,,,,0.00,,Not at Intersection,N,Non-Junction,None,,,         ,Justin,Franklin,Clear,Rear to Rear,no,no,no,yes,yes,False
100730549,METROPOLITAN NASHVILLE POLICE DEPT,20150109077,Davidson,Not in City Limit,2/1/2015 9:28:00 AM,1,0,0,36.312060,-86.860360,US HWY 431,,,,1339.00,Feet,East,OLD CLARKSVILLE PIKE,,,,0.00,N,Not at Intersection,N,Non-Junction,None,,,         ,Ryan,Caulfield,Rain,Not Collision with Motor Vehicle in Transport,no,no,no,no,no,False
100730552,METROPOLITAN NASHVILLE POLICE DEPT,20150109039,Davidson,Nashville,2/1/2015 9:04:00 AM,1,0,0,36.222340,-86.603770,SHUTE LN,,,,938.00,Feet,North,MILL SPRINGS CT,,,,0.00,N,Not at Intersection,N,Non-Junction,None,,,         ,Craig,Carlson,Rain,Not Collision with Motor Vehicle in Transport,no,no,no,no,no,False
100730581,METROPOLITAN NASHVILLE POLICE DEPT,20150106593,Davidson,Nashville,1/31/2015 1:37:00 PM,2,1,0,36.115240,-86.862790,DAVIDSON RD,,,,0.00,,,POST RD,,,,0.00,Y,Four-Way,N,Intersection,None,,,         ,Corteze,Armstrong,Cloudy,Angle,no,no,no,no,no,False
100730585,METROPOLITAN NASHVILLE POLICE DEPT,20150109189,Davidson,Nashville,2/1/2015 10:44:00 AM,1,0,0,36.026140,-86.735200,CHRISTIANSTED LN,,,,465.00,Feet,West,PALOMAR CT,,,,0.00,N,Not at Intersection,N,Non-Junction,None,,,         ,Mark,Harrison,Rain,Not Collision with Motor Vehicle in Transport,no,no,no,no,no,False
100730595,METROPOLITAN NASHVILLE POLICE DEPT,20150109207,Davidson,Nashville,2/1/2015 11:00:00 AM,2,0,0,36.150380,-86.770520,-- UNKNOWN RAMP/ROAD --,,,,0.00,,,I 40,,,,0.00,Y,Four-Way, ,Intersection,None,,,         ,Jason,Smith,Rain,Front to Rear,no,no,no,no,no,False
100730600,METROPOLITAN NASHVILLE POLICE DEPT,20150109274,Davidson,Nashville,2/1/2015 11:35:00 AM,1,0,0,36.183910,-86.610470,ANDREW JACKSON PKWY,,,,0.00,,,RAMP,,,,0.00,Y,T-Intersection,N,Intersection-Related,None,,,         ,Brent,Hedgcoth,Cloudy,Not Collision with Motor Vehicle in Transport,no,no,no,no,no,False
100730603,METROPOLITAN NASHVILLE POLICE DEPT,20150109277,Davidson,Nashville,2/1/2015 11:37:00 AM,2,0,0,36.217180,-86.763250,US HWY 31W,,,,71.00,Feet,South,LORRAINE AVE,,,,0.00,N,Not at Intersection, ,Non-Junction,None,,,         ,Eric,Westbrook,Rain,Angle,no,no,no,no,no,False
100730615,GOODLETTSVILLE POLICE DEPT,15-04251,Davidson,Goodlettsville,2/1/2015 10:39:00 AM,3,1,0,36.306820,-86.694600,STATE ROUTE 386 E RAMP,,SR386,,0.00,,,CONFERENCE DRIVE,,,,0.00,Y,T-Intersection,N,Entrance/Exit Ramp Related,None,,,         ,Daniel,Knalls,Cloudy,Front to Rear,no,no,no,no,no,False
100730617,METROPOLITAN NASHVILLE POLICE DEPT,20150109301,Davidson,Nashville,2/1/2015 11:59:00 AM,1,1,0,36.144870,-86.710900,ELM HILL PIKE,,,,44.00,Feet,East,MASSMAN DR,,,,0.00,N,Not at Intersection,N,Non-Junction,None,,,         ,Johnathan,Carlisle,Rain,Not Collision with Motor Vehicle in Transport,no,no,no,no,no,False
100730621,METROPOLITAN NASHVILLE POLICE DEPT,20150109340,Davidson,Nashville,2/1/2015 12:11:00 PM,2,1,0,36.231520,-86.790090,EWING DR,,,,0.00,,,EWING LN,,,,0.00,Y,Four-Way,N,Intersection,None,,,         ,Michael,Parman,Rain,Front to Rear,no,no,no,no,no,False
100730623,METROPOLITAN NASHVILLE POLICE DEPT,20150109259,Davidson,Nashville,2/1/2015 11:15:00 AM,2,0,0,36.100910,-86.870820,US HWY 70S,,,,216.00,Feet,North,PAGE RD,,,,0.00,N,Not at Intersection, ,Non-Junction,None,,,         ,Brian,Myatt,Rain,"Sideswipe, Same Direction",no,no,no,no,no,False
100730626,METROPOLITAN NASHVILLE POLICE DEPT,2015-0109292,Davidson,Nashville,2/1/2015 11:50:00 AM,2,1,0,36.131930,-86.833680,N WILSON BLVD,,,,117.00,Feet,North,US HWY 70S,,,,0.00,N,Not at Intersection,N,Non-Junction,None,,,         ,Cesar,Castillo,Rain,Front to Rear,no,no,no,no,no,False
100730630,METROPOLITAN NASHVILLE POLICE DEPT,20150109375,Davidson,Nashville,2/1/2015 1:06:00 PM,2,0,0,36.204980,-86.737600,MCGAVOCK PIKE,,,,0.00,,,GALLATIN PIKE,,,,0.00,Y,Four-Way,N,Intersection,None,,,         ,Jared,Eaves,Rain,Angle,no,no,no,no,yes,False
100730638,METROPOLITAN NASHVILLE POLICE DEPT,20150109300,Davidson,Nashville,2/1/2015 11:57:00 AM,2,0,0,36.137730,-86.789610,13TH AVE S,,,,254.00,Feet,East,WADE AVE,,,,0.00,N,Not at Intersection,N,Non-Junction,None,,,         ,Tony,Folad,Rain,Angle,no,no,no,no,no,False
100730642,METROPOLITAN NASHVILLE POLICE DEPT,20150109377,Davidson,Nashville,2/1/2015 1:11:00 PM,1,1,0,36.043760,-86.780880,-- UNKNOWN RAMP/ROAD --,,,,0.00,Feet,East,I 65,,,,0.00,N,Not at Intersection,N,Non-Junction,None,,,         ,Samuel,Ruth,Rain,Not Collision with Motor Vehicle in Transport,no,no,no,no,no,False
100730644,METROPOLITAN NASHVILLE POLICE DEPT,20150109304,Davidson,Not in City Limit,2/1/2015 12:03:00 PM,3,0,0,36.012570,-86.703710,US HWY 31 ALT,,,,72.00,Feet,North,HOLT RD,,,,0.00,N,Not at Intersection, ,Non-Junction,None,,,         ,Mark,Harrison,Rain,Front to Rear,no,no,no,no,no,False
100730645,GOODLETTSVILLE POLICE DEPT,15-04260,Davidson,Goodlettsville,2/1/2015 12:30:00 PM,2,0,0,36.307290,-86.703780,RIVERGATE PKWY,,,,0.00,,,I-65 EXIT RAMP 96,,,,0.00,Y,T-Intersection, ,Intersection,None,,,         ,John,Doble,Rain,"Sideswipe, Same Direction",no,no,no,no,no,False
100730659,METROPOLITAN NASHVILLE POLICE DEPT,20150109311,Davidson,Nashville,2/1/2015 12:07:00 PM,2,0,0,36.061880,-86.631560,HAMILTON CHURCH RD,,,,374.00,Feet,South,HAMILTON XIN,,,,0.00,N,Not at Intersection, ,Non-Junction,None,,,         ,Brian,Birch,Rain,Angle,no,no,no,no,no,False
100730663,METROPOLITAN NASHVILLE POLICE DEPT,20150109395,Davidson,Nashville,2/1/2015 1:25:00 PM,1,0,0,36.148980,-86.691710,STATE HWY 155,,,,159.00,Feet,South,EXIT 7,,,,0.00,N,Not at Intersection,N,Non-Junction,None,,,         ,Mitchell,McClay,Rain,Not Collision with Motor Vehicle in Transport,no,no,no,no,no,False
100730664,METROPOLITAN NASHVILLE POLICE DEPT,20150102677,Davidson,Nashville,1/30/2015 9:57:00 AM,1,1,0,36.068880,-86.770400,I 65,,,,0.00,,,,,,,76.85,N,Not at Intersection,N,Non-Junction,None,,,         ,Joshua,Dickall,Clear,Not Collision with Motor Vehicle in Transport,no,no,no,no,no,False
100730669,METROPOLITAN NASHVILLE POLICE DEPT,20150109352,Davidson,Nashville,2/1/2015 12:30:00 PM,2,0,0,0.000000,0.000000,BLAIRFIELD,DR,,,75.00,Feet,East,HASKELL,DR,,,0.00,N,Not at Intersection, ,Non-Junction,None,,,         ,Randall,Combs,Rain,Front to Rear,no,no,no,no,yes,False
100730670,METROPOLITAN NASHVILLE POLICE DEPT,20150109358,Davidson,Nashville,2/1/2015 12:10:00 PM,2,0,0,36.114450,-86.816020,STATE HWY 155,,,,0.00,,,23RD AVE S,,,,0.00,Y,T-Intersection,N,Intersection,None,,,         ,Brian,Myatt,Rain,Front to Rear,no,no,no,no,no,False
100730675,METROPOLITAN NASHVILLE POLICE DEPT,20150109297,Davidson,Nashville,2/1/2015 11:56:00 AM,2,0,0,36.110550,-86.766990,POWELL AVE,,,,0.00,,,BRANSFORD AVE,,,,0.00,Y,OTHER, ,OtherLocation,None,,,         ,Steven,Jones,Rain,Angle,no,no,no,no,no,False
100730676,METROPOLITAN NASHVILLE POLICE DEPT,2015-0109399,Davidson,Nashville,2/1/2015 1:26:00 PM,1,0,0,36.209970,-86.831780,W HAMILTON AVE,,,,199.00,Feet,East,HAROLD PREWETT DR,,,,0.00,N,Not at Intersection,N,Non-Junction,None,,,         ,William,Caillouette,Rain,Not Collision with Motor Vehicle in Transport,no,no,no,no,no,False
100730688,METROPOLITAN NASHVILLE POLICE DEPT,20150109464,Davidson,Nashville,2/1/2015 2:24:00 PM,1,0,0,36.286960,-86.782470,BRICK CHURCH PIKE,,,,0.00,,,QUAIL RIDGE DR,,,,0.00,Y,T-Intersection,N,Intersection,None,,,         ,Caleb,Foster,Rain,Not Collision with Motor Vehicle in Transport,no,no,no,no,no,False
100730691,METROPOLITAN NASHVILLE POLICE DEPT,2015-0107859,Davidson,Nashville,1/31/2015 10:10:00 PM,1,0,0,36.144970,-86.646410,I 40,,,,0.00,,,,,,,217.20,N,Not at Intersection,N,Non-Junction,None,,,         ,James,Tidwell,Clear,Not Collision with Motor Vehicle in Transport,no,no,no,no,no,False
100730697,METROPOLITAN NASHVILLE POLICE DEPT,20150109435,Davidson,Nashville,2/1/2015 1:45:00 PM,2,0,0,36.121160,-86.764550,I 440,,,,0.00,,,,,,,5.50,N,Not at Intersection, ,Non-Junction,None,,,         ,Thomas,West,Rain,Angle,no,no,no,no,no,False
100730709,METROPOLITAN NASHVILLE POLICE DEPT,20150109404,Davidson,Nashville,2/1/2015 1:30:00 PM,4,0,0,36.068620,-86.715120,HAYWOOD LN,,,,335.00,Feet,East,HOPEDALE DR,,,,0.00,N,Not at Intersection,N,Non-Junction,None,,,         ,Christopher,Hanor,Rain,Angle,no,no,no,no,no,False
100730710,METROPOLITAN NASHVILLE POLICE DEPT,20150109490,Davidson,Nashville,2/1/2015 2:46:00 PM,1,0,0,36.370080,-86.740510,US HWY 41,,,,57.00,Feet,West,KAYLA DR,,,,0.00,N,Not at Intersection, ,Non-Junction,None,,,         ,Ryan,Allen,Rain,Not Collision with Motor Vehicle in Transport,no,no,no,no,no,False
100730720,METROPOLITAN NASHVILLE POLICE DEPT,20150109499,Davidson,Nashville,2/1/2015 2:31:00 PM,2,0,0,36.216780,-86.623490,GRANWOOD BLVD,,,,0.00,Feet,,STATE HWY 45,,,,0.00,Y,Four-Way,N,Intersection-Related,None,,,         ,Stephen,Soule,Rain,Angle,no,no,no,no,yes,False
100730721,VANDERBILT UNIVERSITY POLICE,15-104490,Davidson,Nashville,1/30/2015 8:20:00 PM,2,0,0,36.143140,-86.803600,GARLAND AVE,,,,319.00,Feet,East,24TH AVE S,,,,0.00,N,Not at Intersection, ,,None,,,         ,Yasemine,Lomax,,,no,no,no,no,no,Campus
100730735,METROPOLITAN NASHVILLE POLICE DEPT,20150109622,Davidson,Nashville,2/1/2015 3:56:00 PM,2,0,0,36.063840,-86.629500,HAMILTON CHURCH RD,,,,455.00,Feet,South,US HWY 41,,,,0.00,N,Not at Intersection, ,"Driveway, Alley Access, etc",None,,,         ,Kevin,Keating,Rain,Angle,no,no,no,no,no,False
100730743,METROPOLITAN NASHVILLE POLICE DEPT,20150109524,Davidson,Nashville,2/1/2015 3:14:00 PM,2,1,0,36.120650,-86.765020,I 440,,,,0.00,,,,,,,5.50,N,Not at Intersection,N,Non-Junction,None,,,         ,Tien,Nguyen,Rain,Rear to Side,no,no,no,no,no,False
100730759,METROPOLITAN NASHVILLE POLICE DEPT,20150109477,Davidson,Not in City Limit,2/1/2015 1:15:00 PM,3,0,0,0.000000,0.000000,SAWYER BROWN RD,,,,0.00,Feet,,CHARLOTTE PK,,US,,0.00,Y,T-Intersection, ,Intersection,None,,,         ,Jeremy,Huffine,Rain,Front to Rear,no,no,no,no,no,False
100730760,METROPOLITAN NASHVILLE POLICE DEPT,20150109610,Davidson,Madison,2/1/2015 3:52:00 PM,1,1,0,36.256770,-86.676790,CHEYENNE BLVD,,,,371.00,Feet,South,MANZANO RD,,,,0.00,N,Not at Intersection,N,Non-Junction,None,,,         ,Carlos,Urrutia,Rain,Not Collision with Motor Vehicle in Transport,no,no,no,no,no,False
100730765,METROPOLITAN NASHVILLE POLICE DEPT,20150109689,Davidson,Nashville,2/1/2015 4:39:00 PM,2,1,0,36.088910,-86.702160,I 24,,,,0.00,,,,,,,55.50,N,Not at Intersection,N,Non-Junction,None,,,         ,Daniel,Cayton,Rain,"Sideswipe, Same Direction",no,no,no,no,no,False
100730771,METROPOLITAN NASHVILLE POLICE DEPT,20150109488,Davidson,Nashville,2/1/2015 2:30:00 PM,2,0,0,36.203120,-86.776860,I 65,,,,0.00,,,,,,,87.10,N,Not at Intersection, ,Non-Junction,None,,,         ,Ashton,Hill,Rain,"Sideswipe, Same Direction",no,no,no,no,yes,False
100730774,METROPOLITAN NASHVILLE POLICE DEPT,20150109686,Davidson,Nashville,2/1/2015 4:35:00 PM,1,0,0,36.077390,-86.657950,UNA ANTIOCH PIKE,,,,19.00,Feet,West,OKEE TRL,,,,0.00,N,Not at Intersection, ,Non-Junction,None,,,         ,John,Stanfield,Rain,Not Collision with Motor Vehicle in Transport,no,no,no,no,no,False
100730781,METROPOLITAN NASHVILLE POLICE DEPT,20150107805,Davidson,Nashville,2/1/2015 10:06:00 PM,1,0,0,36.031890,-86.640190,I 24,,,,0.00,,,,,,,60.85,N,Not at Intersection, ,Non-Junction,None,,,         ,David,Collins,Clear,Not Collision with Motor Vehicle in Transport,no,no,no,no,no,False
100730782,METROPOLITAN NASHVILLE POLICE DEPT,20150109492,Davidson,Nashville,2/1/2015 2:18:00 PM,2,0,0,36.106540,-86.673820,US HWY 41,,,,0.00,,,RAMP,,,,0.00,Y,Four-Way, ,Intersection,None,,,         ,Jonathan,Frith,Rain,Front to Rear,no,no,no,no,no,False
100730785,METROPOLITAN NASHVILLE POLICE DEPT,20150109734,Davidson,Madison,2/1/2015 4:15:00 PM,2,0,0,36.263090,-86.690500,E OLD HICKORY BLVD,,,,0.00,,,MYATT DR,,,,0.00,Y,Four-Way, ,Intersection,None,,,         ,Ryan,Sabel,Rain,Angle,no,no,no,no,no,False
100730787,METROPOLITAN NASHVILLE POLICE DEPT,20150109845,Davidson,Not in City Limit,2/1/2015 6:08:00 PM,1,0,0,36.265720,-86.833040,OLD HICKORY BLVD,,,,646.00,Feet,West,STATE HWY 45,,,,0.00,N,Not at Intersection,N,Non-Junction,None,,,         ,Joshua,Hausman,Rain,Not Collision with Motor Vehicle in Transport,no,no,no,no,no,False
100730788,METROPOLITAN NASHVILLE POLICE DEPT,20150109607,Davidson,Nashville,2/1/2015 3:50:00 PM,2,2,0,36.031900,-86.760260,CLOVERLAND DR,,,,0.00,,,CLOVERMEADE DR,,,,0.00,Y,T-Intersection,N,Non-Junction,None,,,         ,Miguel,Garcia,Rain,Front to Rear,no,no,no,no,no,False
100730789,METROPOLITAN NASHVILLE POLICE DEPT,20150109491,Davidson,Nashville,2/1/2015 2:45:00 PM,2,1,0,36.203580,-86.738480,GALLATIN PIKE,,,,0.00,,,E TRINITY LN,,,,0.00,Y,T-Intersection,N,Intersection,None,,,         ,Clinton,Schroeder,Rain,Angle,no,no,no,no,no,False
100730792,METROPOLITAN NASHVILLE POLICE DEPT,20150109852,Davidson,Nashville,2/1/2015 6:11:00 PM,1,1,0,36.115750,-86.772670,-- UNKNOWN RAMP/ROAD --,,,,0.00,Feet,East,I 65,,,,0.00,N,Not at Intersection,N,Entrance/Exit Ramp Related,None,,,         ,Tien,Nguyen,Clear,Not Collision with Motor Vehicle in Transport,no,no,no,no,no,False
100730796,METROPOLITAN NASHVILLE POLICE DEPT,20150109868,Davidson,Nashville,2/1/2015 6:19:00 PM,1,1,0,36.152400,-86.623910,BELL RD,,,,312.00,Feet,East,STEWARTS FERRY PIKE,,,,0.00,N,Not at Intersection,N,Non-Junction,None,,,         ,Thomas,Barnes,Rain,Not Collision with Motor Vehicle in Transport,no,no,no,no,no,False
100730801,METROPOLITAN NASHVILLE POLICE DEPT,20150109790,Davidson,Nashville,2/1/2015 5:23:00 PM,2,0,0,36.064760,-86.628450,HAMILTON CHURCH RD,,,,0.00,,,US HWY 41,,,,0.00,Y,Four-Way, ,Non-Junction,None,,,         ,David,Collins,Rain,Front to Rear,no,no,no,no,no,False
100730803,METROPOLITAN NASHVILLE POLICE DEPT,20150109597,Davidson,Nashville,2/1/2015 3:27:00 PM,2,0,0,36.211590,-86.732570,GALLATIN PIKE,,,,0.00,,,HART LN,,,,0.00,Y,Four-Way, ,Intersection-Related,None,,,         ,Robert,Croteau,Rain,Front to Rear,no,no,no,no,no,False