master_record_number,agency,agency_tracking_number,county,city,collision_date,vehicles_involved,number_injured,number_dead,latitude,longitude,roadway_name,roadway_suffix,roadway_number,roadway_local_id,distance_from_reference,miles-feet_indicator,direction_from_reference,intersection_road_name,intersection_road_name_suffix,intersection_road_number,intersection_local_id,mile_marker,intersection_indicator,intersect_type,interchange_related_indicator,relation_to_junction,work_zone_type,construction_maintenance_zone,construction_maintenance_zone_location,fatal_case_number,officer_first_name,officer_last_name,weather_condition(s),manner_of_crash,pedestrian,bicycle,scooter,parking,hitrun,mou
100730804,METROPOLITAN NASHVILLE POLICE DEPT,20150109796,Davidson,Nashville,2/1/2015 5:42:00 PM,2,0,0,36.025620,-86.713010,US HWY 31 ALT,,,,37.00,Feet,North,LENOX VILLAGE DR,,,,0.00,N,Not at Intersection, ,Non-Junction,None,,,         ,Kevin,Wiles,Rain,Front to Rear,no,no,no,no,no,False
100730812,METROPOLITAN NASHVILLE POLICE DEPT,20150109886,Davidson,Nashville,2/1/2015 6:30:00 PM,2,0,0,36.064760,-86.628450,HAMILTON CHURCH RD,,,,0.00,,,US HWY 41,,,,0.00,Y,Four-Way, ,Non-Junction,None,,,         ,Thomas,Odom,Rain,Angle,no,no,no,no,no,False
100730820,METROPOLITAN NASHVILLE POLICE DEPT,20150109803,Davidson,Nashville,2/1/2015 5:48:00 PM,2,1,0,36.078190,-86.695100,I 24,,,,0.00,,,,,,,56.35,N,Not at Intersection,N,Non-Junction,None,,,         ,Michael,Moss,Rain,Unknown,no,no,no,no,yes,False
100730824,METROPOLITAN NASHVILLE POLICE DEPT,20150109909,Davidson,Nashville,2/1/2015 12:00:00 AM,1,0,0,36.253300,-86.679310,ACADEMY RD,,,,0.00,,,SUTHERLAND DR,,,,0.00,Y,T-Intersection,N,Intersection,None,,,         ,Ryan,Allen,Rain,Unknown,no,no,no,yes,yes,False
100730826,METROPOLITAN NASHVILLE POLICE DEPT,20150109977,Davidson,Nashville,2/1/2015 7:25:00 PM,2,0,0,36.153130,-86.756010,I 40,,,,0.00,,,,,,,211.20,N,Not at Intersection,Y,Non-Junction,None,,,         ,James,Tidwell,Rain,"Sideswipe, Same Direction",no,no,no,no,no,False
100730827,METROPOLITAN NASHVILLE POLICE DEPT,20150110008,Davidson,Nashville,2/1/2015 7:27:00 PM,2,0,0,36.047080,-86.647990,MOUNT VIEW RD,,,,0.00,,,BELL FORGE LN E,,,,0.00,Y,Four-Way, ,Non-Junction,None,,,         ,Thomas,Odom,Rain,Angle,no,no,no,no,no,False
100730829,METROPOLITAN NASHVILLE POLICE DEPT,20150110003,Davidson,Nashville,2/1/2015 7:37:00 PM,2,0,0,36.089380,-86.642830,NASHBORO BLVD,,,,96.00,Feet,East,VILLAGE HILLS DR,,,,0.00,N,Not at Intersection, ,,None,,,         ,Brandon,Vance,,,no,no,no,no,no,False
100730831,METROPOLITAN NASHVILLE POLICE DEPT,20150109950,Davidson,Nashville,2/1/2015 7:08:00 PM,1,0,0,36.228150,-86.772920,I 65,,,,0.00,,,,,,,88.85,N,Not at Intersection,N,Non-Junction,Construction Zone,Work On Shoulder Or Median,Activity Area,         ,Rodney,Phipps,Rain,Not Collision with Motor Vehicle in Transport,no,no,no,no,no,False
100730834,METROPOLITAN NASHVILLE POLICE DEPT,20150109979,Davidson,Nashville,2/1/2015 7:27:00 PM,2,0,0,36.185720,-86.813950,SIMPKINS ST,,,,0.00,,,23RD AVE N,,,,0.00,Y,T-Intersection, ,,None,,,         ,Michael,Brooks,,,no,no,no,no,no,False
100730840,METROPOLITAN NASHVILLE POLICE DEPT,20150110013,Davidson,Nashville,2/1/2015 6:53:00 PM,1,0,0,36.081110,-86.715370,STATE HWY 255,,,,75.00,Feet,West,HUMBER DR,,,,0.00,N,Not at Intersection,N,Non-Junction,None,,,         ,Jacob,Masteller,Rain,Not Collision with Motor Vehicle in Transport,no,no,no,no,yes,False
100730846,METROPOLITAN NASHVILLE POLICE DEPT,20150110016,Davidson,Nashville,2/1/2015 5:44:00 PM,2,0,0,36.149040,-86.766840,US HWY 31 ALT,,,,0.00,,,CRENSHAW ST,,,,0.00,Y,T-Intersection, ,Non-Junction,None,,,         ,Daniel,Cayton,Rain,Angle,no,no,no,no,no,False
100730848,METROPOLITAN NASHVILLE POLICE DEPT,20150104106,Davidson,Nashville,1/31/2015 5:00:00 PM,2,0,0,36.174830,-86.789090,MADISON ST,,,,55.00,Feet,East,6TH AVE N,,,,0.00,N,Not at Intersection, ,Non-Junction,None,,,         ,Ashton,Hill,Clear,Front to Rear,no,no,no,no,yes,False
100730850,METROPOLITAN NASHVILLE POLICE DEPT,20150109828,Davidson,Nashville,2/1/2015 5:22:00 PM,2,1,0,36.083200,-86.688890,ANTIOCH PIKE,,,,80.00,Feet,North,RAMP,,,,0.00,N,Not at Intersection,N,Non-Junction,None,,,         ,Joseph,Progar,Rain,Front to Rear,no,no,no,no,no,False
100730875,METROPOLITAN NASHVILLE POLICE DEPT,20150109725,Davidson,Nashville,2/1/2015 4:55:00 PM,3,1,0,36.140990,-86.656960,I 40,,,,0.00,,,,,,,217.85,N,Not at Intersection,N,Non-Junction,None,,,         ,Michael,Apsey,Rain,Angle,no,no,no,no,yes,False
100730876,METROPOLITAN NASHVILLE POLICE DEPT,20150110111,Davidson,Nashville,2/1/2015 9:17:00 PM,1,1,0,36.245420,-86.779870,BRICK CHURCH PIKE,,,,319.00,Feet,South,CHESAPEAKE PL,,,,0.00,N,Not at Intersection,N,Non-Junction,None,,,         ,Ryan,Allen,Clear,Not Collision with Motor Vehicle in Transport,no,no,no,no,yes,False
100730877,METROPOLITAN NASHVILLE POLICE DEPT,20150110122,Davidson,Nashville,2/1/2015 9:22:00 PM,2,1,0,36.113060,-86.800010,STATE HWY 155,,,,0.00,,,BELMONT BLVD,,,,0.00,Y,Four-Way,N,Intersection-Related,None,,,         ,Tien,Nguyen,Clear,Front to Rear,no,no,no,no,no,False
100730880,METROPOLITAN NASHVILLE POLICE DEPT,20150110145,Davidson,Nashville,2/1/2015 9:35:00 PM,2,0,0,36.042340,-86.782250,I 65,,,,0.00,,,,,,,74.80,N,Not at Intersection, ,Non-Junction,None,,,         ,Miguel,Garcia,Rain,"Sideswipe, Same Direction",no,no,no,no,yes,False
100730886,METROPOLITAN NASHVILLE POLICE DEPT,20150110038,Davidson,Goodlettsville,2/1/2015 8:50:00 PM,2,0,0,36.295310,-86.697870,MYATT DR,,,,686.00,Feet,North,SPRING BRANCH DR,,,,0.00,N,Not at Intersection, ,Non-Junction,None,,,         ,Rodney,Phipps,Rain,Front to Rear,no,no,no,no,no,False
100730893,METROPOLITAN NASHVILLE POLICE DEPT,20150110207,Davidson,Nashville,2/1/2015 10:17:00 PM,2,1,0,36.168070,-86.607070,EXIT 221A,,,,0.00,,,I 40,,,,0.00,Y,T-Intersection,N,Entrance/Exit Ramp Related,None,,,         ,James,DeSantis,Rain,"Sideswipe, Same Direction",no,no,no,no,yes,False
100730895,METROPOLITAN NASHVILLE POLICE DEPT,20150110169,Davidson,Nashville,2/1/2015 9:31:00 PM,2,0,0,36.113060,-86.800010,STATE HWY 155,,,,0.00,,,BELMONT BLVD,,,,0.00,Y,Four-Way, ,Intersection-Related,None,,,         ,Tien,Nguyen,Clear,Front to Rear,no,no,no,no,no,False
100730897,METROPOLITAN NASHVILLE POLICE DEPT,20150110078,Davidson,Nashville,2/1/2015 8:49:00 PM,2,0,0,36.152140,-86.690480,RAMP,,,,14.00,Feet,East,ELM HILL PIKE,,,,0.00,N,Not at Intersection,N,Entrance/Exit Ramp Related,None,,,         ,Austin,Childress,Rain,Angle,no,no,no,no,no,False
100730917,METROPOLITAN NASHVILLE POLICE DEPT,20150110293,Davidson,Nashville,2/1/2015 10:05:00 PM,2,0,0,36.151950,-86.791400,DIVISION ST,,,,0.00,,,DEMONBREUN ST,,,,0.00,Y,Roundabout, ,Intersection,None,,,         ,Marc,Haugen,Rain,Angle,no,no,no,no,no,False
100730937,METROPOLITAN NASHVILLE POLICE DEPT,2015-0108078,Davidson,Nashville,1/31/2015 11:35:00 PM,1,2,0,36.115510,-86.725080,I 24,,,,0.00,,,,,,,53.25,N,Not at Intersection,N,Non-Junction,None,,,         ,Chase,Beck,Cloudy,Not Collision with Motor Vehicle in Transport,no,no,no,no,no,False
100730938,METROPOLITAN NASHVILLE POLICE DEPT,20150104734,Davidson,Not in City Limit,1/30/2015 10:05:00 PM,2,3,0,36.265710,-86.830850,STATE HWY 45,,,,0.00,,,US HWY 431,,,,0.00,Y,Four-Way,Y,Intersection,None,,,         ,Chad,Brown,Clear,HeadOn,no,no,no,no,no,False
100730941,METROPOLITAN NASHVILLE POLICE DEPT,20150110570,Davidson,Antioch,2/2/2015 1:20:00 AM,1,0,0,36.081500,-86.594570,SMITH SPRINGS RD,,,,289.00,Feet,East,PHILHALL PKWY,,,,0.00,N,Not at Intersection, ,Non-Junction,None,,,         ,Nicholas,Berens,Clear,Not Collision with Motor Vehicle in Transport,no,no,no,no,no,False
100730942,METROPOLITAN NASHVILLE POLICE DEPT,20150110336,Davidson,Nashville,2/1/2015 11:38:00 PM,2,1,0,36.149490,-86.857890,STATE HWY 155,,,,115.00,Feet,South,RAMP,,,,0.00,N,Not at Intersection,Y,Non-Junction,None,,,         ,Jeremy,Kidd,Rain,Angle,no,no,no,no,yes,False
100730943,METROPOLITAN NASHVILLE POLICE DEPT,2015-0110429,Davidson,Nashville,2/2/2015 12:43:00 AM,1,1,0,36.220550,-86.774120,I 24,,,,0.00,,,,,,,44.80,N,Not at Intersection,N,Non-Junction,Construction Zone,Other,Activity Area,         ,Michael,Agee,Rain,Not Collision with Motor Vehicle in Transport,no,no,no,no,no,False
100730945,METROPOLITAN NASHVILLE POLICE DEPT,20150110376,Davidson,Nashville,2/2/2015 12:05:00 AM,1,0,0,36.092760,-86.676580,STATE HWY 255,,,,150.00,Feet,West,BUSH RD,,,,0.00,N,Not at Intersection, ,Non-Junction,None,,,         ,Wallis,Massey,Rain,Not Collision with Motor Vehicle in Transport,no,no,no,no,no,False
100730947,METROPOLITAN NASHVILLE POLICE DEPT,20150110283,Davidson,Nashville,2/1/2015 10:10:00 PM,2,0,0,36.159410,-86.819960,29TH AVE N,,,,236.00,Feet,North,CLIFTON AVE,,,,0.00,N,Not at Intersection,N,Non-Junction,None,,,         ,Kevin,Frei,Cloudy,Front to Rear,no,no,no,yes,yes,False
100730951,METROPOLITAN NASHVILLE POLICE DEPT,20150108298,Davidson,Nashville,2/1/2015 12:30:00 AM,2,2,0,36.125630,-86.727850,I 24,,,,0.00,,,,,,,52.50,N,Not at Intersection,N,Non-Junction,None,,,         ,Justin,McCormick,Clear,Front to Rear,no,no,no,no,no,False
100730956,METROPOLITAN NASHVILLE POLICE DEPT,2015-0110297,Davidson,Madison,2/1/2015 10:57:00 PM,2,0,0,36.257310,-86.713610,HARRINGTON AVE,,,,0.00,,,,,,,0.00,,,N,Non-Junction,None,,,         ,George,Ward,Clear,Front to Rear,no,no,no,no,no,False
100730978,METROPOLITAN NASHVILLE POLICE DEPT,15-0110256,Davidson,Not in City Limit,2/1/2015 9:55:00 PM,2,0,0,36.262540,-86.679120,VANDIVER DR,,,,0.00,,,EAGAN CIR,,,,0.00,Y,Traffic Circle,N,Non-Junction,None,,,         ,Brian,Mclarty,Rain,Rear to Side,no,no,no,no,no,False
100730988,METROPOLITAN NASHVILLE POLICE DEPT,20150110644,Davidson,Nashville,2/2/2015 3:00:00 AM,1,1,0,36.079640,-86.655060,UNA ANTIOCH PIKE,,,,0.00,Feet,,COTTAGE HILL DR,,,,0.00,Y,T-Intersection,N,Intersection-Related,None,,,         ,Wallis,Massey,Rain,Not Collision with Motor Vehicle in Transport,no,no,no,no,no,False
100730996,METROPOLITAN NASHVILLE POLICE DEPT,2015-0109356,Davidson,Nashville,2/1/2015 12:23:00 PM,2,0,0,0.000000,0.000000,ANTIOCH,PIKE,,,50.00,Feet,North,PERIMETER,DR,,,0.00,N,Not at Intersection,N,Non-Junction,None,,,         ,John,Neely,Rain,Front to Rear,no,no,no,no,no,False
100731003,METROPOLITAN NASHVILLE POLICE DEPT,20150111065,Davidson,Nashville,2/2/2015 6:33:00 AM,2,0,0,36.089220,-86.615610,SMITH SPRINGS RD,,,,194.00,Feet,West,CASTLEGATE DR,,,,0.00,N,Not at Intersection, ,Non-Junction,None,,,         ,James,Curtis,Cloudy,Front to Rear,no,no,no,no,no,False
100731004,METROPOLITAN NASHVILLE POLICE DEPT,2015-0111089,Davidson,Nashville,2/2/2015 6:55:00 AM,2,0,0,36.078830,-86.885220,STATE HWY 100,,,,0.00,,,VAUGHNS GAP RD,,,,0.00,Y,T-Intersection,N,Intersection,None,,,         ,Curtis,Rich,Cloudy,Angle,no,no,no,no,no,False
100731012,METROPOLITAN NASHVILLE POLICE DEPT,20150111136,Davidson,Nashville,2/2/2015 7:25:00 AM,2,0,0,36.238220,-86.780850,STATE HWY 155,,,,0.00,,,EXIT 17,,,,0.00,Y,OTHER, ,Non-Junction,None,,,         ,Caleb,Foster,Cloudy,"Sideswipe, Same Direction",no,no,no,no,yes,False
100731021,METROPOLITAN NASHVILLE POLICE DEPT,20150111081,Davidson,Madison,2/2/2015 7:00:00 AM,2,0,0,36.263900,-86.690310,STATE HWY 45,,,,0.00,,,MYATT DR,,,,0.00,Y,Four-Way, ,Intersection,None,,,         ,David,Boone,Snow,Front to Rear,no,no,no,no,no,False
100731023,METROPOLITAN NASHVILLE POLICE DEPT,20150111139,Davidson,Nashville,2/2/2015 7:30:00 AM,2,0,0,36.039700,-86.649080,I 24,,,,0.00,,,,,,,60.10,N,Not at Intersection, ,Non-Junction,None,,,         ,Kenneth,Alexandrow,Cloudy,Front to Rear,no,no,no,no,no,False
100731034,METROPOLITAN NASHVILLE POLICE DEPT,20150109420,Davidson,Nashville,2/1/2015 1:35:00 PM,2,0,0,36.113960,-86.810730,STATE HWY 155,,,,0.00,,,US HWY 431,,,,0.00,Y,Four-Way, ,Intersection-Related,None,,,         ,Codey,Mullins,Rain,Front to Rear,no,no,no,no,no,False
100731035,METROPOLITAN NASHVILLE POLICE DEPT,20150111112,Davidson,Nashville,2/2/2015 7:15:00 AM,2,0,0,36.104720,-86.669300,US HWY 41,,,,183.00,Feet,East,REEDWOOD DR,,,,0.00,N,Not at Intersection, ,Non-Junction,None,,,         ,Johnathan,Carlisle,Cloudy,Front to Rear,no,no,no,no,yes,False
100731036,METROPOLITAN NASHVILLE POLICE DEPT,20150109455,Davidson,Nashville,2/2/2015 1:33:00 PM,2,0,0,36.226340,-86.603180,SHUTE LN,,,,0.00,Feet,,SAUNDERSVILLE RD,,,,0.00,Y,T-Intersection, ,Non-Junction,None,,,         ,Cassandra,Del Bosco,Rain,Front to Rear,no,no,no,no,no,False
100731038,METROPOLITAN NASHVILLE POLICE DEPT,15-0109337,Davidson,Nashville,2/1/2015 12:30:00 PM,2,0,0,36.114100,-86.812420,STATE HWY 155,,,,14.00,Feet,West,VALLEY BROOK RD,,,,0.00,N,Not at Intersection, ,,None,,,         ,Michael,Russell,,,no,no,no,no,no,False
100731039,METROPOLITAN NASHVILLE POLICE DEPT,20150111176,Davidson,Nashville,2/2/2015 7:40:00 AM,2,0,0,36.207870,-86.767630,US HWY 31W,,,,137.00,Feet,South,GRIZZARD AVE,,,,0.00,N,Not at Intersection, ,Non-Junction,None,,,         ,Michael,Watkins,Cloudy,Front to Rear,no,no,no,no,no,False
100731042,METROPOLITAN NASHVILLE POLICE DEPT,20150111092,Davidson,Nashville,2/2/2015 6:46:00 AM,2,0,0,36.054840,-86.728860,MCMURRAY DR,,,,339.00,Feet,East,HILSON RD,,,,0.00,N,Not at Intersection,N,Non-Junction,None,,,         ,Phillip,Murphy,Clear,Angle,no,no,no,no,no,False
100731046,METROPOLITAN NASHVILLE POLICE DEPT,20150109472,Davidson,Nashville,2/1/2015 2:28:00 PM,2,0,0,36.226340,-86.603180,SHUTE LN,,,,0.00,,,SAUNDERSVILLE RD,,,,0.00,Y,T-Intersection,N,Intersection,None,,,         ,Cassandra,Del Bosco,Rain,Front to Rear,no,no,no,no,yes,False
100731053,METROPOLITAN NASHVILLE POLICE DEPT,20150109453,Davidson,Nashville,2/1/2015 2:10:00 PM,1,0,0,36.174120,-86.689700,STATE HWY 155,,,,736.00,Feet,North,CRESTLINE DR,,,,0.00,N,Not at Intersection,N,Non-Junction,None,,,         ,Jason,Smith,Rain,Not Collision with Motor Vehicle in Transport,no,no,no,no,no,False
100731056,METROPOLITAN NASHVILLE POLICE DEPT,2015-0111207,Davidson,Nashville,2/2/2015 7:50:00 AM,3,0,0,36.198200,-86.776360,I 65,,,,0.00,,,,,,,86.75,N,Not at Intersection, ,Non-Junction,None,,,         ,Charles,Kaster,Snow,Front to Rear,no,no,no,no,no,False
100731057,METROPOLITAN NASHVILLE POLICE DEPT,20150111168,Davidson,Antioch,2/2/2015 7:40:00 AM,2,0,0,36.054260,-86.618980,MOUNT VIEW,RD,,,0.00,,,MURFREESBORO,PIKE,SR,,0.00,Y,Four-Way, ,Non-Junction,None,,,         ,Jacob,Halouska,Cloudy,Angle,no,no,no,no,no,False
100731066,METROPOLITAN NASHVILLE POLICE DEPT,2015-0111111,Davidson,Nashville,2/2/2015 7:10:00 AM,1,0,0,36.044720,-86.674810,BLUE HOLE RD,,,,390.00,Feet,South,STATE HWY 254,,,,0.00,N,Not at Intersection,N,Non-Junction,None,,,         ,William,Whitworth,Cloudy,Not Collision with Motor Vehicle in Transport,no,no,no,no,no,False
100731068,METROPOLITAN NASHVILLE POLICE DEPT,2015-0111283,Davidson,Antioch,2/2/2015 8:00:00 AM,2,0,0,36.012880,-86.618700,I 24,,,,0.00,,,,,,,62.70,N,Not at Intersection, ,Entrance/Exit Ramp Related,None,,,         ,William,Whitworth,Cloudy,Front to Rear,no,no,no,no,no,False
100731069,METROPOLITAN NASHVILLE POLICE DEPT,2015-0111226,Davidson,Nashville,2/2/2015 7:59:00 AM,2,0,0,36.079520,-86.714490,WALLACE RD,,,,0.00,,,HUMBER DR,,,,0.00,Y,Four-Way,N,Intersection,None,,,         ,Stanley,Collins,Clear,Angle,no,no,no,no,no,False
100731074,METROPOLITAN NASHVILLE POLICE DEPT,2015-0111440,Davidson,Nashville,2/2/2015 9:20:00 AM,2,0,0,36.074030,-86.923310,OLD HARDING PIKE,,,,0.00,,,US HWY 70S,,,,0.00,Y,T-Intersection, ,Intersection,None,,,         ,Curtis,Rich,Cloudy,Angle,no,no,no,no,no,False
100731084,METROPOLITAN NASHVILLE POLICE DEPT,20150111509,Davidson,Nashville,2/2/2015 12:00:00 AM,2,0,0,36.215760,-86.844670,TIMOTHY DR,,,,336.00,Feet,East,KINGS LN,,,,0.00,N,Not at Intersection,N,Non-Junction,None,,,         ,Michael,Parman,Unknown,Unknown,no,no,no,yes,yes,False
100731085,METROPOLITAN NASHVILLE POLICE DEPT,2015-0103286,Davidson,Nashville,1/30/2015 1:52:00 PM,2,0,0,36.044770,-86.661510,STATE HWY 254,,,,0.00,,,CANE RIDGE RD,,,,0.00,Y,Four-Way, ,Intersection,None,,,         ,William,Whitworth,Clear,"Sideswipe, Same Direction",no,no,no,no,no,False
100731097,METROPOLITAN NASHVILLE POLICE DEPT,2015-0111116,Davidson,Nashville,2/2/2015 7:15:00 AM,2,0,0,36.178320,-86.772150,MERIDIAN ST,,,,0.00,,,US HWY 31W,,,,0.00,Y,T-Intersection, ,Intersection,None,,,         ,Coleman,Womack,Cloudy,Front to Rear,no,no,no,no,no,False
100731102,METROPOLITAN NASHVILLE POLICE DEPT,2015-111510,Davidson,Nashville,2/2/2015 9:45:00 AM,2,1,0,36.159900,-86.773870,2ND AVE S,,,,0.00,,,DEMONBREUN ST,,,,0.00,Y,Four-Way,N,Intersection,Construction Zone,Other,Activity Area,         ,Charles,Coe,Cloudy,Angle,no,no,no,no,no,False
100731110,METROPOLITAN NASHVILLE POLICE DEPT,20150111586,Davidson,Nashville,2/2/2015 10:14:00 AM,2,0,0,36.143820,-86.700670,I 40,,,,0.00,,,,,,,214.70,N,Not at Intersection,N,Non-Junction,None,,,         ,James,Curtis,Cloudy,"Sideswipe, Same Direction",no,no,no,no,yes,False
100731112,METROPOLITAN NASHVILLE POLICE DEPT,20150111747,Davidson,Nashville,2/2/2015 11:17:00 AM,2,0,0,36.158640,-86.792160,US HWY 70,,,,100.00,Feet,South,EXIT 209B,,,,0.00,N,Not at Intersection, ,Non-Junction,None,,,         ,Nathan,Kemp,Clear,"Sideswipe, Same Direction",no,no,no,no,no,False
100731127,METROPOLITAN NASHVILLE POLICE DEPT,2015-0102618,Davidson,Nashville,1/30/2015 9:38:00 AM,1,0,0,36.163620,-86.762180,I 24,,,,0.00,,,,,,,49.20,N,Not at Intersection,Y,Non-Junction,None,,,         ,Coleman,Womack,Clear,Not Collision with Motor Vehicle in Transport,no,no,no,no,yes,False
100731129,METROPOLITAN NASHVILLE POLICE DEPT,2015-0111831,Davidson,Nashville,2/2/2015 12:00:00 PM,1,1,0,36.154150,-86.885010,AMERICAN RD,,,,207.00,Feet,East,BASSWOOD AVE,,,,0.00,N,Not at Intersection,N,Non-Junction,None,,,         ,Curtis,Rich,Cloudy,Not Collision with Motor Vehicle in Transport,no,no,no,no,no,False
100731135,METROPOLITAN NASHVILLE POLICE DEPT,2015-0112006,Davidson,Nashville,1/30/2015 9:45:00 AM,1,1,0,36.180950,-86.773880,N 1ST ST,,,,0.00,,,US HWY 31W,,,,0.00,Y,Unknown,N,Crossover-Related,None,,,         ,Coleman,Womack,Clear,Not Collision with Motor Vehicle in Transport,no,no,no,no,no,False
100731144,METROPOLITAN NASHVILLE POLICE DEPT,20150111793,Davidson,Nashville,2/2/2015 11:09:00 AM,2,0,0,36.044770,-86.661510,STATE HWY 254,,,,0.00,,,CANE RIDGE RD,,,,0.00,Y,Four-Way, ,Non-Junction,None,,,         ,Kenneth,Alexandrow,Cloudy,"Sideswipe, Same Direction",no,no,no,no,no,False
100731153,METROPOLITAN NASHVILLE POLICE DEPT,2015-0112039,Davidson,Nashville,2/2/2015 1:10:00 PM,2,0,0,36.149230,-86.857890,STATE HWY 155,,,,210.00,Feet,South,US HWY 70,,,,0.00,N,Not at Intersection,N,Non-Junction,None,,,         ,Curtis,Rich,Cloudy,Angle,no,no,no,no,no,False
100731163,METROPOLITAN NASHVILLE POLICE DEPT,20150111960,Davidson,Not in City Limit,2/2/2015 12:40:00 PM,1,0,0,36.075800,-86.945740,SAWYER BROWN RD,,,,232.00,Feet,South,RAMP,,,,0.00,N,Not at Intersection, ,,None,,,         ,Jack,Crouch,,,no,no,no,no,no,False
100731173,METROPOLITAN NASHVILLE POLICE DEPT,20150112059,Davidson,Nashville,2/2/2015 1:02:00 PM,2,0,0,36.129830,-86.718450,FOOTHILL DR,,,,0.00,,,HAVENHILL DR,,,,0.00,Y,T-Intersection, ,Intersection,None,,,         ,Brian,Lamb,Clear,Angle,no,no,no,no,no,False
100731177,METROPOLITAN NASHVILLE POLICE DEPT,20150112114,Davidson,Nashville,2/2/2015 1:45:00 PM,1,1,0,36.043670,-86.607300,US HWY 41,,,,0.00,,,RAMP,,,,0.00,Y,Four-Way,N,Non-Junction,None,,,         ,Kenneth,Alexandrow,Cloudy,Not Collision with Motor Vehicle in Transport,no,no,no,no,no,False
100731196,METROPOLITAN NASHVILLE POLICE DEPT,2015-0109569,Davidson,Nashville,2/1/2015 3:37:00 PM,1,1,0,36.074670,-86.920270,US HWY 70S,,,,200.00,Feet,East,STATE HWY 251,,,,0.00,N,Not at Intersection,N,Non-Junction,None,,,         ,Michael,Rogers,Rain,Not Collision with Motor Vehicle in Transport,no,no,no,no,yes,False
100731199,METROPOLITAN NASHVILLE POLICE DEPT,20150112253,Davidson,Nashville,2/2/2015 2:54:00 PM,1,0,0,36.167890,-86.783080,GAY ST,,,,28.00,Feet,East,5TH AVE N,,,,0.00,N,Not at Intersection, ,Non-Junction,None,,,         ,Pedro,Rivera Chaparro,Clear,Not Collision with Motor Vehicle in Transport,no,no,no,no,no,False
100731216,METROPOLITAN NASHVILLE POLICE DEPT,20150112229,Davidson,Nashville,2/2/2015 1:33:00 PM,2,0,0,0.000000,0.000000,CHARLOTTE PK,,,,30.00,Feet,West,OLD CHARLOTTE PK,,,,0.00,N,Not at Intersection, ,Non-Junction,None,,,         ,Jeremy,Huffine,Clear,"Sideswipe, Same Direction",no,no,no,no,yes,False
100731226,METROPOLITAN NASHVILLE POLICE DEPT,2015112181,Davidson,Not in City Limit,2/2/2015 2:00:00 PM,1,0,0,36.312760,-86.863280,US HWY 431,,,,442.00,Feet,East,OLD CLARKSVILLE PIKE,,,,0.00,N,Not at Intersection,N,Non-Junction,None,,,         ,Alan,Jordan,Cloudy,Not Collision with Motor Vehicle in Transport,no,no,no,no,no,False
100731233,METROPOLITAN NASHVILLE POLICE DEPT,20150112427,Davidson,Nashville,2/2/2015 3:53:00 PM,2,0,0,36.104050,-86.741710,MCIVER ST,,,,0.00,,,SUNRISE AVE,,,,0.00,Y,Four-Way,N,Intersection,None,,,         ,Lukas,Cantrell,Clear,Front to Rear,no,no,no,no,no,False
100731240,METROPOLITAN NASHVILLE POLICE DEPT,20150112388,Davidson,Nashville,2/2/2015 3:39:00 PM,2,1,0,36.046480,-86.657440,STATE HWY 254,,,,227.00,Feet,East,COLLINS PARK DR,,,,0.00,N,Not at Intersection,N,Non-Junction,None,,,         ,Oscar,Gomez,Cloudy,Front to Rear,no,no,no,no,no,False
100731241,METROPOLITAN NASHVILLE POLICE DEPT,20150103716,Davidson,Nashville,1/30/2015 3:25:00 PM,3,0,0,36.169700,-86.805650,JEFFERSON ST,,,,297.00,Feet,East,DR DB TODD JR BLVD,,,,0.00,N,Not at Intersection, ,Non-Junction,None,,,         ,Ashton,Hill,Clear,Front to Rear,no,no,no,no,no,False
100731242,METROPOLITAN NASHVILLE POLICE DEPT,20150112350,Davidson,Nashville,2/2/2015 2:50:00 PM,2,0,0,36.166450,-86.765890,INTERSTATE DR,,,,89.00,Feet,North,SHELBY AVE,,,,0.00,N,Not at Intersection, ,,None,,,         ,Tyler,Hutton,,,no,no,no,no,no,False
100731270,METROPOLITAN NASHVILLE POLICE DEPT,20150112274,Davidson,Nashville,2/2/2015 3:00:00 PM,2,0,0,36.205410,-86.776370,I 65,,,,0.00,,,,,,,87.25,N,Not at Intersection, ,,Construction Zone,,,         ,Justin,Coyle,,,no,no,no,no,no,False
100731271,METROPOLITAN NASHVILLE POLICE DEPT,20150112491,Davidson,Nashville,2/2/2015 4:14:00 PM,2,0,0,36.139520,-86.700160,STATE HWY 155,,,,0.00,,,KAREN DR,,,,0.00,Y,Four-Way, ,Non-Junction,None,,,         ,Michael,Apsey,Cloudy,Front to Rear,no,no,no,no,no,False
100731280,METROPOLITAN NASHVILLE POLICE DEPT,20150112525,Davidson,Nashville,2/2/2015 4:30:00 PM,2,0,0,36.060070,-86.716500,US HWY 31 ALT,,,,0.00,,,STRASSER DR,,,,0.00,Y,OTHER,N,Intersection,None,,,         ,Eric,Burford,Clear,Angle,no,no,no,no,no,False
100731282,METROPOLITAN NASHVILLE POLICE DEPT,20150112464,Davidson,Nashville,2/2/2015 4:04:00 PM,2,0,0,36.202630,-86.820320,BUENA VISTA PIKE,,,,0.00,,,W TRINITY LN,,,,0.00,Y,T-Intersection,N,Intersection-Related,None,,,         ,Kenneth,Oneal,Clear,Front to Rear,no,no,no,no,no,False
100731284,METROPOLITAN NASHVILLE POLICE DEPT,2015-0112725,Davidson,Nashville,2/2/2015 5:30:00 PM,1,0,0,0.000000,0.000000,NEVADA,AVE,,,15.00,Feet,North,NEVADA,AVE,,,0.00,N,Not at Intersection, ,Non-Junction,None,,,         ,Christopher,Clark,Clear,Not Collision with Motor Vehicle in Transport,no,no,no,yes,no,False