master_record_number,agency,agency_tracking_number,county,city,collision_date,vehicles_involved,number_injured,number_dead,latitude,longitude,roadway_name,roadway_suffix,roadway_number,roadway_local_id,distance_from_reference,miles-feet_indicator,direction_from_reference,intersection_road_name,intersection_road_name_suffix,intersection_road_number,intersection_local_id,mile_marker,intersection_indicator,intersect_type,interchange_related_indicator,relation_to_junction,work_zone_type,construction_maintenance_zone,construction_maintenance_zone_location,fatal_case_number,officer_first_name,officer_last_name,weather_condition(s),manner_of_crash,pedestrian,bicycle,scooter,parking,hitrun,mou
100731286,METROPOLITAN NASHVILLE POLICE DEPT,20150112628,Davidson,Not in City Limit,2/2/2015 2:45:00 PM,2,0,0,36.134770,-86.930420,RIVER RD,,,,0.00,,,STATE HWY 251,,,,0.00,Y,Y-Intersection, ,Non-Junction,None,,,         ,Alex,Lampley,Clear,Front to Rear,no,no,no,no,no,False
100731287,METROPOLITAN NASHVILLE POLICE DEPT,20150104012,Davidson,Nashville,1/30/2015 4:50:00 PM,2,0,0,36.221630,-86.761320,HART LN,,,,100.00,Feet,East,US HWY 31W,,,,0.00,N,Not at Intersection,N,Non-Junction,None,,,         ,Paul,Stein,Cloudy,Rear to Side,no,no,no,no,no,False
100731289,METROPOLITAN NASHVILLE POLICE DEPT,20150112629,Davidson,Nashville,2/2/2015 5:02:00 PM,2,0,0,36.162760,-86.781490,6TH AVE N,,,,56.00,Feet,North,CHURCH ST,,,,0.00,N,Not at Intersection, ,Non-Junction,None,,,         ,Pedro,Rivera Chaparro,Clear,HeadOn,no,no,no,no,no,False
100731300,METROPOLITAN NASHVILLE POLICE DEPT,20150112884,Davidson,Nashville,2/2/2015 6:45:00 PM,2,0,0,36.165870,-86.787580,GAY ST,,,,65.00,Feet,West,JAMES ROBERTSON PKWY,,,,0.00,N,Not at Intersection, ,Non-Junction,None,,,         ,Pedro,Rivera Chaparro,Clear,Front to Rear,no,no,no,no,no,False
100731302,METROPOLITAN NASHVILLE POLICE DEPT,2015-0112771,Davidson,Goodlettsville,2/2/2015 5:40:00 PM,2,1,0,36.302750,-86.691810,US HWY 31E,,,,0.00,,,CONFERENCE DR,,,,0.00,Y,Four-Way,N,Intersection,None,,,         ,James,Caruth,Clear,Angle,no,no,no,no,no,False
100731305,METROPOLITAN NASHVILLE POLICE DEPT,20150112927,Davidson,Nashville,2/2/2015 6:27:00 PM,1,1,0,36.117930,-86.700390,RAMP,,,,0.00,,,STATE HWY 155,,,,0.00,Y,T-Intersection,N,Non-Junction,None,,,         ,Daniel,Cayton,Clear,Not Collision with Motor Vehicle in Transport,no,no,no,no,no,False
100731310,GOODLETTSVILLE POLICE DEPT,15-04427,Davidson,Goodlettsville,2/2/2015 5:38:00 PM,2,1,0,36.326280,-86.700490,STATE HWY 174,,,,0.00,,,NORTHCREEK BLVD,,,,0.00,Y,T-Intersection,Y,Non-Junction,None,,,         ,George,Forbes,Clear,Angle,no,no,no,no,no,False
100731315,METROPOLITAN NASHVILLE POLICE DEPT,20150112751,Davidson,Nashville,2/2/2015 5:35:00 PM,3,0,0,36.205850,-86.768570,E TRINITY LN,,,,0.00,,,US HWY 31W,,,,0.00,Y,Four-Way,N,Intersection-Related,None,,,         ,Terence,Maahs,Clear,"Sideswipe, Same Direction",no,no,no,no,no,False
100731318,METROPOLITAN NASHVILLE POLICE DEPT,20150112940,Davidson,Nashville,2/2/2015 6:44:00 PM,2,0,0,36.169100,-86.682010,US HWY 70,,,,132.00,Feet,East,FAIRWAY DR,,,,0.00,N,Not at Intersection,N,Non-Junction,None,,,         ,Leslie,Hale,Clear,Front to Rear,no,no,no,yes,yes,False
100731322,METROPOLITAN NASHVILLE POLICE DEPT,20150106433,Davidson,Nashville,1/31/2015 11:30:00 AM,2,0,0,36.177670,-86.795580,DELTA AVE,,,,0.00,,,CHEATHAM PL,,,,0.00,Y,Four-Way, ,Intersection,None,,,         ,Joseph,Cadden,Clear,Angle,no,no,no,no,no,False
100731324,METROPOLITAN NASHVILLE POLICE DEPT,20150112779,Davidson,Nashville,2/2/2015 5:45:00 PM,1,0,0,36.216870,-86.810520,MOORMANS ARM RD,,,,158.00,Feet,West,WALKER LN,,,,0.00,N,Not at Intersection,N,Non-Junction,None,,,         ,Kenneth,Oneal,Clear,Not Collision with Motor Vehicle in Transport,no,no,no,no,no,False
100731334,METROPOLITAN NASHVILLE POLICE DEPT,20150112933,Davidson,Nashville,2/2/2015 6:38:00 PM,2,0,0,36.134940,-86.704760,MASSMAN DR,,,,0.00,,,PATRICIA DR,,,,0.00,Y,Four-Way,N,Intersection,None,,,         ,Jared,Ester,Clear,Angle,no,no,no,no,yes,False
100731335,METROPOLITAN NASHVILLE POLICE DEPT,2015-0112744,Davidson,Madison,2/2/2015 5:30:00 PM,2,1,0,36.264430,-86.732240,STATE HWY 45,,,,0.00,,,S GRAYCROFT AVE,,,,0.00,Y,Four-Way,N,Intersection-Related,None,,,         ,Sandra,Talavera,Cloudy,Front to Rear,no,no,no,no,no,False
100731337,METROPOLITAN NASHVILLE POLICE DEPT,2015-0112862,Davidson,Not in City Limit,2/2/2015 6:18:00 PM,1,0,0,36.054110,-86.987580,MCCRORY LN,,,,242.00,Feet,East,RUSSELL RD,,,,0.00,N,Not at Intersection,N,Non-Junction,None,,,         ,Michael,Rogers,Clear,Not Collision with Motor Vehicle in Transport,no,no,no,no,no,False
100731338,METROPOLITAN NASHVILLE POLICE DEPT,2015112605,Davidson,Nashville,2/2/2015 4:51:00 PM,2,0,0,36.173280,-86.773920,N 1ST ST,,,,400.00,Feet,South,OLDHAM ST,,,,0.00,N,Not at Intersection, ,Non-Junction,None,,,         ,Michael,Schlegel,Clear,"Sideswipe, Same Direction",no,no,no,no,no,False
100731344,METROPOLITAN NASHVILLE POLICE DEPT,20150112441,Davidson,Nashville,2/2/2015 3:49:00 PM,2,1,0,36.070210,-86.684810,HAYWOOD LN,,,,88.00,Feet,West,ANTIOCH PIKE,,,,0.00,N,Not at Intersection,N,Non-Junction,None,,,         ,John,Stanfield,Cloudy,Front to Rear,no,no,no,no,no,False
100731346,METROPOLITAN NASHVILLE POLICE DEPT,20150112580,Davidson,Nashville,2/2/2015 4:41:00 PM,4,1,0,36.136630,-86.892150,I 40,,,,0.00,,,,,,,201.65,N,Not at Intersection,N,Non-Junction,None,,,         ,Adam,Reese,Clear,Angle,no,no,no,no,no,False
100731350,METROPOLITAN NASHVILLE POLICE DEPT,20150112707,Davidson,Nashville,2/2/2015 5:31:00 PM,2,1,0,36.276890,-86.751620,US HWY 31W,,,,299.00,Feet,South,HUNTERS LN,,,,0.00,N,Not at Intersection,N,Non-Junction,None,,,         ,Byron,Dewalt,Clear,Front to Rear,no,no,no,no,no,False
100731363,METROPOLITAN NASHVILLE POLICE DEPT,20150113082,Davidson,Nashville,2/2/2015 8:06:00 PM,2,0,0,36.226110,-86.774210,I 65,,,,0.00,,,,,,,88.70,N,Not at Intersection,N,Non-Junction,Construction Zone,,,         ,Ryan,Stanford,Clear,"Sideswipe, Same Direction",no,no,no,no,yes,False
100731367,METROPOLITAN NASHVILLE POLICE DEPT,20150112372,Davidson,Nashville,2/2/2015 2:25:00 PM,2,0,0,36.155640,-86.789710,14TH AVE,,,,0.00,,,US HWY 70,,,,0.00,Y,Four-Way, ,,,,,         ,Charles,Griffin,,,no,no,no,no,no,False
100731370,METROPOLITAN NASHVILLE POLICE DEPT,20150110079,Davidson,Nashville,2/1/2015 12:00:00 AM,2,2,0,36.230780,-86.749670,BROADMOOR DR,,,,0.00,,,-- UNKNOWN RAMP/ROAD --,,,,0.00,Y,Unknown,Y,Entrance/Exit Ramp Related,None,,,         ,Paul,Stein,Rain,Front to Rear,no,no,no,no,yes,False
100731371,METROPOLITAN NASHVILLE POLICE DEPT,20150100356,Davidson,Nashville,1/29/2015 5:45:00 PM,2,0,0,36.154770,-86.779420,US HWY 41,,,,0.00,,,US HWY 31,,,,0.00,Y,Roundabout, ,,None,,,         ,Michael,Douglas,,,no,no,no,no,no,False
100731378,METROPOLITAN NASHVILLE POLICE DEPT,20150113262,Davidson,Nashville,2/2/2015 9:09:00 PM,2,0,0,36.106210,-86.673020,US HWY 41,,,,0.00,,,STATE HWY 255,,,,0.00,Y,Four-Way, ,Intersection,None,,,         ,Michael,Apsey,Cloudy,Angle,no,no,no,no,no,False
100731379,METROPOLITAN NASHVILLE POLICE DEPT,20150112765,Davidson,Nashville,2/2/2015 4:55:00 PM,2,0,0,36.079240,-86.643680,US HWY 41,,,,0.00,,,,,,,0.00,,,N,Non-Junction,None,,,         ,Timothy,Mead,Cloudy,Rear to Rear,no,no,no,yes,yes,False
100731382,METROPOLITAN NASHVILLE POLICE DEPT,20150113239,Davidson,Nashville,2/2/2015 9:00:00 PM,3,2,0,36.086910,-86.730230,US HWY 31 ALT,,,,0.00,Feet,,ELYSIAN FIELDS CT,,,,0.00,Y,Four-Way,N,Intersection-Related,None,,,         ,Miguel,Garcia,Clear,Front to Rear,no,no,no,no,no,False
100731384,METROPOLITAN NASHVILLE POLICE DEPT,20150113278,Davidson,Nashville,2/2/2015 9:16:00 PM,2,0,0,36.074470,-86.920910,STATE HWY 251,,,,0.00,,,US HWY 70S,,,,0.00,Y,Four-Way, ,,None,,,         ,Adam,Reese,,,no,no,no,no,no,False
100731391,METROPOLITAN NASHVILLE POLICE DEPT,20150112545,Davidson,Nashville,2/2/2015 4:25:00 PM,2,1,0,36.212840,-86.748400,US HWY 31E,,,,551.00,Feet,North,CONNECTING ROAD,,,,0.00,N,Not at Intersection,N,Non-Junction,None,,,         ,Darryl,Williams,Clear,Front to Rear,no,no,no,no,yes,False
100731398,METROPOLITAN NASHVILLE POLICE DEPT,20150112612,Davidson,Nashville,2/2/2015 4:55:00 PM,3,4,0,36.083670,-86.647200,US HWY 41,,,,0.00,,,BROOKSBORO TER,,,,0.00,Y,Four-Way,N,Intersection,None,,,         ,Oscar,Gomez,Cloudy,HeadOn,no,no,no,no,no,False
100731401,METROPOLITAN NASHVILLE POLICE DEPT,20150113177,Davidson,Nashville,2/2/2015 8:39:00 PM,2,2,0,36.236980,-86.790980,EXIT 18B,,,,0.00,,,STATE HWY 155,,,,0.00,Y,Unknown,N,Non-Junction,None,,,         ,James,Wray,Clear,Front to Rear,no,no,no,no,no,False
100731406,METROPOLITAN NASHVILLE POLICE DEPT,20150113441,Davidson,Nashville,2/2/2015 10:20:00 PM,2,0,0,36.144270,-86.695220,I 40,,,,0.00,,,,,,,215.00,N,Not at Intersection,N,Non-Junction,None,,,         ,John,Joyce,Clear,"Sideswipe, Same Direction",no,no,no,no,yes,False
100731413,METROPOLITAN NASHVILLE POLICE DEPT,20150113616,Davidson,Nashville,2/2/2015 11:30:00 PM,1,1,0,36.174410,-86.770710,EXIT 48,,,,0.00,,East,I 24,,,,0.00,N,Not at Intersection,N,Non-Junction,None,,,         ,Matthew,Bajt,Clear,Not Collision with Motor Vehicle in Transport,no,no,no,no,no,False
100731418,METROPOLITAN NASHVILLE POLICE DEPT,20150113733,Davidson,Nashville,2/3/2015 12:15:00 AM,2,2,0,36.166220,-86.765790,EXIT 49,,,,0.00,,,I 24,,,,0.00,Y,Four-Way,Y,Intersection-Related,None,,,         ,Douglas,Sykes,Clear,HeadOn,no,no,no,no,no,False
100731430,METROPOLITAN NASHVILLE POLICE DEPT,20150108222,Davidson,Nashville,2/1/2015 12:29:00 AM,2,2,0,36.124240,-86.727740,I 24,,,,0.00,,,,,,,52.60,N,Not at Intersection,N,Non-Junction,None,,,         ,Wallis,Massey,Clear,Front to Rear,no,no,no,no,no,False
100731445,METROPOLITAN NASHVILLE POLICE DEPT,2015-0107926,Davidson,Nashville,1/31/2015 10:50:00 PM,2,0,0,36.060090,-86.741060,ELLINGTON CIR,,,,0.00,,,EDMONDSON PIKE,,,,0.00,Y,T-Intersection,N,Non-Junction,None,,,         ,David,Barras,Clear,Front to Rear,no,no,no,no,yes,False
100731447,METROPOLITAN NASHVILLE POLICE DEPT,20150114177,Davidson,Nashville,2/3/2015 3:21:00 AM,2,0,0,36.144070,-86.799830,EDGEHILL AVE,,,,0.00,,,US HWY 431,,,,0.00,Y,T-Intersection, ,Intersection-Related,None,,,         ,Harris,Smith,Clear,"Sideswipe, Same Direction",no,no,no,no,yes,Campus
100731450,METROPOLITAN NASHVILLE POLICE DEPT,20150108460,Davidson,Nashville,1/31/2015 11:59:00 PM,2,0,0,36.248020,-86.720320,DUE WEST AVE E,,,,0.00,,,US HWY 31E,,,,0.00,Y,Four-Way,N,Non-Junction,None,,,         ,Craig,Amabile,Clear,Front to Rear,no,no,no,no,yes,False
100731454,METROPOLITAN NASHVILLE POLICE DEPT,2015-0114521,Davidson,Nashville,2/3/2015 6:00:00 AM,2,0,0,36.153010,-86.857550,STATE HWY 155,,,,0.00,,,I 40,,,,0.00,Y,T-Intersection, ,Intersection,None,,,         ,Curtis,Rich,Clear,Angle,no,no,no,no,no,False
100731460,METROPOLITAN NASHVILLE POLICE DEPT,20150114568,Davidson,Nashville,2/3/2015 6:35:00 AM,2,0,0,36.200690,-86.618250,US HWY 70,,,,151.00,Feet,North,HERMITAGE RD,,,,0.00,N,Not at Intersection,N,Non-Junction,None,,,         ,James,Curtis,Clear,Front to Rear,no,no,no,no,no,False
100731478,METROPOLITAN NASHVILLE POLICE DEPT,20150114574,Davidson,Nashville,2/3/2015 6:53:00 AM,2,0,0,36.227060,-86.778550,I 24,,,,0.00,,,,,,,44.65,N,Not at Intersection, ,Entrance/Exit Ramp Related,Construction Zone,,,         ,Michael,McCord,Clear,"Sideswipe, Same Direction",no,no,no,no,yes,False
100731487,METROPOLITAN NASHVILLE POLICE DEPT,2015-0114663,Davidson,Nashville,2/3/2015 7:40:00 AM,3,0,0,36.134110,-86.895050,US HWY 70,,,,0.00,Feet,East,I 40,,,,0.00,N,Not at Intersection,N,Non-Junction,None,,,         ,Curtis,Rich,Clear,Front to Rear,no,no,no,no,no,False
100731492,METROPOLITAN NASHVILLE POLICE DEPT,20150112210,Davidson,Antioch,2/3/2015 2:20:00 PM,2,0,0,36.025380,-86.615850,STATE HWY 171,,,,2017.00,Feet,South,LOGISTICS WAY,,,,0.00,N,Not at Intersection, ,,None,,,         ,John,Wheeler,,,no,no,no,no,no,False
100731495,METROPOLITAN NASHVILLE POLICE DEPT,2015-0114678,Davidson,Nashville,2/3/2015 7:25:00 AM,2,1,0,36.093590,-87.023560,US HWY 70,,,,0.00,Feet,,OLD CHARLOTTE PIKE,,,,0.00,Y,T-Intersection,N,Intersection,None,,,         ,Benjamin,Cantrell,Clear,Angle,no,no,no,no,no,False
100731510,METROPOLITAN NASHVILLE POLICE DEPT,20150114746,Davidson,Nashville,2/3/2015 8:11:00 AM,2,0,0,36.142280,-86.734820,I 40,,,,0.00,,,,,,,212.80,N,Not at Intersection, ,Non-Junction,None,,,         ,James,Curtis,Clear,Front to Rear,no,no,no,no,no,False
100731518,METROPOLITAN NASHVILLE POLICE DEPT,2015-0114600,Davidson,Nashville,2/3/2015 7:12:00 AM,3,2,0,36.072330,-86.646840,PEBBLE CREEK DR,,,,0.00,,,EDGE O LAKE DR,,,,0.00,Y,T-Intersection,N,Intersection,None,,,         ,Stanley,Collins,Clear,Angle,no,no,no,no,no,False
100731520,METROPOLITAN NASHVILLE POLICE DEPT,20150114588,Davidson,Goodlettsville,2/3/2015 7:00:00 AM,2,0,0,36.302150,-86.692680,TWIN HILLS DR,,,,0.00,,,US HWY 31E,,,,0.00,Y,T-Intersection, ,Intersection-Related,None,,,         ,William,Cleek,Clear,Angle,no,no,no,no,no,False
100731523,METROPOLITAN NASHVILLE POLICE DEPT,20150114836,Davidson,Nashville,2/3/2015 8:42:00 AM,2,0,0,36.181060,-86.799920,EXIT 85,,,,0.00,,,I 65,,,,0.00,Y,Unknown, ,Entrance/Exit Ramp Related,None,,,         ,Rodney,Clark,Clear,Front to Rear,no,no,no,no,no,False
100731524,METROPOLITAN NASHVILLE POLICE DEPT,2015-0114697,Davidson,Nashville,2/3/2015 7:52:00 AM,3,0,0,36.204190,-86.870140,STATE HWY 155,,,,656.00,Feet,South,EXIT 24,,,,0.00,N,Not at Intersection, ,Non-Junction,None,,,         ,William,Caillouette,Clear,Front to Rear,no,no,no,no,no,False
100731526,METROPOLITAN NASHVILLE POLICE DEPT,20150114655,Davidson,Madison,2/3/2015 7:35:00 AM,2,0,0,36.259880,-86.713020,US HWY 31E,,,,0.00,,,WOODRUFF ST,,,,0.00,Y,T-Intersection, ,Intersection-Related,None,,,         ,William,Coy,Clear,Front to Rear,no,no,no,no,no,False
100731528,METROPOLITAN NASHVILLE POLICE DEPT,2015-0114692,Davidson,Nashville,2/3/2015 7:50:00 AM,2,0,0,36.192670,-86.744370,GALLATIN AVE,,,,0.00,,,DOUGLAS AVE,,,,0.00,Y,Four-Way, ,Intersection,None,,,         ,Coleman,Womack,Clear,"Sideswipe, Same Direction",no,no,no,no,no,False
100731532,METROPOLITAN NASHVILLE POLICE DEPT,20150114805,Davidson,Nashville,2/3/2015 8:32:00 AM,3,0,0,36.168520,-86.686780,US HWY 70,,,,250.00,Feet,East,FAIRWAY DR,,,,0.00,N,Not at Intersection,N,Entrance/Exit Ramp Related,None,,,         ,Tyler,Conrads,Clear,Front to Rear,no,no,no,no,no,False
100731536,METROPOLITAN NASHVILLE POLICE DEPT,20150114579,Davidson,Nashville,2/3/2015 7:07:00 AM,2,0,0,36.150560,-86.749320,I 40,,,,0.00,,,,,,,211.65,N,Not at Intersection,N,Non-Junction,None,,,         ,Jason,Smith,Clear,Front to Rear,no,no,no,no,no,False
100731538,METROPOLITAN NASHVILLE POLICE DEPT,2015-0111797,Davidson,Nashville,2/2/2015 11:37:00 AM,4,4,0,36.080680,-86.716740,STATE HWY 255,,,,238.00,Feet,South,WELCH RD,,,,0.00,N,Not at Intersection,N,Non-Junction,None,,,         ,William,Whitworth,Cloudy,HeadOn,no,no,no,no,no,False
100731539,METROPOLITAN NASHVILLE POLICE DEPT,2015-0114565,Davidson,Nashville,2/3/2015 6:52:00 AM,2,0,0,36.069420,-86.689350,I 24,,,,0.00,,,,,,,57.00,N,Not at Intersection, ,Non-Junction,None,,,         ,William,Whitworth,Clear,Front to Rear,no,no,no,no,no,False
100731540,METROPOLITAN NASHVILLE POLICE DEPT,2015-0114798,Davidson,Nashville,2/3/2015 8:29:00 AM,2,0,0,36.094170,-86.706660,I 24,,,,0.00,,,,,,,55.00,N,Not at Intersection,N,Non-Junction,None,,,         ,William,Whitworth,Clear,Front to Rear,no,no,no,no,no,False
100731546,METROPOLITAN NASHVILLE POLICE DEPT,20150114792,Davidson,Nashville,2/3/2015 8:19:00 AM,2,1,0,36.127480,-86.815110,I 440,,,,0.00,,,,,,,2.20,N,Not at Intersection,N,Non-Junction,None,,,         ,Joshua,Dickall,Clear,Front to Rear,no,no,no,no,no,False
100731551,METROPOLITAN NASHVILLE POLICE DEPT,2015-0114944,Davidson,Nashville,2/3/2015 9:19:00 AM,2,0,0,36.158760,-86.774150,MOLLOY ST,,,,0.00,,,3RD AVE S,,,,0.00,Y,Four-Way, ,,,,,         ,Daniel,Massey,,,no,no,no,no,no,False
100731559,METROPOLITAN NASHVILLE POLICE DEPT,20150115026,Davidson,Nashville,2/3/2015 9:56:00 AM,1,1,0,36.237190,-86.759660,I 65,,,,0.00,,,,,,,89.85,N,Not at Intersection,N,Non-Junction,Work Zone,Work On Shoulder Or Median,Activity Area,         ,James,Smith,Clear,Not Collision with Motor Vehicle in Transport,no,no,no,no,no,False
100731560,METROPOLITAN NASHVILLE POLICE DEPT,20150114931,Davidson,Nashville,2/3/2015 9:13:00 AM,2,0,0,0.000000,0.000000,NOLENSVILLE,PIKE,,,50.00,Feet,South,APRIL,LN,,,0.00,N,Not at Intersection,N,Non-Junction,None,,,         ,Randall,Combs,Clear,Front to Rear,no,no,no,no,no,False
100731562,METROPOLITAN NASHVILLE POLICE DEPT,20150115000,Davidson,Nashville,2/3/2015 9:41:00 AM,2,0,0,36.153150,-86.765050,I 40,,,,0.00,,,,,,,210.70,N,Not at Intersection, ,Non-Junction,None,,,         ,Catherine,Poole,Clear,Front to Rear,no,no,no,no,no,False
100731572,METROPOLITAN NASHVILLE POLICE DEPT,20150109496,Davidson,Nashville,2/1/2015 2:35:00 PM,3,0,0,36.109320,-86.922490,STATE HWY 251,,,,193.00,Feet,South,SONYA DR,,,,0.00,N,Not at Intersection,N,Non-Junction,None,,,         ,Melvin,Foster,Rain,Front to Rear,no,no,no,no,no,False
100731575,METROPOLITAN NASHVILLE POLICE DEPT,2015-0106550,Davidson,Goodlettsville,1/31/2015 12:50:00 PM,2,1,0,36.297860,-86.698390,US HWY 31E,,,,0.00,,,RAMP,,,,0.00,Y,Four-Way,N,Intersection-Related,None,,,         ,Andrew,Ivey,Clear,Front to Rear,no,no,no,no,no,False
100731581,METROPOLITAN NASHVILLE POLICE DEPT,20150114980,Davidson,Nashville,2/3/2015 9:30:00 AM,2,2,0,36.137250,-86.732170,HILL AVE,,,,0.00,,,BLANTON AVE,,,,0.00,Y,Four-Way,N,Intersection,None,,,         ,Kevin,Caperton,Clear,Angle,no,no,no,no,no,False
100731582,METROPOLITAN NASHVILLE POLICE DEPT,2015-0115020,Davidson,Nashville,2/3/2015 9:48:00 AM,3,0,0,36.044770,-86.661510,STATE HWY 254,,,,0.00,,,CANE RIDGE RD,,,,0.00,Y,Four-Way, ,Intersection,None,,,         ,Stanley,Collins,Clear,Front to Rear,no,no,no,no,no,False
100731583,METROPOLITAN NASHVILLE POLICE DEPT,2015-0115306,Davidson,Nashville,2/3/2015 11:30:00 AM,2,0,0,36.150150,-86.857900,STATE HWY 155,,,,0.00,,,US HWY 70,,,,0.00,Y,Four-Way, ,Intersection,None,,,         ,Curtis,Rich,,Front to Rear,no,no,no,no,no,False
100731590,METROPOLITAN NASHVILLE POLICE DEPT,15-0115034,Davidson,Nashville,2/3/2015 9:59:00 AM,2,0,0,36.153020,-86.765350,I 40,,,,0.00,,,,,,,210.65,N,Not at Intersection,N,Unknown,None,,,         ,Frank,Campbell,Clear,Front to Rear,no,no,no,no,no,False
100731591,METROPOLITAN NASHVILLE POLICE DEPT,20150114656,Davidson,Nashville,2/3/2015 7:36:00 AM,2,0,0,36.108570,-86.769340,I 65,,,,0.00,,,,,,,79.60,N,Not at Intersection,N,Non-Junction,None,,,         ,Phillip,Murphy,Clear,Front to Rear,no,no,no,no,no,False
100731594,METROPOLITAN NASHVILLE POLICE DEPT,20150115011,Davidson,Nashville,2/3/2015 9:48:00 AM,2,0,0,36.151890,-86.786800,I 40,,,,0.00,,,,,,,209.45,N,Not at Intersection, ,Entrance/Exit Ramp Related,None,,,         ,Phillip,Murphy,Clear,"Sideswipe, Same Direction",no,no,no,no,no,False
100731601,METROPOLITAN NASHVILLE POLICE DEPT,20150115129,Davidson,Nashville,2/3/2015 10:37:00 AM,1,1,0,36.136400,-86.788600,12TH AVE S,,,,91.00,Feet,North,WEDGEWOOD AVE,,,,0.00,N,Not at Intersection,N,Non-Junction,None,,,         ,Nathan,Kemp,Clear,Not Collision with Motor Vehicle in Transport,yes,no,no,yes,no,False
100731607,METROPOLITAN NASHVILLE POLICE DEPT,20150115397,Davidson,Not in City Limit,2/3/2015 12:07:00 PM,2,0,0,36.264010,-86.711560,US HWY 31E,,,,362.00,Feet,North,STATE HWY 45,,,,0.00,N,Not at Intersection, ,Non-Junction,None,,,         ,William,Coy,Clear,Angle,no,no,no,no,no,False
100731622,METROPOLITAN NASHVILLE POLICE DEPT,20150115471,Davidson,Nashville,2/3/2015 12:20:00 PM,2,0,0,36.109570,-86.729030,STATE HWY 155,,,,0.00,,,RAMP,,,,0.00,Y,Four-Way, ,Intersection-Related,None,,,         ,James,Curtis,Clear,"Sideswipe, Same Direction",no,no,no,no,no,False
100731625,METROPOLITAN NASHVILLE POLICE DEPT,20150115395,Davidson,Not in City Limit,2/3/2015 12:15:00 PM,2,0,0,36.264240,-86.735580,STATE HWY 45,,,,0.00,,,-- UNKNOWN RAMP/ROAD --,,,,0.00,Y,OTHER, ,,None,,,         ,Jeffery,Burnette,,,no,no,no,no,no,False
100731631,METROPOLITAN NASHVILLE POLICE DEPT,2015-0115511,Davidson,Nashville,2/3/2015 12:30:00 PM,1,1,0,36.135820,-86.885180,US HWY 70,,,,0.00,,,BROOK HOLLOW RD,,,,0.00,Y,Four-Way,N,Intersection,None,,,         ,Curtis,Rich,Clear,Not Collision with Motor Vehicle in Transport,no,no,no,no,no,False
100731642,METROPOLITAN NASHVILLE POLICE DEPT,20150109619,Davidson,Nashville,2/1/2015 3:55:00 PM,2,1,0,36.085980,-86.700160,I 24,,,,0.00,,,,,,,55.75,N,Not at Intersection,N,Non-Junction,None,,,         ,Donald,Davidson,Rain,"Sideswipe, Same Direction",no,no,no,no,no,False
100731645,METROPOLITAN NASHVILLE POLICE DEPT,20150115405,Davidson,Nashville,2/3/2015 12:05:00 PM,2,0,0,36.231960,-86.783600,I 24,,,,0.00,,,,,,,44.00,N,Not at Intersection,N,Non-Junction,None,,,         ,David,Perez,Clear,Front to Rear,no,no,no,no,no,False
100731646,METROPOLITAN NASHVILLE POLICE DEPT,20150115567,Davidson,Nashville,2/3/2015 1:04:00 PM,3,0,0,36.074960,-86.724910,US HWY 31 ALT,,,,24.00,Feet,South,FLORA MAXWELL RD,,,,0.00,N,Not at Intersection,N,Non-Junction,None,,,         ,Nathan,Kemp,Clear,Front to Rear,no,no,no,no,yes,False
100731656,METROPOLITAN NASHVILLE POLICE DEPT,2015-0115229,Davidson,Nashville,2/3/2015 8:30:00 AM,2,0,0,36.085540,-86.690710,ANTIOCH PIKE,,,,0.00,,,PERIMETER HILL DR,,,,0.00,Y,T-Intersection,N,Intersection,None,,,         ,William,Whitworth,Clear,Angle,no,no,no,no,yes,False
100731657,METROPOLITAN NASHVILLE POLICE DEPT,2015-0115534,Davidson,Nashville,2/3/2015 12:44:00 PM,1,0,0,36.077500,-86.724790,WALLACE RD,,,,269.00,Feet,East,US HWY 31 ALT,,,,0.00,N,Not at Intersection, ,Non-Junction,None,,,         ,William,Whitworth,Clear,Not Collision with Motor Vehicle in Transport,no,no,no,no,no,False
100731658,METROPOLITAN NASHVILLE POLICE DEPT,20150114696,Davidson,Nashville,2/3/2015 7:48:00 AM,2,0,0,36.156480,-86.797200,STATE ST,,,,204.00,Feet,West,17TH AVE N,,,,0.00,N,Not at Intersection, ,"Driveway, Alley Access, etc",None,,,         ,Erik,Wagner,Clear,Angle,no,no,no,no,no,False
100731668,METROPOLITAN NASHVILLE POLICE DEPT,20150115372,Davidson,Nashville,2/3/2015 12:00:00 PM,1,1,0,36.067080,-86.686890,EXIT 57,,,,0.00,,,I 24,,,,0.00,Y,OTHER,Y,Entrance/Exit Ramp Related,None,,,         ,Kenneth,Alexandrow,Clear,Not Collision with Motor Vehicle in Transport,no,no,no,no,no,False
100731669,METROPOLITAN NASHVILLE POLICE DEPT,20150115336,Davidson,Nashville,2/3/2015 11:46:00 AM,2,2,0,36.227650,-86.779180,I 24,,,,0.00,,,,,,,44.60,N,Not at Intersection,Y,Entrance/Exit Ramp Related,Construction Zone,Laneclosure,Before First Warning Area,         ,Michael,McCord,Clear,Angle,no,no,no,no,no,False
100731671,METROPOLITAN NASHVILLE POLICE DEPT,20150115488,Davidson,Nashville,2/3/2015 12:37:00 PM,2,0,0,36.137310,-86.798140,19TH AVE S,,,,0.00,,,WEDGEWOOD AVE,,,,0.00,Y,Four-Way, ,Intersection,None,,,         ,Erik,Wagner,Clear,Angle,no,no,no,no,no,Campus