master_record_number,agency,agency_tracking_number,county,city,collision_date,vehicles_involved,number_injured,number_dead,latitude,longitude,roadway_name,roadway_suffix,roadway_number,roadway_local_id,distance_from_reference,miles-feet_indicator,direction_from_reference,intersection_road_name,intersection_road_name_suffix,intersection_road_number,intersection_local_id,mile_marker,intersection_indicator,intersect_type,interchange_related_indicator,relation_to_junction,work_zone_type,construction_maintenance_zone,construction_maintenance_zone_location,fatal_case_number,officer_first_name,officer_last_name,weather_condition(s),manner_of_crash,pedestrian,bicycle,scooter,parking,hitrun,mou
100731692,METROPOLITAN NASHVILLE POLICE DEPT,20150114949,Davidson,Nashville,2/3/2015 9:20:00 AM,2,0,0,36.135750,-86.801000,ACKLEN AVE,,,,0.00,,,US HWY 431,,,,0.00,Y,Unknown, ,Non-Junction,None,,,         ,Joshua,Dickall,Clear,Angle,no,no,no,no,no,Campus
100731693,METROPOLITAN NASHVILLE POLICE DEPT,20150115877,Davidson,Nashville,2/3/2015 3:01:00 PM,2,0,0,36.159900,-86.773870,2ND AVE S,,,,0.00,,,DEMONBREUN ST,,,,0.00,Y,Four-Way,N,Intersection,None,,,         ,Blaze,Williams,Clear,Angle,no,no,no,no,no,False
100731709,METROPOLITAN NASHVILLE POLICE DEPT,20150106686,Davidson,Nashville,2/3/2015 1:45:00 PM,2,0,0,36.215000,-86.591380,US HWY 70,,,,850.00,Feet,West,TULIP GROVE RD,,,,0.00,N,Not at Intersection,N,Non-Junction,None,,,         ,Cassandra,Del Bosco,Clear,"Sideswipe, Same Direction",no,no,no,no,no,False
100731714,METROPOLITAN NASHVILLE POLICE DEPT,20150115937,Davidson,Nashville,2/3/2015 3:24:00 PM,2,1,0,36.064760,-86.628450,HAMILTON CHURCH RD,,,,0.00,Feet,,US HWY 41,,,,0.00,Y,Four-Way,N,Intersection,None,,,         ,Kevin,Keating,Clear,HeadOn,no,no,no,no,no,False
100731717,METROPOLITAN NASHVILLE POLICE DEPT,20150115981,Davidson,Nashville,2/3/2015 3:38:00 PM,2,0,0,36.158880,-86.782050,US HWY 31,,,,0.00,,,US HWY 70,,,,0.00,Y,T-Intersection, ,Intersection,None,,,         ,MIchael,Mihajlov,Clear,Front to Rear,no,no,no,no,no,False
100731720,METROPOLITAN NASHVILLE POLICE DEPT,2015-0115945,Davidson,Nashville,2/3/2015 3:22:00 PM,2,0,0,36.041700,-86.748620,STATE HWY 254,,,,0.00,,,COPPERFIELD WAY,,,,0.00,Y,T-Intersection, ,Intersection-Related,None,,,         ,William,King,Clear,Front to Rear,no,no,no,no,no,False
100731738,METROPOLITAN NASHVILLE POLICE DEPT,20150115898,Davidson,Not in City Limit,2/3/2015 2:50:00 PM,2,0,0,36.263950,-86.757170,US HWY 31W,,,,272.00,Feet,North,WESTCHESTER DR,,,,0.00,N,Not at Intersection,N,Non-Junction,None,,,         ,Nathaniel,Carroll,Clear,Front to Rear,no,no,no,no,yes,False
100731740,METROPOLITAN NASHVILLE POLICE DEPT,20150116032,Davidson,Goodlettsville,2/3/2015 3:23:00 PM,2,1,0,36.302750,-86.691810,US HWY 31E,,,,0.00,,,CONFERENCE DR,,,,0.00,Y,Four-Way,Y,Intersection,None,,,         ,Samuel,Miller,Clear,"Sideswipe, Opposite Direction",no,no,no,no,yes,False
100731745,GOODLETTSVILLE POLICE DEPT,15-04520,Davidson,Goodlettsville,2/3/2015 5:55:00 AM,1,0,0,36.300720,-86.711170,STATE HWY 386,,,,1176.00,Feet,South,I 65,,,,0.00,N,Not at Intersection,Y,Entrance/Exit Ramp Related,None,,,         ,John,Spencer,Clear,Not Collision with Motor Vehicle in Transport,no,no,no,no,no,False
100731747,METROPOLITAN NASHVILLE POLICE DEPT,20150116138,Davidson,Nashville,2/3/2015 4:33:00 PM,2,0,0,36.112190,-86.745860,US HWY 31 ALT,,,,500.00,Feet,North,STATE HWY 155,,,,0.00,N,Not at Intersection, ,Non-Junction,None,,,         ,Lukas,Cantrell,Clear,Angle,no,no,no,no,no,False
100731788,METROPOLITAN NASHVILLE POLICE DEPT,20150116275,Davidson,Nashville,2/3/2015 12:00:00 AM,3,1,0,36.131890,-86.801430,US HWY 431,,,,53.00,Feet,North,BERNARD AVE,,,,0.00,N,Not at Intersection,N,Non-Junction,None,,,         ,Michael,Collazo,Clear,Front to Rear,no,no,no,no,no,False
100731792,VANDERBILT UNIVERSITY POLICE,15-0115953,Davidson,Nashville,2/3/2015 2:55:00 PM,2,0,0,36.142120,-86.806590,25TH AVE S,,,,227.00,Feet,South,HIGHLAND AVE,,,,0.00,N,Not at Intersection, ,Non-Junction,None,,,         ,Donald,Dennis,Clear,Rear to Side,no,no,no,yes,no,Campus
100731793,METROPOLITAN NASHVILLE POLICE DEPT,20150116405,Davidson,Nashville,2/3/2015 5:02:00 PM,2,0,0,36.153190,-86.687750,MARRIOTT DR,,,,0.00,,,ATRIUM WAY,,,,0.00,Y,Four-Way, ,Intersection,None,,,         ,Stephen,Soule,Clear,Angle,no,no,no,no,no,False
100731795,METROPOLITAN NASHVILLE POLICE DEPT,2015-0115999,Davidson,Madison,2/3/2015 3:42:00 PM,2,0,0,36.263660,-86.711690,US HWY 31E,,,,231.00,Feet,North,STATE HWY 45,,,,0.00,N,Not at Intersection, ,Non-Junction,None,,,         ,Sandra,Talavera,Clear,Angle,no,no,no,no,no,False
100731796,METROPOLITAN NASHVILLE POLICE DEPT,20150116277,Davidson,Nashville,2/3/2015 4:50:00 PM,2,0,0,36.182500,-86.797660,I65N EXIT RAMP,,,,0.00,,,US HWY 41 ALT,,,,0.00,Y,Unknown, ,,,,,         ,Sharissa,Perez,,,no,no,no,no,no,False
100731797,METROPOLITAN NASHVILLE POLICE DEPT,20150116235,Davidson,Nashville,2/3/2015 4:00:00 PM,3,1,0,36.203940,-86.689970,BRILEY PKWY,,,,373.00,Feet,South,STATE HWY 155,,,,0.00,N,Not at Intersection,N,OtherLocation,None,,,         ,Jared,Ester,Clear,"Sideswipe, Same Direction",no,no,no,no,no,False
100731800,METROPOLITAN NASHVILLE POLICE DEPT,20150116283,Davidson,Nashville,2/3/2015 5:16:00 PM,3,0,0,36.175070,-86.679340,SELMA AVE,,,,122.00,Feet,West,MCGAVOCK PIKE,,,,0.00,N,Not at Intersection, ,Unknown,None,,,         ,Austin,Childress,Cloudy,Not Collision with Motor Vehicle in Transport,no,no,no,no,no,False
100731802,METROPOLITAN NASHVILLE POLICE DEPT,20150116514,Davidson,Nashville,2/3/2015 6:27:00 PM,3,0,0,36.163810,-86.762590,I 24,,,,0.00,,,,,,,49.20,N,Not at Intersection,N,Non-Junction,None,,,         ,Blaze,Williams,Clear,Front to Rear,no,no,no,no,no,False
100731803,METROPOLITAN NASHVILLE POLICE DEPT,20150116443,Davidson,Nashville,2/3/2015 6:47:00 PM,2,0,0,36.088930,-86.650440,RANSOM PL,,,,119.00,Feet,East,CAPITAL FUNDS CT,,,,0.00,N,Not at Intersection, ,OtherLocation,None,,,         ,Jessie,Meadows,Clear,Front to Rear,no,no,no,yes,yes,False
100731805,METROPOLITAN NASHVILLE POLICE DEPT,20150115942,Davidson,Nashville,2/3/2015 3:24:00 PM,2,1,0,36.183180,-86.773800,GRACE ST,,,,0.00,,,US HWY 31W,,,,0.00,Y,T-Intersection,N,Non-Junction,None,,,         ,Benjamin,Smith,Clear,"Sideswipe, Opposite Direction",no,no,no,no,no,False
100731806,METROPOLITAN NASHVILLE POLICE DEPT,20150116345,Davidson,Nashville,2/3/2015 5:34:00 PM,2,0,0,36.174530,-86.602430,BURNING TREE DR,,,,0.00,,,STATE HWY 45,,,,0.00,Y,T-Intersection,N,Intersection,None,,,         ,Timothy,Mead,Clear,Angle,no,no,no,no,no,False
100731813,METROPOLITAN NASHVILLE POLICE DEPT,20150110149,Davidson,Nashville,2/1/2015 9:37:00 PM,1,0,0,36.238100,-86.785550,STATE HWY 155,,,,0.00,,,EXIT 18A,,,,0.00,Y,Unknown,Y,Entrance/Exit Ramp Related,None,,,         ,Victor,Alexander,Rain,Not Collision with Motor Vehicle in Transport,no,no,no,no,no,False
100731814,METROPOLITAN NASHVILLE POLICE DEPT,20150116353,Davidson,Nashville,2/3/2015 6:12:00 PM,2,0,0,36.194030,-86.776180,I 24,,,,0.00,,,,,,,46.60,N,Not at Intersection, ,OtherLocation,None,,,         ,Christopher,Kelly,Clear,"Sideswipe, Same Direction",no,no,no,no,no,False
100731822,METROPOLITAN NASHVILLE POLICE DEPT,20150116499,Davidson,Nashville,2/3/2015 5:48:00 PM,2,0,0,0.000000,0.000000,,,I440,,50.00,Feet,East,,,,,3.60,N,Not at Intersection, ,Non-Junction,None,,,         ,Mekisha,Page,Clear,Front to Rear,no,no,no,no,no,False
100731827,METROPOLITAN NASHVILLE POLICE DEPT,2015-0116627,Davidson,Nashville,2/3/2015 6:40:00 PM,2,0,0,36.128180,-86.842700,US HWY 70S,,,,411.00,Feet,East,BOSLEY SPRINGS RD,,,,0.00,N,Not at Intersection, ,,None,,,         ,Christopher,Clark,,,no,no,no,no,no,False
100731829,METROPOLITAN NASHVILLE POLICE DEPT,2015-0115901,Davidson,Nashville,2/3/2015 3:05:00 PM,2,0,0,36.144490,-86.844330,48TH AVE N,,,,63.00,Feet,North,UTAH AVE,,,,0.00,N,Not at Intersection,N,Non-Junction,None,,,         ,Christopher,Clark,Clear,"Sideswipe, Same Direction",no,no,no,no,yes,False
100731832,METROPOLITAN NASHVILLE POLICE DEPT,20150116206,Davidson,Nashville,2/3/2015 3:45:00 PM,1,1,0,36.149360,-86.861290,US HWY 70,,,,414.00,Feet,West,OCEOLA AVE,,,,0.00,N,Not at Intersection,N,"Driveway, Alley Access, etc",None,,,         ,Patrick,Taylor,Clear,Not Collision with Motor Vehicle in Transport,yes,no,no,yes,no,False
100731833,METROPOLITAN NASHVILLE POLICE DEPT,20150115924,Davidson,Nashville,2/3/2015 2:50:00 PM,1,0,0,36.150610,-86.827060,ELKINS AVE,,,,30.00,Feet,West,35TH AVE N,,,,0.00,N,Not at Intersection,N,Non-Junction,Work Zone,Other,Activity Area,         ,Mark,Hatt,Clear,Not Collision with Motor Vehicle in Transport,no,no,no,no,no,False
100731842,METROPOLITAN NASHVILLE POLICE DEPT,20150116478,Davidson,Nashville,2/3/2015 7:05:00 PM,2,0,0,36.148650,-86.746120,I 40,,,,0.00,,,,,,,211.85,N,Not at Intersection, ,Non-Junction,None,,,         ,Thomas,Barnes,Clear,"Sideswipe, Same Direction",no,no,no,no,no,False
100731843,METROPOLITAN NASHVILLE POLICE DEPT,20150116611,Davidson,Nashville,2/3/2015 6:18:00 PM,2,0,0,0.000000,0.000000,I440  EAST,,,,0.00,,,,,II440,,0.00,Y,T-Intersection, ,Non-Junction,None,,,         ,Mekisha,Page,Clear,"Sideswipe, Same Direction",no,no,no,no,yes,False
100731845,METROPOLITAN NASHVILLE POLICE DEPT,20150115836,Davidson,Nashville,2/3/2015 2:40:00 PM,3,0,0,36.167230,-86.779620,3RD AVE N,,,,0.00,,,US HWY 31,,,,0.00,Y,OTHER,N,Non-Junction,None,,,         ,Ethan,Luffman,Clear,Front to Rear,no,no,no,no,no,False
100731850,METROPOLITAN NASHVILLE POLICE DEPT,20150116513,Davidson,Nashville,2/3/2015 6:20:00 PM,5,0,0,36.177260,-86.794010,US HWY 41 ALT,,,,175.00,Feet,North,TAYLOR ST,,,,0.00,N,Not at Intersection,N,Non-Junction,None,,,         ,Allen,Hall,Clear,"Sideswipe, Same Direction",no,no,no,no,no,False
100731859,METROPOLITAN NASHVILLE POLICE DEPT,20150112567,Davidson,Nashville,2/2/2015 4:38:00 PM,2,2,0,36.231620,-86.803960,KNIGHT DR,,,,0.00,,,EWING DR,,,,0.00,Y,T-Intersection,N,Intersection,None,,,         ,Victor,Alexander,Clear,Angle,no,no,no,no,no,False
100731860,METROPOLITAN NASHVILLE POLICE DEPT,20150116670,Davidson,Nashville,2/3/2015 7:20:00 PM,2,0,0,36.081140,-86.715300,STATE HWY 255,,,,53.00,Feet,West,HUMBER DR,,,,0.00,N,Not at Intersection, ,Non-Junction,None,,,         ,Jessie,Meadows,Clear,Front to Rear,no,no,no,no,yes,False
100731862,METROPOLITAN NASHVILLE POLICE DEPT,20150116121,Davidson,Nashville,2/3/2015 5:00:00 PM,2,0,0,36.235680,-86.758230,US HWY 31W,,,,215.00,Feet,North,HOMESTEAD RD,,,,0.00,N,Not at Intersection, ,Non-Junction,None,,,         ,Clinton,Schroeder,Clear,"Sideswipe, Same Direction",no,no,no,no,no,False
100731875,METROPOLITAN NASHVILLE POLICE DEPT,20150116431,Davidson,Nashville,2/3/2015 5:50:00 PM,2,1,0,36.116380,-86.776850,-- UNKNOWN RAMP/ROAD --,,,,0.00,Feet,East,I 440,,,,0.00,N,Not at Intersection,N,Non-Junction,None,,,         ,Chaz,Pace,Clear,Front to Rear,no,no,no,no,no,False
100731893,METROPOLITAN NASHVILLE POLICE DEPT,20150116878,Davidson,Nashville,2/3/2015 5:55:00 PM,2,1,0,36.109850,-86.731100,MASHBURN RD,,,,30.00,Feet,North,STATE HWY 155,,,,0.00,N,Not at Intersection,N,Non-Junction,None,,,         ,Jessie,Meadows,Clear,Angle,no,no,no,no,yes,False
100731904,GOODLETTSVILLE POLICE DEPT,15-04601,Davidson,Goodlettsville,2/3/2015 7:43:00 PM,2,1,0,36.327460,-86.699490,STATE HWY 174,,,,295.00,Feet,South,NORTHCREEK BLVD,,,,0.00,N,Not at Intersection,N,Non-Junction,None,,,         ,Jason,Ayers,Clear,Front to Rear,no,no,no,no,no,False
100731906,METROPOLITAN NASHVILLE POLICE DEPT,20150114312,Davidson,Nashville,2/3/2015 12:00:00 AM,1,1,0,36.117850,-86.860440,POST RD,,,,474.00,Feet,North,RAMP,,,,0.00,N,Not at Intersection,N,Non-Junction,None,,,         ,Tyler,Bryson,Clear,Not Collision with Motor Vehicle in Transport,no,no,no,no,yes,False
100731907,METROPOLITAN NASHVILLE POLICE DEPT,20150116494,Davidson,Nashville,2/3/2015 5:50:00 PM,2,0,0,36.157650,-86.790750,I 40,,,,0.00,,,,,,,209.00,N,Not at Intersection,N,Non-Junction,None,,,         ,Charles,Griffin,Clear,Front to Rear,no,no,no,no,no,False
100731930,METROPOLITAN NASHVILLE POLICE DEPT,2015-0117159,Davidson,Nashville,2/3/2015 10:42:00 PM,2,0,0,36.136180,-86.788830,WEDGEWOOD AVE,,,,50.00,Feet,West,12TH AVE S,,,,0.00,N,Not at Intersection,N,Non-Junction,None,,,         ,Matthew,Moses,Clear,HeadOn,no,no,no,no,no,False
100731934,METROPOLITAN NASHVILLE POLICE DEPT,20150117077,Davidson,Nashville,2/3/2015 10:07:00 PM,2,0,0,36.063670,-86.716960,US HWY 31 ALT,,,,292.00,Feet,North,FAIRLANE DR,,,,0.00,N,Not at Intersection, ,Non-Junction,None,,,         ,Jessie,Meadows,Clear,Rear to Rear,no,no,no,yes,yes,False
100731948,METROPOLITAN NASHVILLE POLICE DEPT,20150105929,Davidson,Nashville,1/31/2015 5:30:00 AM,2,0,0,36.164690,-86.802150,HERMAN ST,,,,0.00,,,17TH AVE N,,,,0.00,Y,OTHER,N,Non-Junction,None,,,         ,Lewis,Taylor,Clear,Front to Rear,no,no,no,no,no,False
100731955,METROPOLITAN NASHVILLE POLICE DEPT,2015-0117151,Davidson,Nashville,2/4/2015 9:45:00 PM,2,0,0,36.238620,-86.757620,RAMP,,,,0.00,Feet,,I 65,,,,0.00,Y,OTHER, ,Entrance/Exit Ramp Related,None,,,         ,Michael,Johnson,Clear,Angle,no,no,no,no,no,False
100731959,METROPOLITAN NASHVILLE POLICE DEPT,2015117073,Davidson,Nashville,2/3/2015 9:30:00 PM,2,0,0,36.198440,-86.620240,US HWY 70,,,,0.00,,,STATE HWY 45,,,,0.00,Y,Four-Way,N,Intersection-Related,None,,,         ,Brian,Manning,Clear,Front to Rear,no,no,no,no,no,False
100731960,METROPOLITAN NASHVILLE POLICE DEPT,2015-0114529,Davidson,Nashville,2/3/2015 6:00:00 AM,2,2,0,36.238050,-86.757410,-- UNKNOWN RAMP/ROAD --,,,,0.00,,,I 65,,,,0.00,Y,OTHER,Y,Entrance/Exit Ramp Related,None,,,         ,Michael,Johnson,Clear,Front to Rear,no,no,no,no,no,False
100731973,METROPOLITAN NASHVILLE POLICE DEPT,20150118239,Davidson,Not in City Limit,2/4/2015 5:09:00 AM,2,0,0,36.266360,-86.737190,I 65,,,,0.00,,,,,,,92.40,N,Not at Intersection, ,Non-Junction,None,,,         ,Nicholas,Truan,Clear,"Sideswipe, Same Direction",no,no,no,no,no,False
100731977,METROPOLITAN NASHVILLE POLICE DEPT,20150118215,Davidson,Nashville,2/4/2015 5:01:00 AM,2,0,0,36.142440,-86.765030,US HWY 31 ALT,,,,0.00,,,HART ST,,,,0.00,Y,T-Intersection, ,Non-Junction,None,,,         ,Brian,Penny,Clear,"Sideswipe, Same Direction",no,no,no,no,no,False
100731983,METROPOLITAN NASHVILLE POLICE DEPT,20150115775,Davidson,Nashville,2/4/2015 1:00:00 PM,2,0,0,36.157620,-86.801370,19TH AVE N,,,,0.00,,,US HWY 70,,,,0.00,Y,T-Intersection, ,Intersection-Related,None,,,         ,Gregory,Lindstrom,Clear,Front to Rear,no,no,no,no,no,False
100731987,METROPOLITAN NASHVILLE POLICE DEPT,2015-0118446,Davidson,Nashville,2/4/2015 7:00:00 AM,2,0,0,36.074330,-86.921430,US HWY 70S,,,,146.00,Feet,East,OLD HARDING PIKE,,,,0.00,N,Not at Intersection, ,,None,,,         ,Curtis,Rich,,,no,no,no,no,no,False
100731988,METROPOLITAN NASHVILLE POLICE DEPT,20150115690,Davidson,Goodlettsville,2/3/2015 1:50:00 PM,2,0,0,36.300790,-86.694800,US HWY 31E,,,,0.00,,,SHEPHERD HILLS DR,,,,0.00,Y,Four-Way, ,,None,,,         ,James,Smith,,,no,no,no,no,no,False
100731989,VANDERBILT UNIVERSITY POLICE,15-0118397,Davidson,Nashville,2/4/2015 6:00:00 AM,2,0,0,36.141790,-86.773610,CHESTNUT ST,,,,0.00,,,,,,,0.00,,, ,,,,,         ,John,Oliver,,,no,no,no,yes,no,False
100731994,METROPOLITAN NASHVILLE POLICE DEPT,20150118421,Davidson,Nashville,2/4/2015 6:31:00 AM,2,1,0,36.072100,-86.732910,WHISPERING HILLS DR,,,,0.00,,,EDMONDSON PIKE,,,,0.00,Y,Four-Way,N,Intersection,None,,,         ,Arthur,Hummell,Clear,Angle,no,no,no,no,yes,False
100732009,METROPOLITAN NASHVILLE POLICE DEPT,20150118510,Davidson,Nashville,2/4/2015 7:40:00 AM,2,0,0,36.113820,-86.809200,STATE HWY 155,,,,0.00,,,GOLF CLUB LN,,,,0.00,Y,Four-Way,N,Intersection,None,,,         ,Nathan,Kemp,Clear,Angle,no,no,no,no,no,False
100732024,METROPOLITAN NASHVILLE POLICE DEPT,20150118456,Davidson,Nashville,2/4/2015 7:15:00 AM,2,3,0,36.248590,-86.728630,DUE WEST AVE W,,,,0.00,,,SAUNDERS AVE,,,,0.00,Y,T-Intersection,N,"Driveway, Alley Access, etc",None,,,         ,Jeffery,Burnette,Clear,Front to Rear,no,no,no,no,no,False
100732027,METROPOLITAN NASHVILLE POLICE DEPT,20150118537,Davidson,Nashville,2/4/2015 7:40:00 AM,3,0,0,36.143420,-86.704140,I 40,,,,0.00,,,,,,,214.50,N,Not at Intersection,N,Non-Junction,None,,,         ,Jarret,Sonnenberg,Clear,Front to Rear,no,no,no,no,no,False
100732034,METROPOLITAN NASHVILLE POLICE DEPT,20150118472,Davidson,Nashville,2/4/2015 7:20:00 AM,2,0,0,36.086420,-86.698730,STATE HWY 255,,,,0.00,Feet,,I 24,,,,0.00,Y,OTHER, ,,None,,,         ,Trevin,Tolbert,,,no,no,no,no,no,False
100732036,METROPOLITAN NASHVILLE POLICE DEPT,2015-0118591,Davidson,Not in City Limit,2/4/2015 8:00:00 AM,1,0,0,36.091670,-86.982170,US HWY 70,,,,290.00,Feet,West,RAMP,,,,0.00,N,Not at Intersection, ,Non-Junction,None,,,         ,George,Spencer,Clear,Not Collision with Motor Vehicle in Transport,no,no,no,no,no,False
100732043,METROPOLITAN NASHVILLE POLICE DEPT,20150118659,Davidson,Nashville,2/4/2015 8:38:00 AM,2,0,0,36.143590,-86.814310,US HWY 70S,,,,50.00,Feet,South,30TH AVE N,,,,0.00,N,Not at Intersection,N,Non-Junction,None,,,         ,Nathan,Kemp,Clear,Front to Rear,no,no,no,no,yes,Campus
100732044,METROPOLITAN NASHVILLE POLICE DEPT,20150118463,Davidson,Nashville,2/4/2015 7:12:00 AM,1,0,0,36.151890,-86.779320,US HWY 31,,,,20.00,Feet,North,GLEAVES ST,,,,0.00,N,Not at Intersection, ,Non-Junction,None,,,         ,Catherine,Poole,Clear,Not Collision with Motor Vehicle in Transport,no,no,no,no,no,False
100732062,METROPOLITAN NASHVILLE POLICE DEPT,2015-0116105,Davidson,Nashville,2/4/2015 12:00:00 AM,2,0,0,36.038960,-86.704480,CEDARMONT CIR,,,,188.00,Feet,North,DAROLD CT,,,,0.00,N,Not at Intersection, ,Non-Junction,None,,,         ,Brandon,O'Guin,Clear,Unknown,no,no,no,no,yes,False
100732065,METROPOLITAN NASHVILLE POLICE DEPT,20150118575,Davidson,Nashville,2/4/2015 7:50:00 AM,2,0,0,36.095590,-86.653870,OLD MURFREESBORO PIKE,,,,75.00,Feet,North,CONNECTING ROAD,,,,0.00,N,Not at Intersection,N,Non-Junction,None,,,         ,Brian,Ewing,Clear,Front to Rear,no,no,no,yes,no,False
100732067,METROPOLITAN NASHVILLE POLICE DEPT,2015-0102230,Davidson,Nashville,1/30/2015 7:24:00 AM,2,1,0,36.180070,-86.811040,BUCHANAN ST,,,,3.00,Feet,West,DR DB TODD JR BLVD,,,,0.00,N,Not at Intersection,N,Non-Junction,None,,,         ,Darryl,Morton,Clear,Front to Rear,no,no,no,no,no,False
100732069,METROPOLITAN NASHVILLE POLICE DEPT,2015-0106603,Davidson,Madison,1/31/2015 1:42:00 PM,2,1,0,36.272250,-86.729790,N GRAYCROFT AVE,,,,251.00,Feet,South,NESBITT LN,,,,0.00,N,Not at Intersection,N,Non-Junction,None,,,         ,Joshua,Borum,Clear,Angle,no,no,no,no,no,False
100732075,METROPOLITAN NASHVILLE POLICE DEPT,20150118869,Davidson,Nashville,2/4/2015 9:56:00 AM,2,1,0,36.156930,-86.803450,20TH AVE N,,,,79.00,Feet,South,US HWY 70,,,,0.00,N,Not at Intersection,N,Non-Junction,None,,,         ,Nathan,Kemp,Clear,Angle,no,no,no,yes,no,False
100732076,METROPOLITAN NASHVILLE POLICE DEPT,20150115685,Davidson,Madison,2/3/2015 1:44:00 PM,2,0,0,0.000000,0.000000,OLD HICKORY BLVD,,SR45,,0.00,Feet,,OLD HICKORY BLVD,,SRST RT,,0.00,Y,Four-Way, ,Non-Junction,None,,,         ,Faye,Denson,Clear,Front to Rear,no,no,no,no,no,False
100732088,METROPOLITAN NASHVILLE POLICE DEPT,20150118936,Davidson,Nashville,2/4/2015 9:45:00 AM,2,0,0,36.098170,-86.709660,I 24,,,,0.00,,,,,,,54.70,N,Not at Intersection,N,Non-Junction,None,,,         ,Megan,Arnett,Clear,Not Collision with Motor Vehicle in Transport,no,no,no,no,yes,False
100732098,VANDERBILT UNIVERSITY POLICE,2015-0118733,Davidson,Nashville,2/4/2015 8:05:00 AM,1,0,0,36.149470,-86.800490,21ST AVE S,,,,0.00,,,TERRACE PL,,,,0.00,Y,OTHER, ,,,,,         ,Anthony,Jones,,,no,yes,no,no,no,Campus
100732100,METROPOLITAN NASHVILLE POLICE DEPT,20150111375,Davidson,Nashville,2/2/2015 8:45:00 AM,2,0,0,36.167240,-86.795740,I 40,,,,0.00,,,,,,,208.25,N,Not at Intersection,N,Non-Junction,None,,,         ,Steven,Spillers,Cloudy,Front to Rear,no,no,no,no,no,False
100732104,METROPOLITAN NASHVILLE POLICE DEPT,20150118965,Davidson,Not in City Limit,2/4/2015 10:15:00 AM,2,1,0,36.362280,-86.886760,US HWY 431,,,,1389.00,Feet,South,ELLIS DR,,,,0.00,N,Not at Intersection,N,Non-Junction,None,,,         ,Alan,Jordan,Clear,Front to Rear,no,no,no,no,no,False
100732105,METROPOLITAN NASHVILLE POLICE DEPT,20150119038,Davidson,Nashville,2/4/2015 9:50:00 AM,2,0,0,36.133670,-86.795790,BELMONT BLVD,,,,290.00,Feet,North,PORTLAND AVE,,,,0.00,N,Not at Intersection,N,Non-Junction,None,,,         ,Justin,Pinkelton,Clear,"Sideswipe, Same Direction",no,no,no,no,yes,False
100732107,METROPOLITAN NASHVILLE POLICE DEPT,20150119049,Davidson,Nashville,2/4/2015 10:50:00 AM,2,0,0,36.082210,-86.761620,STATE HWY 255,,,,0.00,,,SIDCO DR,,,,0.00,Y,Four-Way,N,Intersection,None,,,         ,Nathan,Kemp,Clear,Angle,no,no,no,no,no,False
100732111,METROPOLITAN NASHVILLE POLICE DEPT,2015-0118878,Davidson,Nashville,2/4/2015 9:47:00 AM,2,0,0,36.185590,-86.773570,US HWY 31W,,,,670.00,Feet,South,CLEVELAND ST,,,,0.00,N,Not at Intersection,N,Non-Junction,None,,,         ,Coleman,Womack,Clear,Angle,no,no,no,yes,yes,False
100732121,METROPOLITAN NASHVILLE POLICE DEPT,2015-0119035,Davidson,Nashville,2/4/2015 10:30:00 AM,1,2,0,36.177060,-86.767730,LISCHEY PL,,,,0.00,,,FOSTER PL,,,,0.00,Y,T-Intersection,N,Intersection,None,,,         ,Coleman,Womack,Clear,Not Collision with Motor Vehicle in Transport,no,no,no,no,no,False
100732135,METROPOLITAN NASHVILLE POLICE DEPT,20150119351,Davidson,Nashville,2/4/2015 12:20:00 PM,2,0,0,36.157820,-86.799580,RAMP,,,,0.00,Feet,East,18TH AVE N,,,,0.00,N,Not at Intersection, ,Non-Junction,None,,,         ,Thomas,West,Clear,Front to Rear,no,no,no,no,no,False
100732137,METROPOLITAN NASHVILLE POLICE DEPT,20150119284,Davidson,Nashville,2/4/2015 11:00:00 AM,2,0,0,0.000000,0.000000,5012 RAWLINGS,RD,,,1.00,Miles,West,CLARKSVILLE,HWY,SR,,0.00,N,Not at Intersection,N,Non-Junction,None,,,         ,Clint,Gilleland,Clear,Rear to Side,no,no,no,yes,no,False
100732181,METROPOLITAN NASHVILLE POLICE DEPT,2015-0116946,Davidson,Nashville,2/3/2015 8:55:00 PM,2,1,0,36.124990,-86.847610,STATE HWY 155,,,,0.00,,,US HWY 70S,,,,0.00,Y,Four-Way,N,Intersection,None,,,         ,Christopher,Clark,Clear,Angle,no,no,no,no,no,False
100732182,GOODLETTSVILLE POLICE DEPT,15-04225,Davidson,Goodlettsville,2/1/2015 1:18:00 AM,1,3,0,36.325880,-86.705870,I 65,,,,0.00,,,,,,,97.15,N,Not at Intersection,Y,Non-Junction,None,,,         ,Jeffrey,Petty,Cloudy,Not Collision with Motor Vehicle in Transport,no,no,no,no,no,False
100732183,GOODLETTSVILLE POLICE DEPT,15-04227,Davidson,Goodlettsville,2/1/2015 1:18:00 AM,2,2,2,36.326080,-86.705971,I 65,,,,0.00,,,,,,,97.15,N,Not at Intersection,Y,Non-Junction,None,,,15-0060  ,Jeffrey,Petty,Cloudy,Not Collision with Motor Vehicle in Transport,yes,no,no,no,no,False
100732189,METROPOLITAN NASHVILLE POLICE DEPT,20150119807,Davidson,Nashville,2/4/2015 3:05:00 PM,2,0,0,36.169100,-86.763070,S 5TH ST,,,,300.00,Feet,South,FATHERLAND ST,,,,0.00,N,Not at Intersection, ,Non-Junction,None,,,         ,Kelly,Cantrell,Cloudy,Front to Rear,no,no,no,no,no,False
100732195,METROPOLITAN NASHVILLE POLICE DEPT,2015-0119631,Davidson,Nashville,2/4/2015 2:12:00 PM,2,0,0,36.151830,-86.857790,STATE HWY 155,,,,50.00,Feet,North,RAMP,,,,0.00,N,Not at Intersection, ,Non-Junction,None,,,         ,Walter,Gray II,Cloudy,Front to Rear,no,no,no,no,no,False