master_record_number,agency,agency_tracking_number,county,city,collision_date,vehicles_involved,number_injured,number_dead,latitude,longitude,roadway_name,roadway_suffix,roadway_number,roadway_local_id,distance_from_reference,miles-feet_indicator,direction_from_reference,intersection_road_name,intersection_road_name_suffix,intersection_road_number,intersection_local_id,mile_marker,intersection_indicator,intersect_type,interchange_related_indicator,relation_to_junction,work_zone_type,construction_maintenance_zone,construction_maintenance_zone_location,fatal_case_number,officer_first_name,officer_last_name,weather_condition(s),manner_of_crash,pedestrian,bicycle,scooter,parking,hitrun,mou
100732198,METROPOLITAN NASHVILLE POLICE DEPT,20150119840,Davidson,Nashville,2/4/2015 3:20:00 PM,2,0,0,36.145960,-86.753850,US HWY 41,,,,0.00,,,EXPRESSWAY PARK DR,,,,0.00,Y,Four-Way, ,Intersection,None,,,         ,Lukas,Cantrell,Clear,Angle,no,no,no,no,no,False
100732209,METROPOLITAN NASHVILLE POLICE DEPT,20150119718,Davidson,Nashville,2/4/2015 2:29:00 PM,2,0,0,36.173120,-86.792020,JEFFERSON ST,,,,115.00,Feet,East,9TH AVE N,,,,0.00,N,Not at Intersection, ,Non-Junction,None,,,         ,Isaac,Wood,Clear,Angle,no,no,no,no,no,False
100732210,GOODLETTSVILLE POLICE DEPT,15-04727,Davidson,Goodlettsville,2/4/2015 3:35:00 PM,2,0,0,36.313220,-86.698750,CONFERENCE DR,,,,37.00,Feet,North,WINDSOR GREEN BLVD,,,,0.00,N,Not at Intersection,N,Non-Junction,None,,,         ,Benny,Alexander,Clear,Not Collision with Motor Vehicle in Transport,no,no,no,no,no,False
100732216,METROPOLITAN NASHVILLE POLICE DEPT,20150119808,Davidson,Nashville,2/4/2015 3:20:00 PM,2,0,0,36.085580,-86.701350,-- UNKNOWN RAMP/ROAD --,,,,0.00,,,I 24,,,,0.00,Y,Four-Way, ,,None,,,         ,David,Collins,,,no,no,no,no,no,False
100732228,METROPOLITAN NASHVILLE POLICE DEPT,20150119763,Davidson,Nashville,2/4/2015 3:10:00 PM,1,1,0,36.143990,-86.747890,US HWY 41,,,,100.00,Feet,West,PARRIS AVE,,,,0.00,N,Not at Intersection,N,Non-Junction,None,,,         ,Jessie,Meadows,Clear,Not Collision with Motor Vehicle in Transport,yes,no,no,no,no,False
100732229,METROPOLITAN NASHVILLE POLICE DEPT,2015-0119976,Davidson,Nashville,2/4/2015 1:00:00 PM,2,0,0,36.076590,-86.683340,LUNA DR,,,,0.00,,,GASSER DR,,,,0.00,Y,T-Intersection, ,Intersection,None,,,         ,Brandon,O'Guin,Clear,Angle,no,no,no,no,no,False
100732236,METROPOLITAN NASHVILLE POLICE DEPT,20150119632,Davidson,Nashville,2/4/2015 2:12:00 PM,2,0,0,36.212890,-86.775690,I 65,,,,0.00,,,,,,,87.80,N,Not at Intersection,N,Non-Junction,Construction Zone,Work On Shoulder Or Median,Activity Area,         ,Christopher,Kelly,Clear,"Sideswipe, Same Direction",no,no,no,no,no,False
100732240,METROPOLITAN NASHVILLE POLICE DEPT,2015-0119835,Davidson,Nashville,2/4/2015 3:26:00 PM,2,1,0,36.077140,-86.920260,STATE HWY 251,,,,169.00,Feet,North,BELLE FOREST CIR,,,,0.00,N,Not at Intersection,N,Non-Junction,None,,,         ,Walter,Gray II,Cloudy,Front to Rear,no,no,no,no,no,False
100732242,METROPOLITAN NASHVILLE POLICE DEPT,20150120088,Davidson,Nashville,2/4/2015 4:30:00 PM,2,0,0,36.153820,-86.756080,US HWY 70,,,,0.00,,,FAIRFIELD AVE,,,,0.00,Y,Four-Way, ,Intersection-Related,None,,,         ,Brent,Palte,Clear,Front to Rear,no,no,no,no,no,False
100732253,METROPOLITAN NASHVILLE POLICE DEPT,20150119778,Davidson,Nashville,2/4/2015 2:45:00 PM,2,0,0,36.135750,-86.801000,US HWY 431,,,,0.00,,,ACKLEN AVE,,,,0.00,Y,Four-Way, ,,Construction Zone,,,         ,Charles,Griffin,,,no,no,no,no,no,Campus
100732256,METROPOLITAN NASHVILLE POLICE DEPT,20150120145,Davidson,Nashville,2/4/2015 4:45:00 PM,2,0,0,36.157900,-86.772600,2ND AVE S,,,,0.00,,,GATEWAY BLVD,,,,0.00,Y,Four-Way, ,,None,,,         ,Aaron,Thomas,,,no,no,no,no,no,False
100732264,METROPOLITAN NASHVILLE POLICE DEPT,20150120350,Davidson,Antioch,2/4/2015 5:45:00 PM,2,0,0,36.063720,-86.601590,MOUNT VIEW RD,,,,0.00,,,HAMILTON CHURCH RD,,,,0.00,Y,Four-Way, ,Non-Junction,None,,,         ,Thomas,Odom,Clear,Front to Rear,no,no,no,no,no,False
100732271,METROPOLITAN NASHVILLE POLICE DEPT,20150120333,Davidson,Nashville,2/4/2015 5:40:00 PM,2,0,0,36.041520,-86.782470,I 65,,,,0.00,,,,,,,74.75,N,Not at Intersection,N,Non-Junction,None,,,         ,Tien,Nguyen,Clear,Front to Rear,no,no,no,no,no,False
100732275,METROPOLITAN NASHVILLE POLICE DEPT,20150120312,Davidson,Nashville,2/4/2015 5:19:00 PM,2,0,0,36.182090,-86.749060,GALLATIN AVE,,,,0.00,,,MAXWELL AVE,,,,0.00,Y,OTHER, ,"Driveway, Alley Access, etc",None,,,         ,Justin,Coyle,Clear,"Sideswipe, Opposite Direction",no,no,no,no,no,False
100732280,METROPOLITAN NASHVILLE POLICE DEPT,20150120408,Davidson,Nashville,2/4/2015 6:17:00 PM,1,0,0,36.244710,-86.786270,BRICK CHURCH LN,,,,60.00,Feet,East,TRAIL HOLLOW LN,,,,0.00,N,Not at Intersection, ,Non-Junction,None,,,         ,Christopher,Kelly,Clear,Not Collision with Motor Vehicle in Transport,no,no,no,no,no,False
100732282,METROPOLITAN NASHVILLE POLICE DEPT,20150120366,Davidson,Nashville,2/4/2015 6:22:00 PM,3,0,0,36.031900,-86.712690,US HWY 31 ALT,,,,318.00,Feet,North,KINHAWK DR,,,,0.00,N,Not at Intersection, ,Non-Junction,None,,,         ,Jessie,Meadows,Clear,Front to Rear,no,no,no,no,yes,False
100732285,BERRY HILL POLICE DEPT,15-0490,Davidson,Nashville,2/4/2015 6:00:00 PM,2,0,0,36.111570,-86.792160,STATE HWY 155,,,,142.00,Feet,East,GRANNY WHITE PIKE,,,,0.00,N,Not at Intersection, ,Non-Junction,None,,,         ,John,Gleixner,Clear,Front to Rear,no,no,no,no,no,False
100732286,METROPOLITAN NASHVILLE POLICE DEPT,20150113076,Davidson,Nashville,2/2/2015 8:02:00 PM,2,0,0,36.138030,-86.805100,BLAKEMORE AVE,,,,0.00,,,24TH AVE S,,,,0.00,Y,Four-Way,Y,Intersection-Related,None,,,         ,Austin,Kendrick,Clear,Angle,no,no,no,no,no,Campus
100732294,METROPOLITAN NASHVILLE POLICE DEPT,20150120371,Davidson,Nashville,2/4/2015 6:04:00 PM,2,1,0,36.050780,-86.646920,STATE HWY 254,,,,0.00,,,HICKORY HOLLOW TER,,,,0.00,Y,Four-Way,N,Intersection,None,,,         ,Kevin,Keating,Clear,Angle,no,no,no,no,no,False
100732303,METROPOLITAN NASHVILLE POLICE DEPT,20150120462,Davidson,Not in City Limit,2/4/2015 6:10:00 PM,2,0,0,36.021000,-86.628040,I 24,,,,0.00,,,,,,,62.00,N,Not at Intersection, ,Non-Junction,None,,,         ,Thomas,Odom,Clear,"Sideswipe, Same Direction",no,no,no,no,no,False
100732314,METROPOLITAN NASHVILLE POLICE DEPT,20150120497,Davidson,Nashville,2/4/2015 6:45:00 PM,2,1,0,36.149510,-86.747640,I 40,,,,0.00,,,,,,,211.75,N,Not at Intersection,N,Non-Junction,None,,,         ,Leslie,Hale,Clear,Front to Rear,no,no,no,no,no,False
100732318,METROPOLITAN NASHVILLE POLICE DEPT,20150120443,Davidson,Nashville,2/4/2015 6:15:00 PM,2,0,0,0.000000,0.000000,14TH,AVE,,,0.00,,,BROADWAY,,,,0.00,Y,T-Intersection, ,Intersection,None,,,         ,Mekisha,Page,Clear,"Sideswipe, Same Direction",no,no,no,no,no,False
100732321,METROPOLITAN NASHVILLE POLICE DEPT,2015-0120472,Davidson,Nashville,2/4/2015 4:55:00 PM,1,0,0,36.102320,-86.857010,BELLE MEADE BLVD,,,,46.00,Feet,North,LEAKE AVE,,,,0.00,N,Not at Intersection,N,Non-Junction,None,,,         ,Christopher,Clark,Clear,Not Collision with Motor Vehicle in Transport,no,no,no,no,no,False
100732325,METROPOLITAN NASHVILLE POLICE DEPT,20150119779,Davidson,Nashville,2/4/2015 3:10:00 PM,2,0,0,36.158880,-86.782050,US HWY 31,,,,0.00,,,US HWY 70,,,,0.00,Y,Four-Way, ,Intersection-Related,None,,,         ,Michael,Schlegel,Clear,Front to Rear,no,no,no,no,no,False
100732327,METROPOLITAN NASHVILLE POLICE DEPT,20150120588,Davidson,Nashville,2/4/2015 6:02:00 PM,2,0,0,36.110280,-86.800350,GRAYBAR LN,,,,0.00,,,BELMONT BLVD,,,,0.00,Y,Four-Way, ,Intersection-Related,None,,,         ,Tien,Nguyen,Clear,Front to Rear,no,no,no,no,no,False
100732335,METROPOLITAN NASHVILLE POLICE DEPT,20150116877,Davidson,Nashville,2/3/2015 8:32:00 PM,1,1,0,36.151480,-86.875250,WESTBORO DR,,,,0.00,,,THUNDERBIRD DR,,,,0.00,Y,T-Intersection,N,Intersection,None,,,         ,Patrick,Taylor,Clear,Not Collision with Motor Vehicle in Transport,no,no,no,yes,no,False
100732346,METROPOLITAN NASHVILLE POLICE DEPT,20150120565,Davidson,Nashville,2/4/2015 12:00:00 AM,2,0,0,36.107550,-86.818130,PARKING LOT,,,,0.00,,,GREEN HILLS VLG,,,,0.00,Y,Unknown, ,OtherLocation,None,,,         ,Benjamin,Froehlich,Clear,"Sideswipe, Opposite Direction",no,no,no,yes,yes,False
100732349,METROPOLITAN NASHVILLE POLICE DEPT,2015096204,Davidson,Nashville,1/29/2015 4:00:00 PM,2,0,0,36.170260,-86.772880,N 1ST ST,,,,0.00,,,MAIN ST,,,,0.00,Y,OTHER,N,Non-Junction,None,,,         ,Jacob,Paul,Clear,Other,no,no,no,no,no,False
100732363,METROPOLITAN NASHVILLE POLICE DEPT,20150116532,Davidson,Nashville,2/3/2015 6:35:00 PM,2,0,0,36.174120,-86.609180,STATE HWY 265,,,,482.00,Feet,East,CRYSTAL SPRING LN,,,,0.00,N,Not at Intersection, ,,None,,,         ,Russell,Freeman,,,no,no,no,no,no,False
100732364,METROPOLITAN NASHVILLE POLICE DEPT,20150120107,Davidson,Nashville,2/4/2015 4:16:00 PM,2,0,0,36.155180,-86.784830,DEMONBREUN ST,,,,74.00,Feet,East,11TH AVE S,,,,0.00,N,Not at Intersection, ,Non-Junction,None,,,         ,Austin,Kendrick,Clear,Front to Rear,no,no,no,no,no,False
100732370,METROPOLITAN NASHVILLE POLICE DEPT,20150120714,Davidson,Nashville,2/4/2015 8:15:00 PM,2,2,0,36.037890,-86.797790,STATE HWY 254,,,,0.00,,,WOODLAND HILLS PL,,,,0.00,Y,Four-Way,N,Intersection,None,,,         ,Kevin,Wiles,Clear,Angle,no,no,no,no,no,False
100732372,METROPOLITAN NASHVILLE POLICE DEPT,20150120774,Davidson,Nashville,2/4/2015 6:19:00 PM,2,0,0,36.044840,-86.668390,STATE HWY 254,,,,0.00,,,BEECHWOOD TER,,,,0.00,Y,T-Intersection,N,Intersection,None,,,         ,Thomas,Odom,Clear,Angle,no,no,no,no,no,False
100732373,METROPOLITAN NASHVILLE POLICE DEPT,20150120683,Davidson,Nashville,2/4/2015 8:00:00 PM,2,0,0,36.108910,-86.800520,GRANDVIEW DR,,,,0.00,,,BELMONT BLVD,,,,0.00,Y,T-Intersection, ,Intersection-Related,None,,,         ,Tien,Nguyen,Clear,Front to Rear,no,no,no,no,no,False
100732381,METROPOLITAN NASHVILLE POLICE DEPT,20150112255,Davidson,Nashville,2/2/2015 2:37:00 PM,3,0,0,36.123850,-86.849160,US HWY 70S,,,,446.00,Feet,West,RAMP,,,,0.00,N,Not at Intersection, ,Non-Junction,None,,,         ,Torian,Cox,Clear,Front to Rear,no,no,no,no,no,False
100732384,METROPOLITAN NASHVILLE POLICE DEPT,20150119834,Davidson,Nashville,2/4/2015 3:30:00 PM,2,0,0,36.136190,-86.800940,US HWY 431,,,,161.00,Feet,North,ACKLEN AVE,,,,0.00,N,Not at Intersection, ,,Construction Zone,,,         ,Charles,Griffin,,,no,no,no,no,no,Campus
100732393,METROPOLITAN NASHVILLE POLICE DEPT,20150120630,Davidson,Nashville,2/4/2015 8:07:00 PM,2,1,0,36.077060,-86.658380,UNA ANTIOCH PIKE,,,,192.00,Feet,West,OKEE TRL,,,,0.00,N,Not at Intersection,N,Non-Junction,None,,,         ,Jessie,Meadows,Clear,Angle,no,no,no,no,no,False
100732395,METROPOLITAN NASHVILLE POLICE DEPT,20150120937,Davidson,Nashville,2/4/2015 9:43:00 PM,2,1,0,36.045450,-86.703600,STATE HWY 254,,,,0.00,,,EULALA DR,,,,0.00,Y,Four-Way,N,Intersection,None,,,         ,William,Durham,Clear,Angle,no,no,no,no,no,False
100732396,METROPOLITAN NASHVILLE POLICE DEPT,20150120847,Davidson,Nashville,2/4/2015 9:37:00 PM,1,0,0,36.092210,-86.735640,US HWY 31 ALT,,,,343.00,Feet,North,YELTON CT,,,,0.00,N,Not at Intersection,N,Non-Junction,None,,,         ,Jessie,Meadows,Clear,Not Collision with Motor Vehicle in Transport,no,no,no,no,no,False
100732398,METROPOLITAN NASHVILLE POLICE DEPT,20150120958,Davidson,Nashville,2/4/2015 9:48:00 PM,2,0,0,36.143500,-86.794390,EDGEHILL AVE,,,,0.00,,,17TH AVE S,,,,0.00,Y,Four-Way, ,Intersection-Related,None,,,         ,Tien,Nguyen,Clear,Angle,no,no,no,no,no,Campus
100732399,METROPOLITAN NASHVILLE POLICE DEPT,20150120543,Davidson,Nashville,2/4/2015 5:09:00 PM,2,0,0,36.064720,-86.939090,OLD HARDING PIKE,,,,10.00,Feet,East,BELLEVUE RD,,,,0.00,N,Not at Intersection, ,Rail Grade Crossing,None,,,         ,John,Thomas,Clear,Angle,no,no,no,no,no,False
100732403,METROPOLITAN NASHVILLE POLICE DEPT,20150120712,Davidson,Antioch,2/4/2015 8:14:00 PM,2,3,0,36.042860,-86.606520,STATE HWY 171,,,,7.00,Feet,East,US HWY 41,,,,0.00,N,Not at Intersection,N,Non-Junction,None,,,         ,Jason,Door,Clear,HeadOn,no,no,no,no,no,False
100732404,METROPOLITAN NASHVILLE POLICE DEPT,20150120582,Davidson,Nashville,2/4/2015 7:27:00 PM,2,0,0,36.132420,-86.894210,US HWY 70,,,,328.00,Feet,East,OLD CHARLOTTE PIKE,,,,0.00,N,Not at Intersection, ,Non-Junction,None,,,         ,Tyler,Reese,Clear,Angle,no,no,no,no,no,False
100732411,METROPOLITAN NASHVILLE POLICE DEPT,20150120149,Davidson,Nashville,2/4/2015 4:45:00 PM,2,0,0,36.224170,-86.725610,RIVERWOOD DR,,,,0.00,,,GALLATIN PIKE,,,,0.00,Y,T-Intersection, ,Intersection,None,,,         ,Kelly,Cantrell,Cloudy,Angle,no,no,no,no,no,False
100732412,METROPOLITAN NASHVILLE POLICE DEPT,20150120849,Davidson,Nashville,2/4/2015 9:10:00 PM,3,2,0,36.058210,-86.921740,STATE HWY 100,,,,471.00,Feet,West,BEDFORDSHIRE CT,,,,0.00,N,Not at Intersection,N,Non-Junction,None,,,         ,Brandon,Pedigo,Clear,Front to Rear,no,no,no,no,no,False
100732414,METROPOLITAN NASHVILLE POLICE DEPT,20150120619,Davidson,Nashville,2/4/2015 7:41:00 PM,2,1,0,36.050860,-86.983760,MCCRORY LN,,,,665.00,Feet,North,LEWIS RD,,,,0.00,N,Not at Intersection,N,Non-Junction,None,,,         ,John,Thomas,Clear,Front to Rear,no,no,no,no,no,False
100732418,METROPOLITAN NASHVILLE POLICE DEPT,20150120680,Davidson,Nashville,2/4/2015 8:03:00 PM,2,0,0,36.080420,-86.722160,STATE HWY 255,,,,351.00,Feet,East,HARDING MALL DR,,,,0.00,N,Not at Intersection, ,Non-Junction,None,,,         ,Adam,Earle,Clear,"Sideswipe, Opposite Direction",no,no,no,no,no,False
100732421,METROPOLITAN NASHVILLE POLICE DEPT,20150120429,Davidson,Nashville,2/4/2015 6:26:00 PM,2,3,0,36.104330,-86.668790,US HWY 41,,,,22.00,Feet,West,CONNECTING ROAD,,,,0.00,N,Not at Intersection,N,Non-Junction,None,,,         ,Torrance,Bennett,Clear,HeadOn,no,no,no,no,yes,False
100732426,METROPOLITAN NASHVILLE POLICE DEPT,20150120626,Davidson,Nashville,2/4/2015 7:44:00 PM,2,2,0,0.000000,0.000000,BROADWAY,,,,0.00,,,17TH,AVE,,,0.00,Y,Four-Way,N,Intersection,None,,,         ,Mekisha,Page,Clear,Angle,no,no,no,no,no,False
100732428,METROPOLITAN NASHVILLE POLICE DEPT,20150120473,Davidson,Not in City Limit,2/4/2015 5:53:00 PM,1,0,0,36.277250,-86.794520,STATE HWY 45,,,,497.00,Feet,East,HICKORY HILLS CT,,,,0.00,N,Not at Intersection,N,Non-Junction,None,,,         ,Timothy,Morgan,Clear,Not Collision with Motor Vehicle in Transport,no,no,no,no,yes,False
100732432,METROPOLITAN NASHVILLE POLICE DEPT,20150121171,Davidson,Nashville,2/4/2015 11:16:00 PM,2,0,0,36.096120,-86.727700,BRIGGS AVE,,,,0.00,,,COLBY DR,,,,0.00,Y,T-Intersection,N,Intersection-Related,None,,,         ,richard,haley,Clear,Front to Rear,no,no,no,no,no,False
100732433,METROPOLITAN NASHVILLE POLICE DEPT,20150120013,Davidson,Nashville,2/4/2015 4:09:00 PM,2,0,0,36.167240,-86.787170,US HWY 41 ALT,,,,0.00,,,US HWY 31,,,,0.00,Y,Four-Way, ,Intersection,None,,,         ,Ethan,Luffman,Clear,Front to Rear,no,no,no,no,no,False
100732440,METROPOLITAN NASHVILLE POLICE DEPT,20150121484,Davidson,Nashville,2/5/2015 1:09:00 AM,2,1,0,36.097130,-86.706770,ANTIOCH PIKE,,,,0.00,,,SPACE PARK SOUTH DR,,,,0.00,Y,OTHER,N,Non-Junction,None,,,         ,James,Jensen,Clear,Front to Rear,no,no,no,no,no,False
100732447,METROPOLITAN NASHVILLE POLICE DEPT,20150104969,Davidson,Nashville,1/30/2015 10:59:00 PM,2,1,0,36.052790,-86.599300,LAKEWALK DR,,,,0.00,,,STATE HWY 171,,,,0.00,Y,T-Intersection,N,Non-Junction,None,,,         ,David,Moser,Clear,Front to Rear,no,no,no,no,yes,False
100732448,METROPOLITAN NASHVILLE POLICE DEPT,20150121317,Davidson,Not in City Limit,2/4/2015 11:58:00 PM,1,0,0,36.136530,-86.934620,STATE HWY 251,,,,20.00,Feet,West,STRINGFELLOW RD,,,,0.00,N,Not at Intersection,N,Unknown,Unknown,Unknown,Unknown,         ,Ericka,Bingham,Clear,Unknown,no,no,no,no,no,False
100732450,METROPOLITAN NASHVILLE POLICE DEPT,20150121497,Davidson,Antioch,2/5/2015 1:15:00 AM,1,0,0,0.000000,0.000000,FRANKLIN LIMESTONE,RD,,,300.00,Feet,North,BILLINGSGATE,RD,,,0.00,N,Not at Intersection,N,Non-Junction,None,,,         ,Josh,Baney,Clear,Not Collision with Motor Vehicle in Transport,no,no,no,no,no,False
100732486,METROPOLITAN NASHVILLE POLICE DEPT,20150104822,Davidson,Nashville,1/30/2015 10:44:00 PM,2,0,0,36.044620,-86.659410,RAMP,,,,0.00,,,I 24,,,,0.00,Y,Y-Intersection,Y,Entrance/Exit Ramp Related,None,,,         ,Dezmond,Hughes,Clear,Angle,no,no,no,no,no,False
100732497,METROPOLITAN NASHVILLE POLICE DEPT,2015-0119411,Davidson,Nashville,2/4/2015 12:56:00 PM,2,1,0,36.067890,-86.667870,RICHARDS RD,,,,161.00,Feet,West,APOLLO DR,,,,0.00,N,Not at Intersection,N,"Driveway, Alley Access, etc",None,,,         ,William,Whitworth,Clear,Angle,no,no,no,no,no,False
100732508,METROPOLITAN NASHVILLE POLICE DEPT,20150109325,Davidson,Nashville,2/1/2015 12:21:00 PM,2,1,0,36.179860,-86.798190,GARFIELD ST,,,,0.00,,,JENKINS ST,,,,0.00,Y,Four-Way,N,Intersection,None,,,         ,Ryan,Caulfield,Rain,"Sideswipe, Same Direction",no,no,no,no,no,False
100732524,METROPOLITAN NASHVILLE POLICE DEPT,20150122518,Davidson,Nashville,2/5/2015 8:12:00 AM,2,0,0,36.136760,-86.800860,US HWY 431,,,,40.00,Feet,West,BELCOURT AVE,,,,0.00,N,Not at Intersection, ,Non-Junction,None,,,         ,Nathan,Kemp,Clear,Front to Rear,no,no,no,no,no,Campus
100732525,METROPOLITAN NASHVILLE POLICE DEPT,2015030140,Davidson,Nashville,2/5/2015 7:18:00 AM,2,0,0,36.279720,-86.752730,HUNTERS LN,,,,878.00,Feet,North,NESBITT DR,,,,0.00,N,Not at Intersection,N,Non-Junction,None,,,         ,James,Smith,Clear,"Sideswipe, Same Direction",no,no,no,yes,no,False
100732527,METROPOLITAN NASHVILLE POLICE DEPT,20150122486,Davidson,Nashville,2/5/2015 7:40:00 AM,2,0,0,36.089910,-86.624870,SMITH SPRINGS RD,,,,370.00,Feet,East,RAMP,,,,0.00,N,Not at Intersection, ,Non-Junction,None,,,         ,Brian,Ewing,Clear,Front to Rear,no,no,no,no,no,False
100732528,METROPOLITAN NASHVILLE POLICE DEPT,2015-0122491,Davidson,Nashville,2/5/2015 8:07:00 AM,2,0,0,36.162110,-86.790620,11TH AVE N,,,,0.00,,,CHARLOTTE AVE,,,,0.00,Y,Four-Way, ,,None,,,         ,Alex,Moore,,,no,no,no,no,no,False
100732530,THP District 9 - Administrative,315006803,Davidson,Nashville,2/5/2015 6:50:00 AM,2,0,0,36.170270,-86.601180,I 40,,,,0.00,,,,,,,220.80,N,Not at Intersection, ,Non-Junction,None,,,         ,Harold,Stewart,Clear,Front to Rear,no,no,no,no,no,False
100732534,METROPOLITAN NASHVILLE POLICE DEPT,20150122507,Davidson,Nashville,2/5/2015 8:11:00 AM,2,0,0,36.031740,-86.673590,BLUE HOLE RD,,,,588.00,Feet,South,OAK CHASE DR,,,,0.00,N,Not at Intersection,N,Non-Junction,None,,,         ,Kenneth,Alexandrow,Clear,Angle,no,no,no,no,no,False
100732544,METROPOLITAN NASHVILLE POLICE DEPT,2015-0122388,Davidson,Nashville,2/5/2015 7:28:00 AM,2,0,0,36.209090,-86.865710,STATE HWY 12,,,,86.00,Feet,West,JORDONIA STATION RD,,,,0.00,N,Not at Intersection,N,Non-Junction,None,,,         ,William,Caillouette,Clear,Angle,no,no,no,no,no,False
100732549,METROPOLITAN NASHVILLE POLICE DEPT,2015-03129,Davidson,Nashville,2/5/2015 7:00:00 AM,3,0,0,36.153830,-86.763660,I 40,,,,0.00,,,,,,,210.80,N,Not at Intersection, ,,,,,         ,Daniel,Massey,,,no,no,no,no,no,False
100732551,METROPOLITAN NASHVILLE POLICE DEPT,20150030137,Davidson,Nashville,2/5/2015 5:45:00 AM,2,0,0,36.111040,-86.745070,STATE HWY 155,,,,0.00,,,US HWY 31 ALT,,,,0.00,Y,Four-Way,N,Entrance/Exit Ramp Related,None,,,         ,Michael,Dye,Cloudy,Front to Rear,no,no,no,no,no,False
100732554,METROPOLITAN NASHVILLE POLICE DEPT,2015-0122647,Davidson,Nashville,2/5/2015 8:45:00 AM,2,0,0,36.182090,-86.749060,GALLATIN AVE,,,,0.00,,,MAXWELL AVE,,,,0.00,Y,T-Intersection, ,Intersection,None,,,         ,Coleman,Womack,Clear,"Sideswipe, Same Direction",no,no,no,no,no,False
100732560,METROPOLITAN NASHVILLE POLICE DEPT,2015-0122764,Davidson,Nashville,2/5/2015 9:22:00 AM,2,0,0,36.114410,-86.810820,US HWY 431,,,,159.00,Feet,North,STATE HWY 155,,,,0.00,N,Not at Intersection, ,Non-Junction,None,,,         ,Curtis,Rich,Clear,"Sideswipe, Same Direction",no,no,no,no,no,False
100732566,METROPOLITAN NASHVILLE POLICE DEPT,20150122526,Davidson,Nashville,2/5/2015 7:45:00 AM,3,0,0,36.179080,-86.613550,DODSON CHAPEL RD,,,,0.00,,,NOEL COVE CIR,,,,0.00,Y,T-Intersection, ,,None,,,         ,John,Nicholson,,,no,no,no,no,no,False
100732570,METROPOLITAN NASHVILLE POLICE DEPT,2015-119504,Davidson,Nashville,2/4/2015 1:00:00 PM,2,0,0,36.158430,-86.777100,5TH AVE S,,,,0.00,,,DEMONBREUN ST,,,,0.00,Y,T-Intersection,N,Non-Junction,None,,,         ,Daniel,Massey,Clear,"Sideswipe, Same Direction",no,no,no,no,yes,False
100732598,METROPOLITAN NASHVILLE POLICE DEPT,2015-0122597,Davidson,Nashville,2/5/2015 8:15:00 AM,2,0,0,0.000000,0.000000,112 STEWARTS FERRY PIKE,,,,100.00,Feet,East,DONELSONWOOD DR,,,,0.00,N,Not at Intersection,N,Non-Junction,None,,,         ,Caleb,Jernigan,Clear,"Sideswipe, Same Direction",no,no,no,yes,no,False
100732599,METROPOLITAN NASHVILLE POLICE DEPT,2015-0122850,Davidson,Nashville,2/5/2015 9:20:00 AM,2,0,0,36.148240,-86.876190,I 40,,,,0.00,,,,,,,202.90,N,Not at Intersection,N,Non-Junction,None,,,         ,William,Whitworth,Clear,"Sideswipe, Same Direction",no,no,no,no,yes,False
100732606,METROPOLITAN NASHVILLE POLICE DEPT,2015-0122417,Davidson,Nashville,2/5/2015 7:45:00 AM,3,2,0,36.113300,-86.707850,STATE HWY 155,,,,404.00,Feet,West,MCDONALD CT,,,,0.00,N,Not at Intersection,N,Non-Junction,None,,,         ,Brian,Murphy,Clear,Angle,no,no,no,no,no,False
100732610,METROPOLITAN NASHVILLE POLICE DEPT,20150122880,Davidson,Nashville,2/5/2015 10:07:00 AM,2,3,0,36.206700,-86.779280,US HWY 431,,,,262.00,Feet,West,HAMPTON ST,,,,0.00,N,Not at Intersection,N,"Driveway, Alley Access, etc",None,,,         ,Michael,McCord,Clear,Front to Rear,no,no,no,no,no,False
100732613,METROPOLITAN NASHVILLE POLICE DEPT,20150131768,Davidson,Nashville,2/4/2015 2:30:00 PM,2,0,0,36.169900,-86.674400,US HWY 70,,,,0.00,,,GRAYLYNN DR,,,,0.00,Y,T-Intersection,N,Intersection-Related,None,,,         ,Terry,Denton,Clear,Angle,no,no,no,no,no,False
100732615,METROPOLITAN NASHVILLE POLICE DEPT,2015-0123052,Davidson,Nashville,2/5/2015 10:55:00 AM,2,0,0,36.167000,-86.763720,SHELBY AVE,,,,0.00,,,S 4TH ST,,,,0.00,Y,Four-Way, ,Intersection,None,,,         ,Coleman,Womack,Clear,"Sideswipe, Same Direction",no,no,no,no,no,False
100732620,METROPOLITAN NASHVILLE POLICE DEPT,20150122918,Davidson,Nashville,2/5/2015 10:15:00 AM,2,0,0,36.045200,-86.699910,STATE HWY 254,,,,519.00,Feet,East,BENZING RD,,,,0.00,N,Not at Intersection, ,Non-Junction,None,,,         ,David,Simmonds,Clear,Front to Rear,no,no,no,no,no,False
100732621,METROPOLITAN NASHVILLE POLICE DEPT,2015-0122923,Davidson,Nashville,2/5/2015 10:05:00 AM,2,0,0,36.088640,-86.830530,US HWY 431,,,,0.00,,,STANFORD DR,,,,0.00,Y,T-Intersection,N,Intersection,Maintenance Zone,Laneclosure,Transition Area,         ,Curtis,Rich,Clear,Not Collision with Motor Vehicle in Transport,no,no,no,no,no,False
100732637,METROPOLITAN NASHVILLE POLICE DEPT,2015-0123051,Davidson,Nashville,2/5/2015 10:50:00 AM,2,0,0,36.165790,-86.780320,4TH AVE N,,,,0.00,,,DEADERICK ST,,,,0.00,Y,Four-Way, ,Intersection,None,,,         ,Paul,Sorace,Clear,Front to Rear,no,no,no,no,no,False