master_record_number,agency,agency_tracking_number,county,city,collision_date,vehicles_involved,number_injured,number_dead,latitude,longitude,roadway_name,roadway_suffix,roadway_number,roadway_local_id,distance_from_reference,miles-feet_indicator,direction_from_reference,intersection_road_name,intersection_road_name_suffix,intersection_road_number,intersection_local_id,mile_marker,intersection_indicator,intersect_type,interchange_related_indicator,relation_to_junction,work_zone_type,construction_maintenance_zone,construction_maintenance_zone_location,fatal_case_number,officer_first_name,officer_last_name,weather_condition(s),manner_of_crash,pedestrian,bicycle,scooter,parking,hitrun,mou
100732638,METROPOLITAN NASHVILLE POLICE DEPT,20150123181,Davidson,Nashville,2/5/2015 11:37:00 AM,1,1,0,36.131710,-86.768640,BENTON AVE,,,,63.00,Feet,West,BRANSFORD AVE,,,,0.00,N,Not at Intersection,N,Non-Junction,None,,,         ,Nathan,Kemp,Clear,Not Collision with Motor Vehicle in Transport,yes,no,no,yes,no,False
100732651,METROPOLITAN NASHVILLE POLICE DEPT,2015-0123040,Davidson,Nashville,2/5/2015 10:31:00 AM,2,0,0,0.000000,0.000000,NOLENSVILLE,PIKE,SR41A,,400.00,Feet,North,OLD HICKORY,BLVD,SR254,,0.00,N,Not at Intersection, ,Non-Junction,None,,,         ,John,Neely,Clear,Front to Rear,no,no,no,no,no,False
100732653,METROPOLITAN NASHVILLE POLICE DEPT,20150123363,Davidson,Nashville,2/5/2015 12:25:00 PM,2,1,0,36.095450,-86.758680,POWELL AVE,,,,266.00,Feet,North,RAMP,,,,0.00,N,Not at Intersection,N,Non-Junction,None,,,         ,Justin,Pinkelton,Clear,Front to Rear,no,no,no,no,no,False
100732673,VANDERBILT UNIVERSITY POLICE,15-0123276,Davidson,Nashville,2/5/2015 11:55:00 AM,2,0,0,36.143990,-86.803710,KIRKLAND PL,,,,0.00,,,24TH AVE S,,,,0.00,Y,OTHER, ,Non-Junction,None,,,         ,Brent,Clark,Clear,"Sideswipe, Same Direction",no,no,no,no,no,Campus
100732676,METROPOLITAN NASHVILLE POLICE DEPT,20150123430,Davidson,Nashville,2/5/2015 12:50:00 PM,2,0,0,36.134920,-86.749150,HACKWORTH ST,,,,422.00,Feet,North,POLK AVE,,,,0.00,N,Not at Intersection, ,,None,,,         ,Trevin,Tolbert,,,no,no,no,no,no,False
100732683,METROPOLITAN NASHVILLE POLICE DEPT,20150123458,Davidson,Nashville,2/5/2015 1:03:00 PM,2,0,0,36.067910,-86.811860,GRANNY WHITE PIKE,,,,112.00,Feet,South,MARY HELEN DR,,,,0.00,N,Not at Intersection,N,Non-Junction,None,,,         ,Arthur,Hummell,Clear,Front to Rear,no,no,no,no,no,False
100732685,METROPOLITAN NASHVILLE POLICE DEPT,20150123293,Davidson,Nashville,2/5/2015 12:09:00 PM,3,1,0,36.152510,-86.796990,US HWY 70S,,,,150.00,Feet,East,19TH AVE N,,,,0.00,N,Not at Intersection,N,Non-Junction,None,,,         ,Timothy,Miller,Clear,Front to Rear,no,no,no,no,no,False
100732689,METROPOLITAN NASHVILLE POLICE DEPT,20150123437,Davidson,Nashville,2/5/2015 12:51:00 PM,2,0,0,36.147040,-86.808200,US HWY 70S,,,,49.00,Feet,East,25TH AVE S,,,,0.00,N,Not at Intersection, ,Non-Junction,None,,,         ,Phillip,Murphy,Clear,Front to Rear,no,no,no,no,no,Campus
100732693,METROPOLITAN NASHVILLE POLICE DEPT,20150123394,Davidson,Nashville,2/5/2015 1:14:00 PM,2,0,0,36.151360,-86.799320,20TH AVE S,,,,0.00,,,20TH AVE N,,,,0.00,Y,Four-Way, ,,None,,,         ,Randal,Owsley,,,no,no,no,no,no,Campus
100732695,METROPOLITAN NASHVILLE POLICE DEPT,20150123107,Davidson,Nashville,2/5/2015 11:16:00 AM,2,0,0,36.086600,-86.771960,STATE HWY 255,,,,0.00,,,US HWY 31,,,,0.00,Y,Four-Way,N,Intersection,None,,,         ,Paul,Joyner,Clear,HeadOn,no,no,no,no,no,False
100732696,METROPOLITAN NASHVILLE POLICE DEPT,20150123547,Davidson,Nashville,2/5/2015 1:30:00 PM,2,0,0,36.201850,-86.776870,I 65,,,,0.00,,,,,,,87.00,N,Not at Intersection,N,Non-Junction,None,,,         ,Ryan,Caulfield,Clear,Front to Rear,no,no,no,no,yes,False
100732702,METROPOLITAN NASHVILLE POLICE DEPT,2015-0123617,Davidson,Nashville,2/5/2015 2:00:00 PM,2,0,0,36.130490,-86.900030,-- UNKNOWN RAMP/ROAD --,,,,0.00,Feet,East,US HWY 70,,,,0.00,N,Not at Intersection, ,Entrance/Exit Ramp Related,None,,,         ,Walter,Gray II,Clear,Front to Rear,no,no,no,no,no,False
100732712,METROPOLITAN NASHVILLE POLICE DEPT,20150123510,Davidson,Nashville,2/5/2015 1:00:00 PM,2,0,0,36.081970,-86.761410,-- UNKNOWN RAMP/ROAD --,,,,0.00,Feet,East,STATE HWY 255,,,,0.00,N,Not at Intersection, ,Entrance/Exit Ramp Related,None,,,         ,Justin,Pinkelton,Clear,Front to Rear,no,no,no,no,no,False
100732730,METROPOLITAN NASHVILLE POLICE DEPT,20150123712,Davidson,Nashville,2/5/2015 2:44:00 PM,1,0,0,36.170140,-86.807590,I 40,,,,0.00,,,,,,,207.25,N,Not at Intersection,N,Non-Junction,None,,,         ,Isaac,Wood,Clear,Not Collision with Motor Vehicle in Transport,no,no,no,no,no,False
100732733,METROPOLITAN NASHVILLE POLICE DEPT,20150123897,Davidson,Nashville,2/5/2015 3:50:00 PM,2,0,0,0.000000,0.000000,FRANKLIN,PIKE,,,0.00,,,HOGAN,RD,,,0.00,Y,Four-Way, ,Intersection,None,,,         ,Mekisha,Page,Clear,"Sideswipe, Same Direction",no,no,no,no,yes,False
100732735,METROPOLITAN NASHVILLE POLICE DEPT,2015-0119448,Davidson,Nashville,2/4/2015 1:07:00 PM,1,1,0,36.159420,-86.776250,4TH AVE S,,,,0.00,,,,,,,0.00,,,N,"Driveway, Alley Access, etc",None,,,         ,Allen,Bates,Clear,Not Collision with Motor Vehicle in Transport,yes,no,no,yes,no,False
100732740,METROPOLITAN NASHVILLE POLICE DEPT,2015-0013878,Davidson,Goodlettsville,2/5/2015 3:40:00 PM,2,0,0,36.302150,-86.692680,US HWY 31E,,,,0.00,,,TWIN HILLS DR,,,,0.00,Y,T-Intersection, ,,None,,,         ,James,Caruth,,,no,no,no,no,no,False
100732752,METROPOLITAN NASHVILLE POLICE DEPT,20150123665,Davidson,Nashville,2/5/2015 2:00:00 PM,1,1,0,36.164280,-86.816030,EDEN ST,,,,0.00,,,26TH AVE N,,,,0.00,Y,Unknown,N,Non-Junction,None,,,         ,Mark,Hatt,Clear,Not Collision with Motor Vehicle in Transport,yes,no,no,yes,yes,False
100732756,METROPOLITAN NASHVILLE POLICE DEPT,20150123995,Davidson,Goodlettsville,2/5/2015 4:15:00 PM,3,1,0,36.294120,-86.718070,I 65,,,,0.00,,,,,,,94.60,N,Not at Intersection,N,Non-Junction,None,,,         ,Nathan,Dungan,Clear,Front to Rear,no,no,no,no,no,False
100732775,METROPOLITAN NASHVILLE POLICE DEPT,2015-0124009,Davidson,Nashville,2/5/2015 4:10:00 PM,2,0,0,36.093030,-86.678990,RAMP,,,,0.00,Feet,East,STATE HWY 255,,,,0.00,N,Not at Intersection, ,Non-Junction,None,,,         ,Brandon,O'Guin,Clear,Front to Rear,no,no,no,no,no,False
100732780,METROPOLITAN NASHVILLE POLICE DEPT,20150124220,Davidson,Madison,2/5/2015 5:15:00 PM,2,0,0,36.263210,-86.692210,E OLD HICKORY BLVD,,,,186.00,Feet,West,MCARTHUR DR,,,,0.00,N,Not at Intersection, ,Non-Junction,None,,,         ,Nathan,Dungan,Clear,"Sideswipe, Opposite Direction",no,no,no,no,yes,False
100732783,METROPOLITAN NASHVILLE POLICE DEPT,20150124000,Davidson,Nashville,2/5/2015 4:15:00 PM,2,0,0,36.192510,-86.815700,US HWY 41 ALT,,,,0.00,,,MAINSTREAM DR,,,,0.00,Y,Four-Way,N,Intersection,None,,,         ,Allen,Hall,Clear,Rear to Rear,no,no,no,no,no,False
100732790,METROPOLITAN NASHVILLE POLICE DEPT,20150123977,Davidson,Nashville,2/5/2015 4:12:00 PM,2,0,0,36.052630,-86.644490,STATE HWY 254,,,,615.00,Feet,West,EAGLE VIEW BLVD,,,,0.00,N,Not at Intersection, ,Non-Junction,None,,,         ,Jessie,Meadows,Clear,Front to Rear,no,no,no,no,no,False
100732791,METROPOLITAN NASHVILLE POLICE DEPT,20150124092,Davidson,Antioch,2/5/2015 5:50:00 PM,2,0,0,36.063720,-86.601590,PAINTER DR,,,,97.00,Feet,West,REBECCA TRENA WAY,,,,0.00,N,Not at Intersection, ,Non-Junction,None,,,         ,Jessie,Meadows,Clear,Angle,no,no,no,no,no,False
100732809,METROPOLITAN NASHVILLE POLICE DEPT,20150124313,Davidson,Nashville,2/5/2015 5:43:00 PM,2,0,0,36.094220,-86.624870,BELL RD,,,,119.00,Feet,North,HARBOR LIGHTS DR,,,,0.00,N,Not at Intersection, ,Non-Junction,None,,,         ,Jared,Ester,Clear,Front to Rear,no,no,no,no,no,False
100732810,METROPOLITAN NASHVILLE POLICE DEPT,20150124291,Davidson,Nashville,2/5/2015 5:35:00 PM,2,0,0,36.110280,-86.800350,GRAYBAR LN,,,,0.00,,,BELMONT BLVD,,,,0.00,Y,Four-Way, ,Intersection,None,,,         ,Nicholas,Smith,Clear,Angle,no,no,no,no,no,False
100732816,METROPOLITAN NASHVILLE POLICE DEPT,20150124130,Davidson,Nashville,2/5/2015 4:40:00 PM,2,0,0,36.152100,-86.848570,51ST AVE N,,,,60.00,Feet,North,US HWY 70,,,,0.00,N,Not at Intersection, ,"Driveway, Alley Access, etc",None,,,         ,Mark,Hatt,Clear,Front to Rear,no,no,no,no,yes,False
100732817,METROPOLITAN NASHVILLE POLICE DEPT,20150124352,Davidson,Nashville,2/5/2015 5:55:00 PM,2,0,0,36.141460,-86.715590,I 40,,,,0.00,,,,,,,213.90,N,Not at Intersection,N,Non-Junction,None,,,         ,Robert,Fondren,Clear,Front to Rear,no,no,no,no,yes,False
100732818,METROPOLITAN NASHVILLE POLICE DEPT,2015-0120527,Davidson,Nashville,2/4/2015 6:25:00 PM,2,0,0,36.012400,-86.703590,US HWY 31 ALT,,,,0.00,,,HOLT RD,,,,0.00,Y,T-Intersection,N,Intersection,None,,,         ,William,King,Clear,Angle,no,no,no,no,no,False
100732819,METROPOLITAN NASHVILLE POLICE DEPT,2015-0124302,Davidson,Nashville,2/5/2015 5:42:00 PM,2,0,0,36.033190,-86.775830,CHURCH ST E,,,,107.00,Feet,West,CONNECTING ROAD,,,,0.00,N,Not at Intersection, ,Non-Junction,None,,,         ,William,King,Clear,Front to Rear,no,no,no,no,no,False
100732825,METROPOLITAN NASHVILLE POLICE DEPT,20150124414,Davidson,Nashville,2/5/2015 6:21:00 PM,1,0,0,36.115750,-86.650380,COUCHVILLE PIKE,,,,1000.00,Feet,West,REYNOLDS RD,,,,0.00,N,Not at Intersection, ,,None,,,         ,Christopher,Augustin,,,no,no,no,no,no,False
100732827,METROPOLITAN NASHVILLE POLICE DEPT,20150120348,Davidson,Nashville,2/4/2015 5:54:00 PM,1,1,0,36.138630,-86.800630,CHILDRENS WAY,,,,0.00,,,US HWY 431,,,,0.00,Y,T-Intersection,Y,Intersection,None,,,         ,Austin,Kendrick,Clear,Not Collision with Motor Vehicle in Transport,yes,no,no,no,no,Campus
100732829,METROPOLITAN NASHVILLE POLICE DEPT,20150124005,Davidson,Nashville,2/5/2015 4:10:00 PM,2,0,0,36.167860,-86.820800,28TH AVE N,,,,0.00,,,JEFFERSON ST,,,,0.00,Y,Four-Way, ,Intersection,None,,,         ,Isaac,Wood,Clear,Angle,no,no,no,no,no,False
100732841,METROPOLITAN NASHVILLE POLICE DEPT,20150124521,Davidson,Nashville,2/5/2015 6:34:00 PM,2,0,0,36.148990,-86.746390,I 40,,,,0.00,,,,,,,211.85,N,Not at Intersection, ,,None,,,         ,Timothy,Mead,,,no,no,no,no,no,False
100732846,THP District 3 - Nashville,315006911,Davidson,Nashville,2/5/2015 5:45:00 PM,3,0,0,36.032020,-86.783410,I 65,,,,0.00,,,,,,,74.10,N,Not at Intersection,N,Non-Junction,None,,,         ,Eric,Pincince,Clear,Front to Rear,no,no,no,no,no,False
100732850,METROPOLITAN NASHVILLE POLICE DEPT,20150124412,Davidson,Nashville,2/5/2015 6:38:00 PM,2,0,0,36.045590,-86.711420,STATE HWY 254,,,,371.00,Feet,East,RAMP,,,,0.00,N,Not at Intersection, ,Non-Junction,None,,,         ,Jessie,Meadows,Clear,"Sideswipe, Same Direction",no,no,no,no,yes,False
100732853,METROPOLITAN NASHVILLE POLICE DEPT,20150124534,Davidson,Nashville,2/5/2015 7:02:00 PM,2,0,0,36.134550,-86.726740,I 24,,,,0.00,,,,,,,52.10,N,Not at Intersection,N,Non-Junction,None,,,         ,Nicholas,Smith,Clear,Front to Rear,no,no,no,no,no,False
100732860,METROPOLITAN NASHVILLE POLICE DEPT,20150124620,Davidson,Nashville,2/5/2015 7:25:00 PM,2,0,0,36.033460,-86.667050,SHIRE DR,,,,316.00,Feet,East,WEATHERTOP RD,,,,0.00,N,Not at Intersection, ,Non-Junction,None,,,         ,Thomas,Odom,Clear,Angle,no,no,no,no,yes,False
100732868,GOODLETTSVILLE POLICE DEPT,15-04914,Davidson,Goodlettsville,2/5/2015 6:04:00 PM,2,2,0,36.322250,-86.713290,US HWY 31W,,,,0.00,,,STATE HWY 174,,,,0.00,Y,T-Intersection,N,Intersection,None,,,         ,Rico,Jones,Cloudy,HeadOn,no,no,no,no,no,False
100732869,METROPOLITAN NASHVILLE POLICE DEPT,20150124512,Davidson,Nashville,2/5/2015 6:00:00 PM,2,0,0,36.169980,-86.679780,MCGAVOCK PIKE,,,,228.00,Feet,North,US HWY 70,,,,0.00,N,Not at Intersection,N,Non-Junction,None,,,         ,David,Stanley,Clear,Angle,no,no,no,no,no,False
100732871,METROPOLITAN NASHVILLE POLICE DEPT,20150124437,Davidson,Nashville,2/5/2015 6:29:00 PM,2,1,0,36.133520,-86.727110,I 24,,,,0.00,,,,,,,52.05,N,Not at Intersection,N,Non-Junction,None,,,         ,Adam,Earle,Clear,Front to Rear,no,no,no,no,no,False
100732879,Nashville Airport Police,2015-00226,Davidson,Nashville,2/5/2015 12:00:00 AM,2,0,0,36.129000,-86.665410,STATE HWY 255,,,,0.00,,,RAMP,,,,0.00,Y,OTHER,N,Non-Junction,None,,,         ,Nathan,Holt,Clear,Other,no,no,no,no,no,False
100732884,METROPOLITAN NASHVILLE POLICE DEPT,20150124697,Davidson,Nashville,2/5/2015 7:45:00 PM,2,0,0,36.233100,-86.758650,MAPLEWOOD TRC,,,,0.00,,,US HWY 31W,,,,0.00,Y,Four-Way, ,Intersection,None,,,         ,Paul,Stein,Clear,Angle,no,no,no,no,no,False
100732889,METROPOLITAN NASHVILLE POLICE DEPT,20150124374,Davidson,Nashville,2/5/2015 6:00:00 PM,1,0,0,36.155300,-86.829080,I 40,,,,0.00,,,,,,,205.55,N,Not at Intersection, ,Non-Junction,None,,,         ,Alex,Lampley,Clear,Not Collision with Motor Vehicle in Transport,no,no,no,no,no,False
100732890,METROPOLITAN NASHVILLE POLICE DEPT,20150124711,Davidson,Nashville,2/5/2015 7:59:00 PM,1,0,0,36.101210,-86.735080,ANTIOCH PIKE,,,,0.00,,,WINGATE AVE,,,,0.00,Y,T-Intersection,N,Non-Junction,None,,,         ,Lukas,Cantrell,Clear,Not Collision with Motor Vehicle in Transport,no,no,no,no,no,False
100732895,METROPOLITAN NASHVILLE POLICE DEPT,20150124188,Davidson,Nashville,2/5/2015 5:04:00 PM,2,0,0,36.193270,-86.830610,US HWY 41 ALT,,,,0.00,,,S HAMILTON RD,,,,0.00,Y,Unknown,N,Non-Junction,None,,,         ,Jacob,Partin,Clear,Angle,no,no,no,no,no,False
100732898,METROPOLITAN NASHVILLE POLICE DEPT,20150124655,Davidson,Nashville,2/5/2015 7:43:00 PM,2,0,0,36.142280,-86.815240,31ST AVE S,,,,140.00,Feet,South,US HWY 70S,,,,0.00,N,Not at Intersection,N,Non-Junction,None,,,         ,Austin,Kendrick,Clear,Front to Rear,no,no,no,no,no,Campus
100732910,METROPOLITAN NASHVILLE POLICE DEPT,20150124585,Davidson,Nashville,2/5/2015 7:19:00 PM,2,1,0,36.124990,-86.847610,STATE HWY 155,,,,0.00,,,US HWY 70S,,,,0.00,Y,Four-Way,N,Intersection,None,,,         ,Patrick,Taylor,Clear,HeadOn,no,no,no,no,no,False
100732911,BERRY HILL POLICE DEPT,15-502,Davidson,Nashville,2/5/2015 5:55:00 PM,3,1,0,36.107840,-86.768850,I 65,,,,0.00,,,,,,,79.60,N,Not at Intersection,N,Non-Junction,None,,,         ,Greg,Colson,Clear,Front to Rear,no,no,no,no,no,False
100732912,METROPOLITAN NASHVILLE POLICE DEPT,20150124197,Davidson,Nashville,2/5/2015 5:23:00 PM,2,0,0,0.000000,0.000000,WEDGEWOOD,AVE,,,0.00,,,19TH,,,,0.00,Y,T-Intersection, ,Intersection,None,,,         ,Mekisha,Page,Clear,Angle,no,no,no,no,no,False
100732915,METROPOLITAN NASHVILLE POLICE DEPT,20150124465,Davidson,Nashville,2/5/2015 6:32:00 PM,2,0,0,36.029420,-86.744020,CLOVERLAND DR,,,,0.00,,,EDMONDSON PIKE,,,,0.00,Y,T-Intersection, ,Non-Junction,None,,,         ,Ricki,Armstrong,Clear,"Sideswipe, Opposite Direction",no,no,no,no,no,False
100732924,METROPOLITAN NASHVILLE POLICE DEPT,20150123999,Davidson,Nashville,2/5/2015 3:45:00 PM,2,0,0,36.183570,-86.736050,CHAPEL AVE,,,,252.00,Feet,South,FRANKLIN AVE,,,,0.00,N,Not at Intersection, ,Non-Junction,None,,,         ,Christopher,Davis,Clear,"Sideswipe, Same Direction",no,no,no,no,no,False
100732930,METROPOLITAN NASHVILLE POLICE DEPT,20150120768,Davidson,Nashville,2/4/2015 8:25:00 PM,2,0,0,36.167970,-86.664420,US HWY 70,,,,34.00,Feet,East,OLD LEBANON PIKE,,,,0.00,N,Not at Intersection,N,Non-Junction,None,,,         ,Russell,Freeman,Clear,HeadOn,no,no,no,no,no,False
100732934,METROPOLITAN NASHVILLE POLICE DEPT,20150124892,Davidson,Nashville,2/5/2015 9:08:00 PM,2,0,0,0.000000,0.000000,THOMPSON,LN,,,0.00,,,NOLENSVILLE,PIKE,,,0.00,Y,Four-Way, ,Intersection,None,,,         ,Mekisha,Page,Clear,Front to Rear,no,no,no,no,no,False
100732945,METROPOLITAN NASHVILLE POLICE DEPT,20150125087,Davidson,Not in City Limit,2/5/2015 10:19:00 PM,3,1,0,36.077390,-86.947180,US HWY 70S,,,,0.00,,,CONNECTING ROAD,,,,0.00,Y,Four-Way,N,Intersection,None,,,         ,Brandon,Pedigo,Clear,Angle,no,no,no,no,no,False
100732948,METROPOLITAN NASHVILLE POLICE DEPT,20150125194,Davidson,Nashville,2/5/2015 11:05:00 PM,2,1,0,36.144510,-86.739560,I 40,,,,0.00,,,,,,,212.30,N,Not at Intersection,N,Non-Junction,None,,,         ,Evan,Hibschman,Clear,HeadOn,no,no,no,no,no,False
100732950,METROPOLITAN NASHVILLE POLICE DEPT,20150125300,Davidson,Nashville,2/5/2015 11:40:00 PM,2,0,0,36.131990,-86.796450,BERNARD AVE,,,,267.00,Feet,East,18TH AVE S,,,,0.00,N,Not at Intersection,N,Non-Junction,None,,,         ,Michael,Baron,Clear,Angle,no,no,no,yes,yes,False
100732953,METROPOLITAN NASHVILLE POLICE DEPT,20150125132,Davidson,Not in City Limit,2/5/2015 10:19:00 PM,2,1,0,0.000000,0.000000,HWY 70 S,,,,0.00,,,CONNECTING ROAD,,US,,0.00,Y,Four-Way,N,Intersection,None,,,         ,Jeremy,Huffine,Clear,Angle,no,no,no,no,no,False
100732956,METROPOLITAN NASHVILLE POLICE DEPT,20150125407,Davidson,Nashville,2/5/2015 11:10:00 PM,1,0,0,36.196660,-86.762980,MARIE ST,,,,80.00,Feet,West,LISCHEY AVE,,,,0.00,N,Not at Intersection,N,Non-Junction,None,,,         ,Benjamin,Hadden,Clear,Not Collision with Motor Vehicle in Transport,no,no,no,no,yes,False
100732961,METROPOLITAN NASHVILLE POLICE DEPT,20150125412,Davidson,Nashville,2/6/2015 12:15:00 AM,1,0,0,36.126960,-86.709210,THOMPSON PL,,,,0.00,,,,,,,0.00,,,N,Non-Junction,None,,,         ,Bridget,Griepentrog,Clear,Not Collision with Motor Vehicle in Transport,no,no,no,yes,yes,False
100732967,METROPOLITAN NASHVILLE POLICE DEPT,2015-0125558,Davidson,Nashville,2/6/2015 1:27:00 AM,1,0,0,36.208830,-86.758440,JONES CIR,,,,296.00,Feet,North,QUEEN AVE,,,,0.00,N,Not at Intersection,N,Non-Junction,None,,,         ,Michael,Agee,Clear,Not Collision with Motor Vehicle in Transport,no,no,no,no,no,False
100732983,METROPOLITAN NASHVILLE POLICE DEPT,20150125850,Davidson,Nashville,2/6/2015 12:00:00 AM,1,0,0,36.137380,-86.641230,S TIMBER DR,,,,0.00,,,TIMBER VALLEY DR,,,,0.00,Y,T-Intersection,N,Non-Junction,None,,,         ,Benjamin,Cole,Clear,Not Collision with Motor Vehicle in Transport,no,no,no,no,yes,False
100732988,METROPOLITAN NASHVILLE POLICE DEPT,20150125599,Davidson,Nashville,2/6/2015 12:00:00 AM,3,0,0,36.084740,-86.906490,ERIN LN,,,,2318.00,Feet,North,RAMP,,,,0.00,N,Not at Intersection,N,Non-Junction,None,,,         ,Ryan,McManman,Clear,Angle,no,no,no,yes,no,False
100732991,METROPOLITAN NASHVILLE POLICE DEPT,2015-0121134,Davidson,Goodlettsville,2/4/2015 10:15:00 PM,2,0,0,36.297580,-86.699520,RAMP,,,,0.00,,,RIVERGATE PKWY,,,,0.00,Y,Y-Intersection,N,Intersection-Related,None,,,         ,George,Krukowski,Clear,"Sideswipe, Same Direction",no,no,no,no,yes,False
100732992,METROPOLITAN NASHVILLE POLICE DEPT,2015-0122858,Davidson,Nashville,2/5/2015 9:56:00 AM,1,0,0,36.168010,-86.821450,JOHN A MERRITT BLVD,,,,0.00,,,RAMP,,,,0.00,Y,T-Intersection, ,Intersection,None,,,         ,Ky,Luu,Clear,Not Collision with Motor Vehicle in Transport,no,no,no,no,no,False
100732995,METROPOLITAN NASHVILLE POLICE DEPT,20150125118,Davidson,Nashville,2/5/2015 10:00:00 PM,2,0,0,36.164540,-86.771020,VICTORY AVE,,,,400.00,Feet,East,TITANS WAY,,,,0.00,N,Not at Intersection, ,OtherLocation,None,,,         ,Jared,Zwilling,Clear,Front to Rear,no,no,no,yes,yes,False
100733001,METROPOLITAN NASHVILLE POLICE DEPT,2015-0123651,Davidson,Nashville,2/5/2015 2:24:00 PM,2,0,0,36.176990,-86.774600,SPRING ST,,,,0.00,,,N 1ST ST,,,,0.00,Y,Four-Way, ,Intersection,None,,,         ,Michael,Johnson,Clear,Front to Rear,no,no,no,no,no,False
100733002,METROPOLITAN NASHVILLE POLICE DEPT,2015-0123666,Davidson,Nashville,2/5/2015 2:19:00 PM,2,0,0,36.150150,-86.857900,STATE HWY 155,,,,0.00,,,US HWY 70,,,,0.00,Y,Four-Way,N,Intersection,None,,,         ,Curtis,Rich,Clear,Angle,no,no,no,no,no,False
100733014,METROPOLITAN NASHVILLE POLICE DEPT,20150122485,Davidson,Nashville,2/5/2015 8:05:00 AM,2,1,0,36.136010,-86.791960,WEDGEWOOD,AVE,SR1,,0.00,Feet,,15TH,AVE,SR,,0.00,Y,Four-Way,N,Intersection,None,,,         ,Phillip,Murphy,Clear,Angle,no,no,no,no,no,False
100733015,METROPOLITAN NASHVILLE POLICE DEPT,2015-0123463,Davidson,Nashville,2/5/2015 1:00:00 PM,1,0,0,36.171640,-86.752280,S 10TH ST,,,,125.00,Feet,North,SHELBY AVE,,,,0.00,N,Not at Intersection, ,Non-Junction,None,,,         ,Coleman,Womack,Clear,Not Collision with Motor Vehicle in Transport,no,no,no,yes,no,False
100733021,METROPOLITAN NASHVILLE POLICE DEPT,20150126283,Davidson,Nashville,2/6/2015 6:29:00 AM,2,0,0,36.127770,-86.665330,STATE HWY 255,,,,376.00,Feet,North,RAMP,,,,0.00,N,Not at Intersection,N,Non-Junction,None,,,         ,Jacob,Halouska,Clear,"Sideswipe, Same Direction",no,no,no,no,yes,False
100733033,METROPOLITAN NASHVILLE POLICE DEPT,20150126331,Davidson,Antioch,2/6/2015 7:11:00 AM,2,0,0,36.048780,-86.613020,US HWY 41,,,,1578.00,Feet,South,MOUNT VIEW RD,,,,0.00,N,Not at Intersection, ,Non-Junction,None,,,         ,Kenneth,Alexandrow,Clear,Front to Rear,no,no,no,no,yes,False
100733036,GOODLETTSVILLE POLICE DEPT,15-04590,Davidson,Goodlettsville,2/4/2015 5:35:00 PM,5,3,0,36.306400,-86.705950,I 65,,,,0.00,,,,,,,95.70,N,Not at Intersection,N,Non-Junction,None,,,         ,George,Forbes,Clear,Front to Rear,no,no,no,no,no,False
100733037,METROPOLITAN NASHVILLE POLICE DEPT,20150126330,Davidson,Nashville,2/6/2015 7:15:00 AM,2,0,0,36.219510,-86.870740,GILMORE CROSSING LN,,,,21.00,Feet,South,RAMBLING BROOK RD,,,,0.00,N,Not at Intersection, ,Non-Junction,None,,,         ,Clint,Gilleland,Clear,Angle,no,no,no,no,no,False
100733039,METROPOLITAN NASHVILLE POLICE DEPT,20150123473,Davidson,Nashville,2/5/2015 12:51:00 PM,1,0,0,36.146880,-86.744140,RUNDLE AVE,,,,67.00,Feet,East,-- UNKNOWN RAMP/ROAD --,,,,0.00,N,Not at Intersection,N,Entrance/Exit Ramp Related,None,,,         ,James,Curtis,Clear,Not Collision with Motor Vehicle in Transport,no,no,no,no,no,False
100733040,METROPOLITAN NASHVILLE POLICE DEPT,20150126449,Davidson,Nashville,2/6/2015 8:02:00 AM,2,1,0,36.151620,-86.770660,US HWY 41,,,,184.00,Feet,East,4TH AVE S,,,,0.00,N,Not at Intersection,N,Non-Junction,None,,,         ,Joshua,Hollins,Clear,Front to Rear,no,no,no,no,yes,False
100733041,METROPOLITAN NASHVILLE POLICE DEPT,2015-0126487,Davidson,Not in City Limit,2/6/2015 8:15:00 AM,2,0,0,36.031540,-86.964720,SNEED RD,,,,0.00,,,TIMBER GAP DR,,,,0.00,Y,T-Intersection, ,Intersection,None,,,         ,Curtis,Rich,Clear,Front to Rear,no,no,no,no,no,False
100733043,METROPOLITAN NASHVILLE POLICE DEPT,20150126492,Davidson,Nashville,2/6/2015 8:15:00 AM,2,0,0,36.060950,-86.727670,CHERRYWOOD DR,,,,383.00,Feet,South,SOUTHCREST DR,,,,0.00,N,Not at Intersection,N,Non-Junction,None,,,         ,Nathan,Kemp,Clear,"Sideswipe, Opposite Direction",no,no,no,no,no,False
100733044,METROPOLITAN NASHVILLE POLICE DEPT,20150126365,Davidson,Nashville,2/6/2015 7:36:00 AM,2,0,0,36.156790,-86.790320,-- UNKNOWN RAMP/ROAD --,,,,0.00,,,I 40,,,,0.00,Y,OTHER,N,Non-Junction,None,,,         ,Michael,Johnson,Clear,"Sideswipe, Same Direction",no,no,no,no,no,False
100733047,METROPOLITAN NASHVILLE POLICE DEPT,20150126361,Davidson,Nashville,2/6/2015 6:20:00 AM,1,0,0,36.126410,-86.729160,-- UNKNOWN RAMP/ROAD --,,,,0.00,Feet,East,I 24,,,,0.00,N,Not at Intersection,N,Entrance/Exit Ramp Related,None,,,         ,Trevin,Tolbert,Clear,Not Collision with Motor Vehicle in Transport,no,no,no,no,no,False
100733049,METROPOLITAN NASHVILLE POLICE DEPT,20150126426,Davidson,Nashville,2/6/2015 7:53:00 AM,1,0,0,36.113450,-86.804730,WOODMONT,BLVD,SR1,,0.00,,,STOKESMONT,RD,SR,,0.00,Y,Four-Way,N,Non-Junction,None,,,         ,Phillip,Murphy,Clear,Not Collision with Motor Vehicle in Transport,no,no,no,no,no,False