master_record_number,agency,agency_tracking_number,county,city,collision_date,vehicles_involved,number_injured,number_dead,latitude,longitude,roadway_name,roadway_suffix,roadway_number,roadway_local_id,distance_from_reference,miles-feet_indicator,direction_from_reference,intersection_road_name,intersection_road_name_suffix,intersection_road_number,intersection_local_id,mile_marker,intersection_indicator,intersect_type,interchange_related_indicator,relation_to_junction,work_zone_type,construction_maintenance_zone,construction_maintenance_zone_location,fatal_case_number,officer_first_name,officer_last_name,weather_condition(s),manner_of_crash,pedestrian,bicycle,scooter,parking,hitrun,mou
100734481,METROPOLITAN NASHVILLE POLICE DEPT,20150136051,Davidson,Nashville,2/9/2015 8:40:00 AM,2,0,0,36.141230,-86.740610,FOSTER AVE,,,,122.00,Feet,South,US HWY 41,,,,0.00,N,Not at Intersection,N,Non-Junction,None,,,         ,Ian,Hammond,Cloudy,"Sideswipe, Opposite Direction",no,no,no,no,yes,False
100734486,METROPOLITAN NASHVILLE POLICE DEPT,20150136122,Davidson,Nashville,2/9/2015 8:30:00 AM,3,2,0,36.138420,-86.723520,SPENCE LN,,,,271.00,Feet,South,CORNELIA ST,,,,0.00,N,Not at Intersection,N,Non-Junction,None,,,         ,James,Curtis,Cloudy,Front to Rear,no,no,no,no,no,False
100734497,METROPOLITAN NASHVILLE POLICE DEPT,20150136198,Davidson,Nashville,2/9/2015 10:08:00 AM,2,0,0,36.150680,-86.767890,2ND AVE S,,,,0.00,,,US HWY 41,,,,0.00,Y,Four-Way,N,Intersection,None,,,         ,James,Curtis,Cloudy,Unknown,no,no,no,no,yes,False
100734500,METROPOLITAN NASHVILLE POLICE DEPT,2015-0136327,Davidson,Nashville,2/9/2015 10:30:00 AM,2,0,0,36.150360,-86.749220,I 40,,,,0.00,,,,,,,211.65,N,Not at Intersection, ,Non-Junction,None,,,         ,William,Whitworth,Cloudy,Other,no,no,no,no,yes,False
100734503,METROPOLITAN NASHVILLE POLICE DEPT,20150123327,Davidson,Nashville,2/5/2015 12:26:00 PM,3,3,0,36.161150,-86.760570,I 24,,,,0.00,,,,,,,49.40,N,Not at Intersection,N,Non-Junction,None,,,         ,Alex,Moore,Cloudy,Front to Rear,no,no,no,no,no,False
100734504,METROPOLITAN NASHVILLE POLICE DEPT,20150136395,Davidson,Nashville,2/9/2015 11:30:00 AM,2,0,0,36.081850,-86.761790,-- UNKNOWN RAMP/ROAD --,,,,0.00,Feet,East,SIDCO DR,,,,0.00,N,Not at Intersection, ,Non-Junction,None,,,         ,Nathan,Kemp,Clear,Front to Rear,no,no,no,no,no,False
100734518,METROPOLITAN NASHVILLE POLICE DEPT,2015-0135192,Davidson,Nashville,2/9/2015 9:40:00 AM,2,0,0,36.183180,-86.797790,US HWY 41 ALT,,,,6.00,Feet,South,-- UNKNOWN RAMP/ROAD --,,,,0.00,N,Not at Intersection, ,,None,,,         ,William,Caillouette,,,no,no,no,no,no,False
100734534,METROPOLITAN NASHVILLE POLICE DEPT,20150136416,Davidson,Nashville,2/9/2015 11:38:00 AM,2,1,0,36.157830,-86.800530,US HWY 70,,,,45.00,Feet,West,RAMP,,,,0.00,N,Not at Intersection,N,Non-Junction,None,,,         ,Samuel,Ruth,Cloudy,Front to Rear,no,no,no,no,no,False
100734540,METROPOLITAN NASHVILLE POLICE DEPT,20150135947,Davidson,Nashville,2/9/2015 8:16:00 AM,2,0,0,36.176820,-86.793880,US HWY 41 ALT,,,,0.00,,,TAYLOR ST,,,,0.00,Y,Four-Way,N,Intersection,None,,,         ,Ryan,Caulfield,Cloudy,Angle,no,no,no,no,no,False
100734542,METROPOLITAN NASHVILLE POLICE DEPT,2015-0136505,Davidson,Nashville,2/9/2015 12:07:00 PM,2,0,0,36.126470,-86.845480,US HWY 70S,,,,392.00,Feet,East,KENNER AVE N,,,,0.00,N,Not at Intersection, ,Non-Junction,None,,,         ,Walter,Gray II,Cloudy,Front to Rear,no,no,no,no,yes,False
100734557,METROPOLITAN NASHVILLE POLICE DEPT,20150136637,Davidson,Nashville,2/9/2015 12:52:00 PM,2,0,0,36.142840,-86.765290,US HWY 31 ALT,,,,165.00,Feet,North,HART ST,,,,0.00,N,Not at Intersection, ,Non-Junction,None,,,         ,Trevin,Tolbert,Clear,Angle,no,no,no,no,no,False
100734563,METROPOLITAN NASHVILLE POLICE DEPT,20150133545,Davidson,Nashville,2/9/2015 11:40:00 AM,1,0,0,36.179970,-86.800610,I 65,,,,0.00,,,,,,,85.00,N,Not at Intersection,N,Non-Junction,None,,,         ,Ryan,Caulfield,Clear,Not Collision with Motor Vehicle in Transport,no,no,no,no,no,False
100734571,METROPOLITAN NASHVILLE POLICE DEPT,20150136160,Davidson,Nashville,2/9/2015 9:30:00 AM,2,0,0,36.099410,-86.820590,US HWY 431,,,,0.00,,,CASTLEMAN DR,,,,0.00,Y,T-Intersection, ,Intersection-Related,None,,,         ,Justin,Pinkelton,Cloudy,Angle,no,no,no,no,no,False
100734579,METROPOLITAN NASHVILLE POLICE DEPT,20150136167,Davidson,Nashville,2/9/2015 9:36:00 AM,2,0,0,36.106210,-86.673020,US HWY 41,,,,0.00,,,STATE HWY 255,,,,0.00,Y,Four-Way,N,Intersection,None,,,         ,Justin,Franklin,Cloudy,Rear to Side,no,no,no,no,no,False
100734587,METROPOLITAN NASHVILLE POLICE DEPT,2015-0136808,Davidson,Nashville,2/9/2015 1:40:00 PM,2,0,0,36.165030,-86.779820,4TH AVE N,,,,0.00,,,UNION ST,,,,0.00,Y,T-Intersection, ,Intersection,None,,,         ,Paul,Sorace,Cloudy,Angle,no,no,no,no,no,False
100734588,METROPOLITAN NASHVILLE POLICE DEPT,20150136805,Davidson,Nashville,2/9/2015 1:36:00 PM,2,0,0,0.000000,0.000000,SMITH SPRINGS RD,,,,100.00,Feet,North,BELL RD,,,,0.00,N,Not at Intersection, ,Non-Junction,None,,,         ,Caleb,Jernigan,Cloudy,Angle,no,no,no,no,no,False
100734596,VANDERBILT UNIVERSITY POLICE,15-0136774,Davidson,Nashville,2/6/2015 1:00:00 PM,2,0,0,36.138870,-86.802970,CHILDRENS WAY,,,,0.00,,,23RD AVE S,,,,0.00,Y,OTHER, ,,,,,         ,Brent,Clark,,,no,no,no,yes,no,Campus
100734620,METROPOLITAN NASHVILLE POLICE DEPT,20150136527,Davidson,Nashville,2/9/2015 12:12:00 PM,2,0,0,36.078550,-86.772920,US HWY 31,,,,0.00,,,LAMBERT DR,,,,0.00,Y,T-Intersection,N,Intersection,None,,,         ,Nathan,Kemp,Clear,Angle,no,no,no,no,no,False
100734634,METROPOLITAN NASHVILLE POLICE DEPT,20150137050,Davidson,Nashville,2/9/2015 3:01:00 PM,2,1,0,36.085540,-86.698830,EXIT 56,,,,0.00,,,I 24,,,,0.00,Y,Four-Way,N,Entrance/Exit Ramp Related,None,,,         ,Lukas,Cantrell,Clear,Front to Rear,no,no,no,no,no,False
100734637,METROPOLITAN NASHVILLE POLICE DEPT,15-0136976,Davidson,Nashville,2/9/2015 2:30:00 PM,2,0,0,0.000000,0.000000,ROSA L PARKS BLVD,,,,0.00,,,ROSA L PARKS BLVD,BLVD,US,,0.00,Y,Four-Way, ,Non-Junction,None,,,         ,Dejuan,Daniels,Cloudy,"Sideswipe, Same Direction",no,no,no,no,yes,False
100734643,METROPOLITAN NASHVILLE POLICE DEPT,20150137197,Davidson,Nashville,2/9/2015 3:44:00 PM,2,0,0,36.145360,-86.812580,28TH AVE N,,,,131.00,Feet,North,US HWY 70S,,,,0.00,N,Not at Intersection, ,Non-Junction,None,,,         ,Tien,Nguyen,Clear,"Sideswipe, Same Direction",no,no,no,no,no,Campus
100734659,METROPOLITAN NASHVILLE POLICE DEPT,20150137284,Davidson,Nashville,2/9/2015 4:22:00 PM,2,1,0,36.065230,-86.759550,HOGAN RD,,,,100.00,Feet,West,TROUSDALE DR,,,,0.00,N,Not at Intersection,N,Non-Junction,None,,,         ,Peter,Knisley,Cloudy,Front to Rear,no,no,no,no,no,False
100734684,METROPOLITAN NASHVILLE POLICE DEPT,20150137404,Davidson,Nashville,2/9/2015 5:00:00 PM,2,0,0,36.149850,-86.802400,US HWY 70S,,,,360.00,Feet,East,LOUISE AVE,,,,0.00,N,Not at Intersection,N,Non-Junction,None,,,         ,Eric,Harvey,Clear,Angle,no,no,no,no,no,Campus
100734686,METROPOLITAN NASHVILLE POLICE DEPT,15-0137494,Davidson,Nashville,2/9/2015 5:20:00 PM,2,0,0,0.000000,0.000000,BROADWAY AVE,,,,0.00,,,BROADWAY AVE,,US,,0.00,Y,OTHER, ,Non-Junction,None,,,         ,Dejuan,Daniels,Clear,"Sideswipe, Same Direction",no,no,no,no,no,False
100734692,METROPOLITAN NASHVILLE POLICE DEPT,20150137513,Davidson,Nashville,2/9/2015 5:34:00 PM,2,0,0,36.177120,-86.746280,WOODLAND ST,,,,141.00,Feet,West,N 14TH ST,,,,0.00,N,Not at Intersection, ,Non-Junction,None,,,         ,Darryl,Williams,Clear,Front to Rear,no,no,no,no,no,False
100734693,METROPOLITAN NASHVILLE POLICE DEPT,20150137362,Davidson,Nashville,2/9/2015 4:18:00 PM,2,0,0,36.061290,-86.716730,US HWY 31 ALT,,,,0.00,,,MCMURRAY DR,,,,0.00,Y,Four-Way, ,Intersection,None,,,         ,Peter,Knisley,Clear,Angle,no,no,no,no,no,False
100734694,METROPOLITAN NASHVILLE POLICE DEPT,20150137414,Davidson,Nashville,2/9/2015 4:28:00 PM,2,0,0,36.068190,-86.719110,US HWY 31 ALT,,,,0.00,,,HAYWOOD LN,,,,0.00,Y,T-Intersection, ,Intersection-Related,None,,,         ,Tien,Nguyen,Clear,Front to Rear,no,no,no,no,no,False
100734697,METROPOLITAN NASHVILLE POLICE DEPT,20150137537,Davidson,Nashville,2/9/2015 5:40:00 PM,3,0,0,36.109680,-86.721960,STATE HWY 155,,,,0.00,,,-- UNKNOWN RAMP/ROAD --,,,,0.00,Y,T-Intersection, ,Non-Junction,None,,,         ,Lukas,Cantrell,Clear,Front to Rear,no,no,no,no,no,False
100734700,METROPOLITAN NASHVILLE POLICE DEPT,20150137648,Davidson,Nashville,2/9/2015 12:00:00 AM,2,1,0,36.074260,-86.739280,BLACKMAN RD,,,,0.00,,,DARLINGTON DR,,,,0.00,Y,T-Intersection,N,Intersection-Related,None,,,         ,Michael,Collazo,Clear,Front to Rear,no,no,no,no,no,False
100734701,METROPOLITAN NASHVILLE POLICE DEPT,20150137483,Davidson,Nashville,2/9/2015 5:27:00 PM,2,0,0,36.043080,-86.654930,I 24,,,,0.00,,,,,,,59.70,N,Not at Intersection,N,Entrance/Exit Ramp Related,None,,,         ,Joseph,Progar,Cloudy,Front to Rear,no,no,no,no,yes,False
100734706,METROPOLITAN NASHVILLE POLICE DEPT,20150137684,Davidson,Nashville,2/9/2015 5:44:00 PM,2,0,0,36.070890,-86.635060,US HWY 41,,,,298.00,Feet,South,RAMP,,,,0.00,N,Not at Intersection,N,"Driveway, Alley Access, etc",None,,,         ,Kevin,Keating,Clear,Angle,no,no,no,no,yes,False
100734716,METROPOLITAN NASHVILLE POLICE DEPT,20150137688,Davidson,Nashville,2/9/2015 5:48:00 PM,2,0,0,36.141180,-86.665190,I 40,,,,0.00,,,,,,,218.00,N,Not at Intersection, ,,None,,,         ,Jared,Ester,,,no,no,no,no,no,False
100734719,METROPOLITAN NASHVILLE POLICE DEPT,20150137450,Davidson,Nashville,2/9/2015 5:10:00 PM,2,0,0,36.160240,-86.782930,US HWY 31,,,,0.00,,,COMMERCE ST,,,,0.00,Y,Four-Way,Y,Intersection,None,,,         ,Tyler,Hutton,Clear,Front to Rear,no,no,no,no,no,False
100734722,METROPOLITAN NASHVILLE POLICE DEPT,20150137782,Davidson,Nashville,2/9/2015 6:46:00 PM,2,2,0,36.198280,-86.620330,STATE HWY 45,,,,0.00,,,US HWY 70,,,,0.00,Y,Four-Way,N,Intersection,None,,,         ,Stephen,Soule,Clear,Front to Rear,no,no,no,no,yes,False
100734723,METROPOLITAN NASHVILLE POLICE DEPT,20150137620,Davidson,Nashville,2/9/2015 6:12:00 PM,2,1,0,36.104050,-86.741710,MCIVER ST,,,,0.00,,,SUNRISE AVE,,,,0.00,Y,T-Intersection,N,Non-Junction,None,,,         ,Nicholas,Smith,Cloudy,Front to Rear,no,no,no,no,no,False
100734726,METROPOLITAN NASHVILLE POLICE DEPT,20150137790,Davidson,Nashville,2/9/2015 7:10:00 PM,2,0,0,36.203240,-86.738660,GALLATIN PIKE,,,,137.00,Feet,South,E TRINITY LN,,,,0.00,N,Not at Intersection,N,Non-Junction,None,,,         ,Benjamin,Smith,Cloudy,HeadOn,no,no,no,no,no,False
100734729,METROPOLITAN NASHVILLE POLICE DEPT,2015-0137703,Davidson,Nashville,2/9/2015 6:40:00 PM,2,0,0,36.101060,-86.819770,HOBBS RD,,,,0.00,,,HILLSBORO CIR,,,,0.00,Y,T-Intersection, ,Intersection,None,,,         ,Christopher,Clark,Rain,Angle,no,no,no,no,no,False
100734737,METROPOLITAN NASHVILLE POLICE DEPT,20150137826,Davidson,Nashville,2/9/2015 7:05:00 PM,2,0,0,36.247220,-86.720840,US HWY 31E,,,,179.00,Feet,South,RAMP,,,,0.00,N,Not at Intersection, ,Non-Junction,None,,,         ,Lawrence,Lacy,Cloudy,Front to Rear,no,no,no,no,no,False
100734739,METROPOLITAN NASHVILLE POLICE DEPT,20150137631,Davidson,Nashville,2/9/2015 6:04:00 PM,2,0,0,36.087770,-86.691400,STATE HWY 255,,,,265.00,Feet,East,ANTIOCH PIKE,,,,0.00,N,Not at Intersection,N,Non-Junction,None,,,         ,John,Stanfield,Cloudy,Angle,no,no,no,no,no,False
100734740,METROPOLITAN NASHVILLE POLICE DEPT,20150116387,Davidson,Goodlettsville,2/3/2015 5:37:00 PM,3,0,0,36.305660,-86.706590,I 65,,,,0.00,,,,,,,95.65,N,Not at Intersection, ,Non-Junction,None,,,         ,Lawrence,Lacy,Cloudy,Front to Rear,no,no,no,no,no,False
100734741,VANDERBILT UNIVERSITY POLICE,15-1376546,Davidson,Nashville,2/9/2015 5:40:00 PM,2,0,0,36.105300,-86.763560,ARMORY OAKS DR,,,,0.00,,,POWELL AVE,,,,0.00,Y,T-Intersection,N,Intersection,None,,,         ,Robert,Skucy,Cloudy,Angle,no,no,no,no,no,False
100734760,METROPOLITAN NASHVILLE POLICE DEPT,20150137342,Davidson,Nashville,2/9/2015 4:40:00 PM,2,0,0,36.136880,-86.795770,WEDGEWOOD AVE,,,,0.00,,,17TH AVE S,,,,0.00,Y,Four-Way, ,Intersection,None,,,         ,Charles,Griffin,Clear,"Sideswipe, Same Direction",no,no,no,no,no,Campus
100734763,METROPOLITAN NASHVILLE POLICE DEPT,20150137574,Davidson,Nashville,2/9/2015 5:52:00 PM,1,1,0,36.147410,-86.758160,US HWY 41,,,,99.00,Feet,West,FAIRFIELD AVE,,,,0.00,N,Not at Intersection,N,OtherLocation,None,,,         ,Torrance,Bennett,Cloudy,Not Collision with Motor Vehicle in Transport,yes,no,no,no,yes,False
100734772,METROPOLITAN NASHVILLE POLICE DEPT,20150134296,Davidson,Nashville,2/8/2015 12:00:00 AM,2,1,0,36.182780,-86.804030,10TH AVE N,,,,0.00,,,COFFEE ST,,,,0.00,Y,Four-Way,N,Intersection,None,,,         ,Ashton,Hill,Clear,Angle,no,no,no,no,no,False
100734782,METROPOLITAN NASHVILLE POLICE DEPT,20150138027,Davidson,Nashville,2/9/2015 6:41:00 PM,2,0,0,36.064760,-86.628450,US HWY 41,,,,0.00,,,HAMILTON CHURCH RD,,,,0.00,Y,Four-Way, ,Intersection,None,,,         ,Ryan,Hampton,Clear,"Sideswipe, Same Direction",no,no,no,no,no,False
100734786,METROPOLITAN NASHVILLE POLICE DEPT,20150138083,Davidson,Nashville,2/9/2015 8:45:00 PM,2,3,0,36.153790,-86.840890,I 40,,,,0.00,,,,,,,204.90,N,Not at Intersection,N,Entrance/Exit Ramp Related,None,,,         ,Mark,Hatt,Cloudy,Front to Rear,no,no,no,no,no,False
100734788,METROPOLITAN NASHVILLE POLICE DEPT,20150137230,Davidson,Nashville,2/9/2015 3:46:00 PM,2,0,0,36.170220,-86.768310,-- UNKNOWN RAMP/ROAD --,,,,0.00,,,I 24,,,,0.00,Y,T-Intersection, ,Intersection-Related,None,,,         ,Ethan,Luffman,Clear,Front to Rear,no,no,no,no,no,False
100734789,METROPOLITAN NASHVILLE POLICE DEPT,20150138325,Davidson,Not in City Limit,2/9/2015 10:11:00 PM,1,1,0,36.009260,-86.698270,CULBERTSON RD,,,,635.00,Feet,South,CALLABEE WAY,,,,0.00,N,Not at Intersection,N,Non-Junction,None,,,         ,Kevin,Keating,Clear,Not Collision with Motor Vehicle in Transport,no,no,no,no,no,False
100734790,METROPOLITAN NASHVILLE POLICE DEPT,20150138222,Davidson,Nashville,2/9/2015 9:35:00 PM,2,1,0,36.145070,-86.630820,WEMBERTON DR,,,,385.00,Feet,South,NORWALK DR,,,,0.00,N,Not at Intersection,N,Non-Junction,None,,,         ,Michael,Apsey,Cloudy,Not Collision with Motor Vehicle in Transport,no,no,no,no,no,False
100734797,METROPOLITAN NASHVILLE POLICE DEPT,20150138179,Davidson,Nashville,2/9/2015 9:20:00 PM,2,0,0,36.143210,-86.876360,WILCLAY DR,,,,533.00,Feet,West,MERCOMATIC CT,,,,0.00,N,Not at Intersection,N,Non-Junction,None,,,         ,Jeremy,Huffine,Clear,Angle,no,no,no,no,yes,False
100734802,METROPOLITAN NASHVILLE POLICE DEPT,20150130923,Davidson,Nashville,2/7/2015 4:00:00 PM,2,0,0,36.083330,-86.767030,-- UNKNOWN RAMP/ROAD --,,,,0.00,,,I 65,,,,0.00,Y,Y-Intersection, ,Non-Junction,None,,,         ,Oscar,Gomez,Clear,"Sideswipe, Same Direction",no,no,no,no,yes,False
100734806,METROPOLITAN NASHVILLE POLICE DEPT,20150138345,Davidson,Nashville,2/9/2015 10:20:00 PM,2,1,0,36.134230,-86.779160,US HWY 31,,,,0.00,,,WEDGEWOOD AVE,,,,0.00,Y,Four-Way,N,Intersection,None,,,         ,Tien,Nguyen,Clear,Angle,no,no,no,no,no,False
100734828,METROPOLITAN NASHVILLE POLICE DEPT,20150138671,Davidson,Antioch,2/10/2015 12:20:00 AM,1,0,0,0.000000,0.000000,HAMILTON CHURCH,RD,,,500.00,Feet,East,MT. VIEW,RD,,,0.00,N,Not at Intersection,N,Non-Junction,None,,,         ,Josh,Baney,Clear,Not Collision with Motor Vehicle in Transport,no,no,no,no,no,False
100734829,METROPOLITAN NASHVILLE POLICE DEPT,20150138428,Davidson,Nashville,2/9/2015 11:15:00 PM,2,0,0,36.153630,-86.857480,STATE HWY 155,,,,56.00,Feet,North,-- UNKNOWN RAMP/ROAD --,,,,0.00,N,Not at Intersection, ,,,,,         ,Jean,McCormack,,,no,no,no,no,no,False
100734830,METROPOLITAN NASHVILLE POLICE DEPT,20150138431,Davidson,Nashville,2/9/2015 10:59:00 PM,1,0,0,36.201350,-86.717270,PIEDMONT AVE,,,,80.00,Feet,East,PINEWOOD RD,,,,0.00,N,Not at Intersection,N,Non-Junction,None,,,         ,Joshua,Lefler,Clear,Not Collision with Motor Vehicle in Transport,no,no,no,no,yes,False
100734836,METROPOLITAN NASHVILLE POLICE DEPT,20150138807,Davidson,Nashville,2/10/2015 12:00:00 AM,2,0,0,36.148420,-86.766650,CAMERON ST,,,,55.00,Feet,West,US HWY 31 ALT,,,,0.00,N,Not at Intersection,N,Non-Junction,None,,,         ,Angelo,Lezzi,Clear,Front to Rear,no,no,no,no,yes,False
100734837,METROPOLITAN NASHVILLE POLICE DEPT,20150121016,Davidson,Nashville,2/4/2015 10:00:00 PM,2,1,0,36.145970,-86.666650,ROYAL PKWY,,,,0.00,,,STATE HWY 255,,,,0.00,Y,Four-Way,N,Non-Junction,None,,,         ,Angelo,Lezzi,Severe Cross-Winds,Front to Rear,no,no,no,no,no,False
100734844,METROPOLITAN NASHVILLE POLICE DEPT,20150138947,Davidson,Nashville,2/10/2015 2:33:00 AM,1,0,0,0.000000,0.000000,HARDING,PL,,476,10.00,Feet,East,,,,,476.00,N,Not at Intersection,N,Non-Junction,None,,,         ,William,Hamblen,Clear,Not Collision with Motor Vehicle in Transport,no,no,no,no,no,False
100734848,METROPOLITAN NASHVILLE POLICE DEPT,20150132710,Davidson,Nashville,2/8/2015 3:09:00 AM,2,0,0,36.206610,-86.777950,US HWY 431,,,,0.00,,,BRICK CHURCH PIKE,,,,0.00,Y,Four-Way,Y,Intersection-Related,None,,,         ,Chad,Brown,Clear,Angle,no,no,no,no,no,False
100734856,METROPOLITAN NASHVILLE POLICE DEPT,2015-0135317,Davidson,Nashville,2/9/2015 2:15:00 AM,1,1,0,36.068770,-86.678390,RICHARDS RD,,,,69.00,Feet,West,LORI DR,,,,0.00,N,Not at Intersection,N,Non-Junction,None,,,         ,William,Williams,Clear,Not Collision with Motor Vehicle in Transport,no,no,no,no,no,False
100734869,METROPOLITAN NASHVILLE POLICE DEPT,20150139299,Davidson,Nashville,2/10/2015 5:20:00 AM,2,0,0,36.161940,-86.780960,6TH AVE N,,,,248.00,Feet,North,COMMERCE ST,,,,0.00,N,Not at Intersection, ,Non-Junction,None,,,         ,Matthew,Bajt,Clear,Front to Rear,no,no,no,no,no,False
100734876,METROPOLITAN NASHVILLE POLICE DEPT,20150139516,Davidson,Nashville,2/10/2015 7:13:00 AM,2,0,0,36.124590,-86.806700,-- UNKNOWN RAMP/ROAD --,,,,0.00,Feet,East,I 440,,,,0.00,N,Not at Intersection,N,Non-Junction,None,,,         ,Nathan,Kemp,Clear,Front to Rear,no,no,no,no,no,False
100734886,METROPOLITAN NASHVILLE POLICE DEPT,20150136765,Davidson,Madison,2/9/2015 1:45:00 PM,2,0,0,36.296960,-86.699120,MYATT DR,,,,0.00,,,US HWY 31E,,,,0.00,Y,OTHER,N,OtherLocation,None,,,         ,Jeffery,Burnette,Cloudy,Other,no,no,no,no,no,False
100734890,METROPOLITAN NASHVILLE POLICE DEPT,2015-0136670,Davidson,Nashville,2/9/2015 11:25:00 AM,1,0,0,36.191910,-86.782300,I 65,,,,0.00,,,,,,,86.20,N,Not at Intersection,N,Non-Junction,None,,,         ,Charles,Kaster,Clear,Not Collision with Motor Vehicle in Transport,no,no,no,no,no,False
100734894,METROPOLITAN NASHVILLE POLICE DEPT,20150139589,Davidson,Nashville,2/10/2015 7:38:00 AM,2,0,0,36.082010,-86.758250,TROUSDALE DR,,,,82.00,Feet,North,RAMP,,,,0.00,N,Not at Intersection, ,Non-Junction,None,,,         ,Samuel,Ruth,Cloudy,Angle,no,no,no,no,no,False
100734901,METROPOLITAN NASHVILLE POLICE DEPT,20150139606,Davidson,Nashville,2/10/2015 7:45:00 AM,2,0,0,36.128900,-86.786030,LAWRENCE AVE,,,,0.00,,,10TH AVE S,,,,0.00,Y,Four-Way,N,Intersection,None,,,         ,Justin,Pinkelton,Cloudy,Angle,no,no,no,no,no,False
100734903,METROPOLITAN NASHVILLE POLICE DEPT,20150139495,Davidson,Not in City Limit,2/10/2015 7:04:00 AM,2,2,0,36.325710,-86.868560,RAMP,,,,0.00,,,US HWY 431,,,,0.00,Y,T-Intersection,Y,Entrance/Exit Ramp Related,None,,,         ,Michael,Parman,Cloudy,Front to Rear,no,no,no,no,no,False
100734906,METROPOLITAN NASHVILLE POLICE DEPT,20150139577,Davidson,Nashville,2/10/2015 7:39:00 AM,2,0,0,36.011820,-86.617500,I 24,,,,0.00,,,,,,,62.80,N,Not at Intersection, ,Non-Junction,None,,,         ,Kenneth,Alexandrow,Cloudy,Front to Rear,no,no,no,no,no,False
100734909,METROPOLITAN NASHVILLE POLICE DEPT,20150139637,Davidson,Nashville,2/10/2015 7:57:00 AM,2,0,0,36.197450,-86.609800,TYLER DR,,,,108.00,Feet,East,EVA DR,,,,0.00,N,Not at Intersection, ,Non-Junction,None,,,         ,Craig,Carlson,Cloudy,Front to Rear,no,no,no,no,no,False
100734910,METROPOLITAN NASHVILLE POLICE DEPT,20150139682,Davidson,Nashville,2/9/2015 12:00:00 AM,1,0,0,36.147300,-86.757850,US HWY 41,,,,0.00,,,,,,,0.00,,, ,Non-Junction,None,,,         ,Trevin,Tolbert,Unknown,Not Collision with Motor Vehicle in Transport,no,no,no,no,yes,False
100734913,METROPOLITAN NASHVILLE POLICE DEPT,2015-0139700,Davidson,Nashville,2/10/2015 7:55:00 AM,2,0,0,36.166540,-86.803410,17TH AVE N,,,,21.00,Feet,North,JACKSON ST,,,,0.00,N,Not at Intersection,N,Non-Junction,None,,,         ,Charles,Kaster,Clear,Angle,no,no,no,no,no,False
100734916,METROPOLITAN NASHVILLE POLICE DEPT,20150139880,Davidson,Nashville,2/10/2015 9:13:00 AM,1,0,0,36.104190,-86.742300,MCIVER ST,,,,181.00,Feet,West,US HWY 31 ALT,,,,0.00,N,Not at Intersection,N,Non-Junction,None,,,         ,Nathan,Kemp,Clear,Not Collision with Motor Vehicle in Transport,no,no,no,no,no,False
100734922,METROPOLITAN NASHVILLE POLICE DEPT,20150139859,Davidson,Not in City Limit,2/10/2015 8:04:00 AM,1,0,0,36.337570,-86.913150,I 24,,,,0.00,,,,,,,32.20,N,Not at Intersection,N,Non-Junction,None,,,         ,Michael,Parman,Cloudy,Not Collision with Motor Vehicle in Transport,no,no,no,no,no,False
100734923,METROPOLITAN NASHVILLE POLICE DEPT,2015-0135762,Davidson,Nashville,2/9/2015 7:00:00 AM,2,1,0,36.083670,-86.647200,US HWY 41,,,,0.00,,,BROOKSBORO TER,,,,0.00,Y,Four-Way,N,Intersection,None,,,         ,James,Grady,Cloudy,Front to Rear,no,no,no,no,yes,False
100734926,GOODLETTSVILLE POLICE DEPT,15-05641,Davidson,Goodlettsville,2/10/2015 6:33:00 AM,2,0,0,36.312290,-86.673580,STATE ROUTE 386,,,,20.00,Feet,East,,,,,2.20,N,Not at Intersection,N,Non-Junction,None,,,         ,Daniel,Knalls,Cloudy,Front to Rear,no,no,no,no,no,False
100734927,METROPOLITAN NASHVILLE POLICE DEPT,20150139717,Davidson,Nashville,2/10/2015 7:30:00 AM,2,1,0,36.249210,-86.742080,I 65,,,,0.00,,,,,,,91.15,N,Not at Intersection,N,Non-Junction,None,,,         ,Jeffery,Burnette,Cloudy,Front to Rear,no,no,no,no,no,False
100734935,METROPOLITAN NASHVILLE POLICE DEPT,2015-0139899,Davidson,Nashville,2/10/2015 9:22:00 AM,2,0,0,36.130960,-86.919100,RIVER RD,,,,2190.00,Feet,East,GOWER RD,,,,0.00,N,Not at Intersection, ,Non-Junction,None,,,         ,Curtis,Rich,Cloudy,Front to Rear,no,no,no,no,no,False
100734938,METROPOLITAN NASHVILLE POLICE DEPT,2015-0139437,Davidson,Nashville,2/10/2015 6:27:00 AM,2,1,0,36.098610,-86.659400,US HWY 41,,,,0.00,,,HARDING PL,,,,0.00,Y,T-Intersection,N,Intersection,None,,,         ,John,Neely,Clear,Angle,no,no,no,no,no,False
100734953,METROPOLITAN NASHVILLE POLICE DEPT,20150136873,Davidson,Nashville,2/9/2015 1:57:00 PM,2,0,0,36.153460,-86.752180,US HWY 70,,,,303.00,Feet,East,DECATUR ST,,,,0.00,N,Not at Intersection,N,Non-Junction,None,,,         ,James,Curtis,Cloudy,Front to Rear,no,no,no,no,no,False
100734954,METROPOLITAN NASHVILLE POLICE DEPT,20150139479,Davidson,Nashville,2/10/2015 6:57:00 AM,2,1,0,36.153460,-86.756260,I 40,,,,0.00,,,,,,,211.20,N,Not at Intersection,N,Non-Junction,None,,,         ,James,Curtis,Cloudy,Front to Rear,no,no,no,no,no,False
100734955,METROPOLITAN NASHVILLE POLICE DEPT,20150139683,Davidson,Nashville,2/10/2015 8:12:00 AM,2,0,0,36.144660,-86.744040,FESSLERS LN,,,,0.00,,,ELM HILL PIKE,,,,0.00,Y,Four-Way, ,,None,,,         ,James,Curtis,,,no,no,no,no,no,False
100734958,METROPOLITAN NASHVILLE POLICE DEPT,20150139989,Davidson,Nashville,2/10/2015 9:45:00 AM,2,0,0,36.151870,-86.771280,4TH AVE S,,,,0.00,,,US HWY 41,,,,0.00,Y,Four-Way, ,,None,,,         ,Catherine,Poole,,,no,no,no,no,no,False