master_record_number,agency,agency_tracking_number,county,city,collision_date,vehicles_involved,number_injured,number_dead,latitude,longitude,roadway_name,roadway_suffix,roadway_number,roadway_local_id,distance_from_reference,miles-feet_indicator,direction_from_reference,intersection_road_name,intersection_road_name_suffix,intersection_road_number,intersection_local_id,mile_marker,intersection_indicator,intersect_type,interchange_related_indicator,relation_to_junction,work_zone_type,construction_maintenance_zone,construction_maintenance_zone_location,fatal_case_number,officer_first_name,officer_last_name,weather_condition(s),manner_of_crash,pedestrian,bicycle,scooter,parking,hitrun,mou
100734959,METROPOLITAN NASHVILLE POLICE DEPT,20150139897,Davidson,Nashville,2/10/2015 9:14:00 AM,2,0,0,36.188240,-86.629270,US HWY 70,,,,0.00,,,HICKORY HILL LN,,,,0.00,Y,T-Intersection,N,Intersection,None,,,         ,Craig,Carlson,Cloudy,Angle,no,no,no,no,yes,False
100734961,METROPOLITAN NASHVILLE POLICE DEPT,2015-0139782,Davidson,Nashville,2/10/2015 8:25:00 AM,2,1,0,36.116540,-86.725310,I 24,,,,0.00,,,,,,,53.20,N,Not at Intersection,N,Non-Junction,None,,,         ,James,Grady,Cloudy,Front to Rear,no,no,no,no,no,False
100734962,METROPOLITAN NASHVILLE POLICE DEPT,20150130877,Davidson,Nashville,2/7/2015 2:00:00 PM,2,0,0,36.174250,-86.791970,US HWY 41 ALT,,,,188.00,Feet,North,REV DR ENOCH JONES BLVD,,,,0.00,N,Not at Intersection, ,OtherLocation,None,,,         ,Earnest,Fields,Clear,Other,no,no,no,yes,yes,False
100734975,METROPOLITAN NASHVILLE POLICE DEPT,20150139845,Davidson,Nashville,2/10/2015 8:37:00 AM,2,0,0,36.044790,-86.669600,STATE HWY 254,,,,258.00,Feet,East,HICKORY PARK DR,,,,0.00,N,Not at Intersection, ,Non-Junction,None,,,         ,Todd,Watson,Cloudy,Front to Rear,no,no,no,no,no,False
100734977,METROPOLITAN NASHVILLE POLICE DEPT,2015-0136304,Davidson,Nashville,2/9/2015 10:50:00 AM,2,0,0,36.176490,-86.772470,I 24,,,,0.00,,,,,,,48.00,N,Not at Intersection,Y,Entrance/Exit Ramp Related,None,,,         ,Coleman,Womack,Cloudy,"Sideswipe, Same Direction",no,no,no,no,yes,False
100734979,METROPOLITAN NASHVILLE POLICE DEPT,20150140037,Davidson,Nashville,2/10/2015 9:30:00 AM,1,0,0,36.123130,-86.717440,E THOMPSON LN,,,,300.00,Feet,North,LAWNDALE DR,,,,0.00,N,Not at Intersection,N,Non-Junction,None,,,         ,Reuben,Hewit,Cloudy,Not Collision with Motor Vehicle in Transport,no,no,no,no,no,False
100734987,THP District 3 - Nashville,315006629,Davidson,Nashville,2/4/2015 12:29:00 PM,2,0,0,36.169490,-86.881250,COCKRILL BEND BLVD,,,,1286.00,Feet,West,TUFTING CT,,,,0.00,N,Not at Intersection, ,,,,,         ,William,Head,,,no,no,no,yes,no,False
100734988,METROPOLITAN NASHVILLE POLICE DEPT,2015-0136819,Davidson,Nashville,2/9/2015 1:40:00 PM,2,0,0,36.196990,-86.742040,GALLATIN PIKE,,,,0.00,,,CAROLYN AVE,,,,0.00,Y,T-Intersection, ,Intersection,None,,,         ,Coleman,Womack,Cloudy,Front to Rear,no,no,no,no,no,False
100734996,METROPOLITAN NASHVILLE POLICE DEPT,2015-0139491,Davidson,Nashville,2/10/2015 6:55:00 AM,2,0,0,36.170130,-86.594220,I 40,,,,0.00,,,,,,,221.20,N,Not at Intersection, ,Non-Junction,None,,,         ,Michael,Baker,Clear,Front to Rear,no,no,no,no,no,False
100734998,METROPOLITAN NASHVILLE POLICE DEPT,20150140108,Davidson,Antioch,2/10/2015 9:28:00 AM,2,0,0,36.042500,-86.593580,CHESTNUT OAK DR,,,,337.00,Feet,South,POST OAK DR,,,,0.00,N,Not at Intersection, ,Non-Junction,None,,,         ,Kenneth,Alexandrow,Cloudy,Rear to Side,no,no,no,no,yes,False
100735001,METROPOLITAN NASHVILLE POLICE DEPT,2015-0140161,Davidson,Nashville,2/10/2015 10:45:00 AM,2,0,0,36.153570,-86.824150,33RD AVE N,,,,86.00,Feet,South,FELICIA ST,,,,0.00,N,Not at Intersection,N,Non-Junction,None,,,         ,Walter,Gray II,Cloudy,Rear to Side,no,no,no,no,no,False
100735002,METROPOLITAN NASHVILLE POLICE DEPT,2015-0137586,Davidson,Nashville,2/9/2015 5:26:00 PM,2,0,0,36.130010,-86.817060,I 440,,,,0.00,,,,,,,2.00,N,Not at Intersection, ,Non-Junction,None,,,         ,Walter,Gray II,Cloudy,Front to Rear,no,no,no,no,no,False
100735008,METROPOLITAN NASHVILLE POLICE DEPT,2015-0139629,Davidson,Nashville,2/10/2015 7:50:00 AM,2,1,0,36.213590,-86.764500,DELLWAY VILLA RD,,,,0.00,,,US HWY 31W,,,,0.00,Y,T-Intersection,N,Intersection,None,,,         ,Coleman,Womack,Cloudy,Other,no,no,no,no,no,False
100735019,METROPOLITAN NASHVILLE POLICE DEPT,20150140162,Davidson,Nashville,2/10/2015 10:37:00 AM,2,1,0,36.121850,-86.704740,US HWY 41,,,,0.00,,,KERMIT DR,,,,0.00,Y,T-Intersection,N,Intersection,None,,,         ,Johnathan,Carlisle,Cloudy,"Sideswipe, Opposite Direction",no,no,no,no,no,False
100735021,VANDERBILT UNIVERSITY POLICE,15-0140164,Davidson,Nashville,2/10/2015 10:30:00 AM,2,0,0,36.141720,-86.800610,US HWY 431,,,,0.00,,,,,,,0.00,,, ,,None,,,         ,Jason,Bates,,,no,no,no,yes,no,Campus
100735022,METROPOLITAN NASHVILLE POLICE DEPT,2015-0140184,Davidson,Nashville,2/10/2015 10:45:00 AM,2,0,0,36.092780,-86.841140,HARDING PL,,,,406.00,Feet,West,ESTES RD,,,,0.00,N,Not at Intersection,N,Non-Junction,None,,,         ,Cesar,Castillo,Clear,Front to Rear,no,no,no,no,no,False
100735042,BERRY HILL POLICE DEPT,15-0580,Davidson,Berry Hill,2/10/2015 12:31:00 PM,2,0,0,36.116280,-86.763910,E IRIS DR,,,,727.00,Feet,East,BRANSFORD AVE,,,,0.00,N,Not at Intersection, ,Non-Junction,None,,,         ,Ray,Ferguson,Cloudy,Rear to Rear,no,no,no,yes,no,False
100735048,METROPOLITAN NASHVILLE POLICE DEPT,2015-0140088,Davidson,Nashville,2/10/2015 10:24:00 AM,2,0,0,36.186020,-86.798180,-- UNKNOWN RAMP/ROAD --,,,,0.00,,,I 65,,,,0.00,Y,Y-Intersection, ,Intersection-Related,None,,,         ,Charles,Kaster,Clear,Front to Rear,no,no,no,no,no,False
100735053,METROPOLITAN NASHVILLE POLICE DEPT,20150140337,Davidson,Nashville,2/10/2015 11:55:00 AM,2,0,0,36.157450,-86.770520,PEABODY ST,,,,0.00,,,US HWY 70,,,,0.00,Y,Four-Way, ,Intersection,Construction Zone,,,         ,William,Vincion,Cloudy,Not Collision with Motor Vehicle in Transport,no,no,no,no,no,False
100735055,METROPOLITAN NASHVILLE POLICE DEPT,20150140550,Davidson,Not in City Limit,2/10/2015 1:20:00 PM,2,1,0,36.263060,-86.711910,STATE HWY 45,,,,0.00,,,US HWY 31E,,,,0.00,Y,Four-Way,N,Intersection-Related,None,,,         ,Jordan,Lowry,Clear,Front to Rear,no,no,no,no,yes,False
100735059,METROPOLITAN NASHVILLE POLICE DEPT,20150140484,Davidson,Nashville,2/10/2015 12:30:00 PM,2,0,0,36.131730,-86.794090,BERNARD AVE,,,,412.00,Feet,East,BELMONT BLVD,,,,0.00,N,Not at Intersection,N,Non-Junction,None,,,         ,Gregory,Lindstrom,Clear,Angle,no,no,no,no,no,False
100735061,METROPOLITAN NASHVILLE POLICE DEPT,2015-0140505,Davidson,Nashville,2/10/2015 1:00:00 PM,2,0,0,36.128340,-86.844910,BOSLEY SPRINGS RD,,,,415.00,Feet,North,US HWY 70S,,,,0.00,N,Not at Intersection, ,Non-Junction,None,,,         ,Curtis,Rich,Other,Angle,no,no,no,yes,no,False
100735065,METROPOLITAN NASHVILLE POLICE DEPT,20150140447,Davidson,Nashville,2/10/2015 12:39:00 PM,2,6,0,36.084980,-86.763540,I 65,,,,0.00,,,,,,,78.00,N,Not at Intersection,N,Non-Junction,None,,,         ,Nathan,Kemp,Clear,Front to Rear,no,no,no,no,no,False
100735066,METROPOLITAN NASHVILLE POLICE DEPT,20150140506,Davidson,Nashville,2/10/2015 12:58:00 PM,2,0,0,36.150420,-86.798610,20TH AVE S,,,,0.00,,,TERRACE PL,,,,0.00,Y,T-Intersection, ,Non-Junction,None,,,         ,Randal,Owsley,Clear,Angle,no,no,no,no,no,Campus
100735071,METROPOLITAN NASHVILLE POLICE DEPT,20150140323,Davidson,Nashville,2/10/2015 11:54:00 AM,2,1,0,36.135120,-86.811390,FAIRFAX AVE,,,,0.00,,,NATCHEZ TRC,,,,0.00,Y,Four-Way,N,Intersection,None,,,         ,Joshua,Dickall,Clear,Angle,no,no,no,no,no,Campus
100735073,METROPOLITAN NASHVILLE POLICE DEPT,20150138340,Davidson,Nashville,2/9/2015 10:15:00 PM,1,0,0,36.068150,-86.924420,HICKS RD,,,,408.00,Feet,East,PATTEN LN,,,,0.00,N,Not at Intersection,N,"Driveway, Alley Access, etc",None,,,         ,Adam,Reese,Clear,Not Collision with Motor Vehicle in Transport,no,no,no,no,no,False
100735074,METROPOLITAN NASHVILLE POLICE DEPT,20150137942,Davidson,Nashville,2/9/2015 8:00:00 PM,2,0,0,36.215520,-86.587900,US HWY 70,,,,199.00,Feet,East,BIG HORN DR,,,,0.00,N,Not at Intersection,N,Non-Junction,None,,,         ,James,DeSantis,Clear,Front to Rear,no,no,no,no,no,False
100735079,METROPOLITAN NASHVILLE POLICE DEPT,20150134153,Davidson,Nashville,2/8/2015 5:06:00 PM,2,4,0,36.198280,-86.826970,BUENA VISTA PIKE,,,,0.00,,,CURTIS ST,,,,0.00,Y,T-Intersection,N,Non-Junction,None,,,         ,James,Wray,Clear,HeadOn,no,no,no,no,no,False
100735082,METROPOLITAN NASHVILLE POLICE DEPT,20150130724,Davidson,Nashville,2/7/2015 12:14:00 PM,2,2,0,36.040840,-86.779350,STATE HWY 254,,,,0.00,,,FRANKLIN PIKE CIR,,,,0.00,Y,Four-Way,N,Intersection,None,,,         ,Darrell,Osment,Clear,Front to Rear,no,no,no,no,no,False
100735084,METROPOLITAN NASHVILLE POLICE DEPT,20150137606,Davidson,Nashville,2/9/2015 5:56:00 PM,3,1,0,36.040250,-86.816390,STATE HWY 254,,,,0.00,,,GRANNY WHITE PIKE,,,,0.00,Y,Four-Way,Y,Intersection,None,,,         ,Austin,Kendrick,Clear,Front to Rear,no,no,no,no,no,False
100735090,METROPOLITAN NASHVILLE POLICE DEPT,2015-0140725,Davidson,Nashville,2/10/2015 2:15:00 PM,2,0,0,36.205230,-86.776390,I 65,,,,0.00,,,,,,,87.25,N,Not at Intersection, ,Non-Junction,Construction Zone,,,         ,Coleman,Womack,Clear,Front to Rear,no,no,no,no,no,False
100735094,GOODLETTSVILLE POLICE DEPT,15-05642,Davidson,Goodlettsville,2/10/2015 6:33:00 AM,2,0,0,36.312310,-86.673494,VIETNAM VETERANS,BLVD,SR386,386,50.00,Feet,East,,,,,2.00,N,Not at Intersection, ,Non-Junction,None,,,         ,Daniel,Knalls,Cloudy,"Sideswipe, Same Direction",no,no,no,no,yes,False
100735101,METROPOLITAN NASHVILLE POLICE DEPT,2015-0140728,Davidson,Nashville,2/10/2015 2:18:00 PM,2,0,0,36.103610,-86.869590,US HWY 70S,,,,50.00,Feet,South,CONNECTING ROAD,,,,0.00,N,Not at Intersection, ,Non-Junction,None,,,         ,Walter,Gray II,Clear,"Sideswipe, Same Direction",no,no,no,no,no,False
100735103,METROPOLITAN NASHVILLE POLICE DEPT,2015-0136761,Davidson,Nashville,2/9/2015 12:37:00 PM,2,0,0,36.045400,-86.713360,US HWY 31 ALT,,,,0.00,,,STATE HWY 254,,,,0.00,Y,Four-Way, ,Intersection,None,,,         ,William,Whitworth,Cloudy,Front to Rear,no,no,no,no,no,False
100735104,METROPOLITAN NASHVILLE POLICE DEPT,2015-0139470,Davidson,Nashville,2/10/2015 6:33:00 AM,3,0,0,36.045680,-86.710100,STATE HWY 254,,,,763.00,Feet,East,RAMP,,,,0.00,N,Not at Intersection, ,Non-Junction,None,,,         ,William,Whitworth,Cloudy,Front to Rear,no,no,no,no,no,False
100735105,METROPOLITAN NASHVILLE POLICE DEPT,2015-0140370,Davidson,Nashville,2/10/2015 12:10:00 PM,2,0,0,36.115640,-86.747620,US HWY 31 ALT,,,,58.00,Feet,North,WHITSETT RD,,,,0.00,N,Not at Intersection, ,"Driveway, Alley Access, etc",None,,,         ,William,Whitworth,Clear,Angle,no,no,no,no,no,False
100735111,METROPOLITAN NASHVILLE POLICE DEPT,15-0140717,Davidson,Nashville,2/10/2015 2:06:00 PM,2,0,0,36.171090,-86.768830,INTERSTATE DR,,,,34.00,Feet,South,MAIN ST,,,,0.00,N,Not at Intersection, ,OtherLocation,None,,,         ,Frank,Campbell,Clear,Front to Rear,no,no,no,no,no,False
100735127,METROPOLITAN NASHVILLE POLICE DEPT,20150140980,Davidson,Nashville,2/10/2015 3:40:00 PM,2,0,0,36.075090,-86.918990,US HWY 70S,,,,608.00,Feet,East,STATE HWY 251,,,,0.00,N,Not at Intersection, ,Non-Junction,None,,,         ,Tyler,Reese,Clear,Front to Rear,no,no,no,no,no,False
100735128,METROPOLITAN NASHVILLE POLICE DEPT,20150140750,Davidson,Nashville,2/10/2015 2:15:00 PM,2,1,0,36.167640,-86.787690,US HWY 41 ALT,,,,0.00,,,10TH CIR N,,,,0.00,Y,T-Intersection,Y,Intersection,None,,,         ,Johnny,Crumby Jr.,Clear,Angle,no,no,no,no,no,False
100735130,METROPOLITAN NASHVILLE POLICE DEPT,20150141014,Davidson,Not in City Limit,2/10/2015 3:43:00 PM,2,0,0,36.260790,-86.712710,US HWY 31E,,,,162.00,Feet,North,HICKORY ST,,,,0.00,N,Not at Intersection, ,Non-Junction,None,,,         ,Ryan,Stanford,Clear,Front to Rear,no,no,no,no,no,False
100735131,METROPOLITAN NASHVILLE POLICE DEPT,20150140906,Davidson,Nashville,2/10/2015 3:16:00 PM,2,0,0,36.178930,-86.773650,I 24,,,,0.00,,,,,,,47.75,N,Not at Intersection, ,,None,,,         ,Charles,Wakefield,,,no,no,no,no,no,False
100735132,METROPOLITAN NASHVILLE POLICE DEPT,2015-0140673,Davidson,Nashville,2/10/2015 1:45:00 PM,2,0,0,36.081880,-86.701970,LINBAR DR,,,,0.00,,,WALLACE RD,,,,0.00,Y,T-Intersection, ,Intersection,None,,,         ,Brandon,O'Guin,Clear,Angle,no,no,no,no,yes,False
100735133,METROPOLITAN NASHVILLE POLICE DEPT,2015-0140809,Davidson,Nashville,2/10/2015 2:45:00 PM,2,0,0,36.102040,-86.817540,US HWY 431,,,,94.00,Feet,North,HILLSBORO DR,,,,0.00,N,Not at Intersection,N,Non-Junction,None,,,         ,Christopher,Clark,Clear,Front to Rear,no,no,no,no,no,False
100735144,METROPOLITAN NASHVILLE POLICE DEPT,20150140947,Davidson,Not in City Limit,2/10/2015 3:17:00 PM,2,0,0,36.098950,-86.959550,US HWY 70,,,,1640.00,Feet,East,QUAIL CREEK RD,,,,0.00,N,Not at Intersection, ,Non-Junction,None,,,         ,Brandon,Pedigo,Clear,"Sideswipe, Same Direction",no,no,no,no,no,False
100735162,METROPOLITAN NASHVILLE POLICE DEPT,20150140909,Davidson,Nashville,2/10/2015 3:10:00 PM,2,0,0,36.150430,-86.770960,I 40,,,,0.00,,,,,,,210.35,N,Not at Intersection, ,Non-Junction,None,,,         ,Paul,Goebel,Clear,Front to Rear,no,no,no,no,no,False
100735163,METROPOLITAN NASHVILLE POLICE DEPT,20150141159,Davidson,Nashville,2/10/2015 4:34:00 PM,2,0,0,36.027920,-86.674340,PETTUS RD,,,,507.00,Feet,West,BLUE HOLE RD,,,,0.00,N,Not at Intersection, ,Non-Junction,None,,,         ,Kevin,Keating,Clear,"Sideswipe, Opposite Direction",no,no,no,no,no,False
100735165,METROPOLITAN NASHVILLE POLICE DEPT,2015-0141000,Davidson,Nashville,2/10/2015 2:57:00 PM,2,0,0,36.096370,-86.824680,US HWY 431,,,,9.00,Feet,South,JEFFERSON SQ,,,,0.00,N,Not at Intersection,N,Non-Junction,None,,,         ,Walter,Gray II,Clear,Angle,no,no,no,no,no,False
100735168,METROPOLITAN NASHVILLE POLICE DEPT,2015-0136719,Davidson,Nashville,2/4/2015 4:45:00 PM,3,0,0,36.039220,-86.782430,STATE HWY 254,,,,0.00,,,EXIT 74B,,,,0.00,Y,Unknown, ,Non-Junction,None,,,         ,Jeb,Johnston,Clear,Front to Rear,no,no,no,no,yes,False
100735169,METROPOLITAN NASHVILLE POLICE DEPT,20150140973,Davidson,Nashville,2/10/2015 3:05:00 PM,2,0,0,36.206630,-86.776230,I 65,,,,0.00,,,,,,,87.30,N,Not at Intersection, ,Non-Junction,Construction Zone,,,         ,Benjamin,Smith,Clear,"Sideswipe, Same Direction",no,no,no,no,no,False
100735171,METROPOLITAN NASHVILLE POLICE DEPT,20150141092,Davidson,Nashville,2/10/2015 4:00:00 PM,2,0,0,36.215760,-86.775120,I 65,,,,0.00,,,,,,,88.00,N,Not at Intersection, ,Non-Junction,Construction Zone,,,         ,Kevin,Breeding,Clear,Front to Rear,no,no,no,no,no,False
100735180,METROPOLITAN NASHVILLE POLICE DEPT,20150112279,Davidson,Nashville,2/2/2015 3:02:00 PM,1,0,0,36.208290,-86.788860,US HWY 431,,,,0.00,,,OLD MATTHEWS RD,,,,0.00,Y,T-Intersection,N,Non-Junction,None,,,         ,James,Wray,Clear,Not Collision with Motor Vehicle in Transport,no,no,no,yes,no,False
100735181,GOODLETTSVILLE POLICE DEPT,15-05708,Davidson,Goodlettsville,2/10/2015 4:08:00 PM,2,0,0,36.326860,-86.711870,DEPOT ST,,,,0.00,,,CHURCH ST,,,,0.00,Y,Four-Way, ,Intersection,None,,,         ,Benny,Alexander,Clear,Angle,no,no,no,no,no,False
100735189,METROPOLITAN NASHVILLE POLICE DEPT,2015-0139463,Davidson,Nashville,2/10/2015 6:39:00 AM,2,1,0,36.141380,-86.732150,I 40,,,,0.00,,,,,,,213.00,N,Not at Intersection,N,Non-Junction,None,,,         ,Jeb,Johnston,Cloudy,Front to Rear,no,no,no,no,no,False
100735191,METROPOLITAN NASHVILLE POLICE DEPT,2015-0141161,Davidson,Nashville,2/10/2015 4:10:00 PM,2,0,0,36.152530,-86.848590,51ST AVE N,,,,195.00,Feet,South,ALABAMA AVE,,,,0.00,N,Not at Intersection, ,,None,,,         ,Christopher,Clark,,,no,no,no,no,no,False
100735195,METROPOLITAN NASHVILLE POLICE DEPT,20150141055,Davidson,Nashville,2/10/2015 4:00:00 PM,3,0,0,36.113290,-86.772340,I 65,,,,0.00,,,,,,,80.00,N,Not at Intersection, ,Non-Junction,None,,,         ,Charles,Griffin,Clear,Front to Rear,no,no,no,no,no,False
100735201,METROPOLITAN NASHVILLE POLICE DEPT,20150140908,Davidson,Nashville,2/10/2015 3:19:00 PM,3,0,0,36.153400,-86.800830,20TH AVE N,,,,0.00,,,CHURCH ST,,,,0.00,Y,Four-Way, ,Intersection-Related,None,,,         ,Tien,Nguyen,Clear,Front to Rear,no,no,no,no,no,Campus
100735206,METROPOLITAN NASHVILLE POLICE DEPT,20150141128,Davidson,Nashville,2/10/2015 4:24:00 PM,3,1,0,36.115950,-86.786030,I 440,,,,0.00,,,,,,,4.20,N,Not at Intersection,N,Non-Junction,None,,,         ,Tien,Nguyen,Clear,Front to Rear,no,no,no,no,no,False
100735208,VANDERBILT UNIVERSITY POLICE,15-0141103,Davidson,Nashville,2/10/2015 3:48:00 PM,2,0,0,36.139160,-86.807020,CHILDRENS WAY,,,,0.00,,,25TH AVE S,,,,0.00,Y,Four-Way,N,Intersection-Related,None,,,         ,Alan,Reed,Clear,Angle,no,no,no,no,no,Campus
100735210,METROPOLITAN NASHVILLE POLICE DEPT,20150141246,Davidson,Not in City Limit,2/10/2015 5:00:00 PM,2,0,0,36.262870,-86.703230,E OLD HICKORY BLVD,,,,43.00,Feet,East,FOREST PARK RD,,,,0.00,N,Not at Intersection, ,Non-Junction,None,,,         ,Lawrence,Lacy,Clear,Rear to Side,no,no,no,no,no,False
100735211,METROPOLITAN NASHVILLE POLICE DEPT,20150141069,Davidson,Nashville,2/10/2015 4:02:00 PM,2,4,0,36.153930,-86.818200,US HWY 70,,,,0.00,,,28TH AVE N,,,,0.00,Y,Four-Way,Y,Intersection,None,,,         ,Michael,Brooks,Clear,"Sideswipe, Opposite Direction",no,no,no,no,no,False
100735213,METROPOLITAN NASHVILLE POLICE DEPT,20150141077,Davidson,Nashville,2/10/2015 3:45:00 PM,2,0,0,36.186900,-86.613420,STATE HWY 45,,,,372.00,Feet,North,CONNECTING ROAD,,,,0.00,N,Not at Intersection, ,Non-Junction,None,,,         ,Kevin,Reynolds,Clear,"Sideswipe, Same Direction",no,no,no,no,no,False
100735214,METROPOLITAN NASHVILLE POLICE DEPT,20150141184,Davidson,Nashville,2/10/2015 4:35:00 PM,2,0,0,36.171970,-86.591650,STATE HWY 265,,,,0.00,,,VALLEY GROVE DR,,,,0.00,Y,T-Intersection,N,Intersection,None,,,         ,Kevin,Reynolds,Clear,Angle,no,no,no,no,yes,False
100735222,METROPOLITAN NASHVILLE POLICE DEPT,20150141210,Davidson,Nashville,2/10/2015 4:50:00 PM,2,2,0,0.000000,0.000000,TROUSADALE,DR,,,0.00,,,OAKLEY,DR,,,0.00,Y,Four-Way,N,Intersection,None,,,         ,Mekisha,Page,Clear,Angle,no,no,no,no,no,False
100735224,METROPOLITAN NASHVILLE POLICE DEPT,20150141392,Davidson,Nashville,2/10/2015 5:54:00 PM,2,0,0,36.149160,-86.747020,I 40,,,,0.00,,,,,,,211.80,N,Not at Intersection,N,Non-Junction,None,,,         ,Brent,Palte,Clear,Front to Rear,no,no,no,no,yes,False
100735232,METROPOLITAN NASHVILLE POLICE DEPT,20150141217,Davidson,Nashville,2/10/2015 5:36:00 PM,2,0,0,36.089610,-86.627210,BELL RD,,,,160.00,Feet,North,NASHBORO BLVD,,,,0.00,N,Not at Intersection, ,Non-Junction,None,,,         ,Thomas,Barnes,Clear,"Sideswipe, Same Direction",no,no,no,no,no,False
100735247,METROPOLITAN NASHVILLE POLICE DEPT,20150141381,Davidson,Nashville,2/10/2015 5:30:00 PM,2,0,0,36.096460,-86.656120,US HWY 41,,,,0.00,,,RAMP,,,,0.00,Y,OTHER, ,,None,,,         ,Calen,Morrison,,,no,no,no,no,no,False
100735248,METROPOLITAN NASHVILLE POLICE DEPT,20150141307,Davidson,Nashville,2/10/2015 5:27:00 PM,4,1,0,36.100000,-86.764080,I 65,,,,0.00,,,,,,,79.00,N,Not at Intersection,N,Non-Junction,None,,,         ,Austin,Kendrick,Clear,Front to Rear,no,no,no,no,no,False
100735251,METROPOLITAN NASHVILLE POLICE DEPT,20150141504,Davidson,Nashville,2/10/2015 5:40:00 PM,2,1,0,36.078760,-86.837010,TYNE BLVD,,,,0.00,Feet,,US HWY 431,,,,0.00,Y,Four-Way,N,Intersection-Related,None,,,         ,Tien,Nguyen,Clear,Front to Rear,no,no,no,no,no,False
100735255,METROPOLITAN NASHVILLE POLICE DEPT,20150141353,Davidson,Nashville,2/10/2015 5:22:00 PM,2,1,0,36.171030,-86.601670,STATE HWY 45,,,,0.00,,,RAMP,,,,0.00,Y,Four-Way,N,Intersection,None,,,         ,Thomas,Barnes,Clear,"Sideswipe, Opposite Direction",no,no,no,no,no,False
100735261,METROPOLITAN NASHVILLE POLICE DEPT,20150141537,Davidson,Nashville,2/10/2015 6:15:00 PM,2,0,0,36.044920,-86.650310,MOUNT VIEW PKWY,,,,36.00,Feet,East,RAMP,,,,0.00,N,Not at Intersection, ,OtherLocation,None,,,         ,Natalie,Robinson,Clear,Front to Rear,no,no,no,no,no,False
100735268,METROPOLITAN NASHVILLE POLICE DEPT,20150141462,Davidson,Not in City Limit,2/10/2015 6:18:00 PM,2,0,0,36.045930,-86.950640,TEMPLE RD,,,,177.00,Feet,North,STATE HWY 100,,,,0.00,N,Not at Intersection, ,,None,,,         ,Adam,Reese,,,no,no,no,no,no,False
100735275,METROPOLITAN NASHVILLE POLICE DEPT,20150141374,Davidson,Nashville,2/10/2015 5:50:00 PM,2,0,0,36.167850,-86.658670,US HWY 70,,,,562.00,Feet,West,DONELSONWOOD DR,,,,0.00,N,Not at Intersection, ,Non-Junction,None,,,         ,Austin,Childress,Cloudy,Front to Rear,no,no,no,no,no,False
100735281,METROPOLITAN NASHVILLE POLICE DEPT,20150141543,Davidson,Nashville,2/10/2015 6:08:00 PM,3,0,0,0.000000,0.000000,21ST,AVE,,,0.00,,,FAIRFAX,AVE,,,0.00,Y,T-Intersection, ,Intersection,None,,,         ,Mekisha,Page,Clear,Front to Rear,no,no,no,no,no,False
100735283,METROPOLITAN NASHVILLE POLICE DEPT,20150128327,Davidson,Nashville,2/6/2015 6:55:00 PM,2,0,0,36.151190,-86.857720,STATE HWY 155,,,,0.00,,,WHITE BRIDGE PL,,,,0.00,Y,OTHER,N,Non-Junction,None,,,         ,Benjamin,Froehlich,Clear,Front to Rear,no,no,no,no,no,False
100735292,METROPOLITAN NASHVILLE POLICE DEPT,20150141773,Davidson,Nashville,2/10/2015 7:58:00 PM,2,0,0,36.138830,-86.800550,CAPERS AVE,,,,0.00,,,US HWY 431,,,,0.00,Y,T-Intersection, ,Intersection-Related,None,,,         ,Austin,Kendrick,Clear,Angle,no,no,no,no,no,Campus
100735293,METROPOLITAN NASHVILLE POLICE DEPT,20150141572,Davidson,Nashville,2/10/2015 6:54:00 PM,2,0,0,36.046550,-86.660920,I 24,,,,0.00,,,,,,,59.30,N,Not at Intersection,Y,Entrance/Exit Ramp Related,None,,,         ,Kevin,Keating,Clear,Front to Rear,no,no,no,no,no,False
100735294,METROPOLITAN NASHVILLE POLICE DEPT,20150141565,Davidson,Nashville,2/10/2015 6:32:00 PM,2,0,0,36.046770,-86.661640,I 24,,,,0.00,,,,,,,59.25,N,Not at Intersection,Y,Entrance/Exit Ramp Related,None,,,         ,Kevin,Keating,Clear,Front to Rear,no,no,no,no,no,False
100735301,METROPOLITAN NASHVILLE POLICE DEPT,2015-0131324,Davidson,Nashville,2/7/2015 5:44:00 PM,2,1,0,36.039550,-86.781320,-- UNKNOWN RAMP/ROAD --,,,,0.00,Feet,East,I 65,,,,0.00,N,Not at Intersection,Y,Entrance/Exit Ramp Related,None,,,         ,William,King,Clear,Front to Rear,no,no,no,no,no,False
100735302,METROPOLITAN NASHVILLE POLICE DEPT,2015-0141099,Davidson,Nashville,2/10/2015 4:13:00 PM,2,2,0,36.037410,-86.791450,STATE HWY 254,,,,135.00,Feet,West,EASTPARK DR,,,,0.00,N,Not at Intersection,N,Non-Junction,None,,,         ,William,King,Clear,Front to Rear,no,no,no,no,no,False
100735305,METROPOLITAN NASHVILLE POLICE DEPT,20150141548,Davidson,Nashville,2/10/2015 5:11:00 PM,2,0,0,36.084080,-86.706050,STATE HWY 255,,,,60.00,Feet,West,LINBAR DR,,,,0.00,N,Not at Intersection, ,Non-Junction,None,,,         ,Jacob,Masteller,Clear,Front to Rear,no,no,no,no,no,False
100735312,METROPOLITAN NASHVILLE POLICE DEPT,20150142042,Davidson,Nashville,2/10/2015 9:45:00 PM,2,0,0,36.142200,-86.666350,-- UNKNOWN RAMP/ROAD --,,,,0.00,Feet,East,I 40,,,,0.00,N,Not at Intersection, ,Entrance/Exit Ramp Related,None,,,         ,Kevin,Reynolds,Clear,Front to Rear,no,no,no,no,no,False