master_record_number,agency,agency_tracking_number,county,city,collision_date,vehicles_involved,number_injured,number_dead,latitude,longitude,roadway_name,roadway_suffix,roadway_number,roadway_local_id,distance_from_reference,miles-feet_indicator,direction_from_reference,intersection_road_name,intersection_road_name_suffix,intersection_road_number,intersection_local_id,mile_marker,intersection_indicator,intersect_type,interchange_related_indicator,relation_to_junction,work_zone_type,construction_maintenance_zone,construction_maintenance_zone_location,fatal_case_number,officer_first_name,officer_last_name,weather_condition(s),manner_of_crash,pedestrian,bicycle,scooter,parking,hitrun,mou
100737490,METROPOLITAN NASHVILLE POLICE DEPT,20150158235,Davidson,Nashville,2/15/2015 9:55:00 AM,2,0,0,36.205730,-86.777990,BRICK CHURCH PIKE,,,,0.00,,,I 65,,,,0.00,Y,Y-Intersection,N,Non-Junction,None,,,         ,Michael,Parman,Cloudy,Front to Rear,no,no,no,no,no,False
100737534,METROPOLITAN NASHVILLE POLICE DEPT,20150158425,Davidson,Nashville,2/15/2015 11:42:00 AM,2,0,0,0.000000,0.000000,MURFREESBORO PIKE,,,,100.00,Feet,North,DONELSON PIKE,,,,0.00,N,Not at Intersection, ,Non-Junction,None,,,         ,Caleb,Jernigan,Clear,"Sideswipe, Same Direction",no,no,no,no,no,False
100737546,METROPOLITAN NASHVILLE POLICE DEPT,20150158498,Davidson,Madison,2/15/2015 12:10:00 PM,2,0,0,36.261480,-86.712460,US HWY 31E,,,,80.00,Feet,North,MAPLE ST,,,,0.00,N,Not at Intersection, ,Non-Junction,None,,,         ,Ashley,Coon,Cloudy,Front to Rear,no,no,no,no,no,False
100737553,METROPOLITAN NASHVILLE POLICE DEPT,20150158596,Davidson,Nashville,2/15/2015 1:18:00 PM,2,0,0,36.185870,-86.797320,-- UNKNOWN RAMP/ROAD --,,,,0.00,,,I 65,,,,0.00,Y,Four-Way, ,Entrance/Exit Ramp Related,None,,,         ,Ky,Luu,Cloudy,Front to Rear,no,no,no,no,no,False
100737554,METROPOLITAN NASHVILLE POLICE DEPT,20150158182,Davidson,Nashville,2/15/2015 9:26:00 AM,2,1,0,36.096150,-86.655630,US HWY 41,,,,0.00,,,SMITH SPRINGS RD,,,,0.00,Y,Four-Way,N,Intersection,None,,,         ,Megan,Arnett,Clear,Angle,no,no,no,no,no,False
100737559,METROPOLITAN NASHVILLE POLICE DEPT,2015-0158338,Davidson,Nashville,2/15/2015 10:52:00 AM,2,0,0,0.000000,0.000000,ANTIOCH,PIKE,,,50.00,Feet,North,HAYSTACK,LN,,,0.00,N,Not at Intersection,N,Non-Junction,None,,,         ,John,Neely,Clear,Angle,no,no,no,no,no,False
100737563,METROPOLITAN NASHVILLE POLICE DEPT,20150148214,Davidson,Nashville,2/12/2015 12:55:00 PM,2,0,0,36.085600,-86.701370,-- UNKNOWN RAMP/ROAD --,,,,0.00,,,I 24,,,,0.00,Y,Four-Way,Y,Entrance/Exit Ramp Related,None,,,         ,Ian,Hammond,Clear,Angle,no,no,no,no,no,False
100737591,METROPOLITAN NASHVILLE POLICE DEPT,20150158686,Davidson,Nashville,2/15/2015 2:43:00 PM,2,0,0,36.169350,-86.679870,US HWY 70,,,,0.00,,,MCGAVOCK PIKE,,,,0.00,Y,Four-Way, ,,None,,,         ,Felipe,Pereira,,,no,no,no,no,no,False
100737594,METROPOLITAN NASHVILLE POLICE DEPT,20150156412,Davidson,Nashville,2/14/2015 6:29:00 PM,2,0,0,36.042330,-86.713000,US HWY 31 ALT,,,,50.00,Feet,South,SWISS AVE,,,,0.00,N,Not at Intersection, ,Non-Junction,None,,,         ,Miguel,Garcia,Clear,"Sideswipe, Same Direction",no,no,no,no,no,False
100737595,METROPOLITAN NASHVILLE POLICE DEPT,20150158794,Davidson,Nashville,2/15/2015 3:30:00 PM,2,0,0,36.081970,-86.761380,-- UNKNOWN RAMP/ROAD --,,,,0.00,Feet,East,STATE HWY 255,,,,0.00,N,Not at Intersection, ,Non-Junction,None,,,         ,Miguel,Garcia,Clear,Front to Rear,no,no,no,no,no,False
100737596,METROPOLITAN NASHVILLE POLICE DEPT,20150158764,Davidson,Nashville,2/15/2015 3:16:00 PM,2,1,0,36.111090,-86.754470,STATE HWY 155,,,,0.00,,,EUGENIA AVE,,,,0.00,Y,T-Intersection,N,Intersection-Related,None,,,         ,Tien,Nguyen,Clear,Angle,no,no,no,no,no,False
100737601,METROPOLITAN NASHVILLE POLICE DEPT,20150152351,Davidson,Nashville,2/13/2015 12:54:00 PM,2,2,0,36.098850,-86.657100,OLD MURFREESBORO PIKE,,,,1060.00,Feet,North,SMITH SPRINGS RD,,,,0.00,N,Not at Intersection,N,Non-Junction,None,,,         ,Terry,Denton,Clear,Front to Rear,no,no,no,no,no,False
100737608,METROPOLITAN NASHVILLE POLICE DEPT,20150158792,Davidson,Nashville,2/15/2015 3:25:00 PM,2,0,0,36.278660,-86.773170,STATE HWY 45,,,,287.00,Feet,East,GRANDVILLE BLVD,,,,0.00,N,Not at Intersection,N,Non-Junction,None,,,         ,Ryan,Allen,Clear,Not Collision with Motor Vehicle in Transport,no,no,no,no,no,False
100737609,METROPOLITAN NASHVILLE POLICE DEPT,20150158768,Davidson,Nashville,2/15/2015 3:00:00 PM,2,0,0,36.240750,-86.757250,US HWY 31W,,,,21.00,Feet,North,RAMP,,,,0.00,N,Not at Intersection, ,Non-Junction,None,,,         ,Carlos,Urrutia,Cloudy,Angle,no,no,no,no,no,False
100737616,METROPOLITAN NASHVILLE POLICE DEPT,20150158845,Davidson,Not in City Limit,2/15/2015 3:47:00 PM,2,0,0,36.077530,-86.947110,US HWY 70S,,,,1.00,Feet,North,CONNECTING ROAD,,,,0.00,N,Not at Intersection, ,"Driveway, Alley Access, etc",None,,,         ,Adam,Reese,Cloudy,Angle,no,no,no,no,no,False
100737623,METROPOLITAN NASHVILLE POLICE DEPT,20150158862,Davidson,Nashville,2/15/2015 3:55:00 PM,2,2,0,36.178570,-86.772500,US HWY 31W,,,,137.00,Feet,West,MERIDIAN ST,,,,0.00,N,Not at Intersection,N,Non-Junction,None,,,         ,Terence,Maahs,Cloudy,Angle,no,no,no,no,no,False
100737629,METROPOLITAN NASHVILLE POLICE DEPT,20150158879,Davidson,Nashville,2/15/2015 4:06:00 PM,2,0,0,36.167220,-86.614970,DODSON CHAPEL RD,,,,0.00,,,OAKWELL FARMS LN,,,,0.00,Y,T-Intersection,N,Non-Junction,None,,,         ,James,DeSantis,Cloudy,Front to Rear,no,no,no,no,no,False
100737634,METROPOLITAN NASHVILLE POLICE DEPT,20150159023,Davidson,Nashville,2/15/2015 5:15:00 PM,1,0,0,36.180870,-86.718340,EASTLAND AVE,,,,0.00,,,PRESTON DR,,,,0.00,Y,T-Intersection,N,Intersection,None,,,         ,Clinton,Schroeder,Cloudy,Not Collision with Motor Vehicle in Transport,no,no,no,no,no,False
100737643,METROPOLITAN NASHVILLE POLICE DEPT,20150159045,Davidson,Goodlettsville,2/15/2015 5:00:00 PM,2,0,0,36.300450,-86.695470,US HWY 31E,,,,233.00,Feet,West,SHEPHERD HILLS DR,,,,0.00,N,Not at Intersection, ,Non-Junction,None,,,         ,Byron,Dewalt,Clear,Rear to Side,no,no,no,no,no,False
100737664,METROPOLITAN NASHVILLE POLICE DEPT,20150158880,Davidson,Nashville,2/15/2015 4:00:00 PM,2,1,0,36.161770,-86.849090,51ST AVE N,,,,0.00,,,RAMP,,,,0.00,Y,Y-Intersection,N,Non-Junction,None,,,         ,Alex,Lampley,Clear,Rear to Side,no,no,no,no,no,False
100737671,METROPOLITAN NASHVILLE POLICE DEPT,20150159328,Davidson,Nashville,2/15/2015 7:01:00 PM,2,0,0,36.229380,-86.771820,I 65,,,,0.00,,,,,,,88.95,N,Not at Intersection, ,Non-Junction,Construction Zone,,,         ,Rodney,Phipps,Clear,"Sideswipe, Same Direction",no,no,no,no,yes,False
100737672,METROPOLITAN NASHVILLE POLICE DEPT,20150158696,Davidson,Nashville,2/15/2015 2:25:00 PM,2,0,0,36.235510,-86.758250,US HWY 31W,,,,146.00,Feet,North,HOMESTEAD RD,,,,0.00,N,Not at Intersection,N,"Driveway, Alley Access, etc",None,,,         ,Paul,Stein,Clear,Front to Rear,no,no,no,no,yes,False
100737677,METROPOLITAN NASHVILLE POLICE DEPT,20150159172,Davidson,Nashville,2/15/2015 5:50:00 PM,2,0,0,36.143980,-86.873270,US HWY 70,,,,68.00,Feet,West,WATTS LN,,,,0.00,N,Not at Intersection, ,Non-Junction,None,,,         ,Brandon,Rardin,Clear,Angle,no,no,no,no,no,False
100737680,METROPOLITAN NASHVILLE POLICE DEPT,20150159273,Davidson,Nashville,2/15/2015 12:00:00 AM,2,0,0,36.161430,-86.774590,2ND AVE S,,,,0.00,,,,,,,0.00,,, ,,None,,,         ,Tyler,Hutton,,,no,no,no,yes,no,False
100737685,METROPOLITAN NASHVILLE POLICE DEPT,20150159366,Davidson,Madison,2/15/2015 6:18:00 PM,2,0,0,36.264070,-86.690280,STATE HWY 45,,,,0.00,,,MYATT DR,,,,0.00,Y,Four-Way,N,Intersection,None,,,         ,Ryan,Allen,Clear,Angle,no,no,no,no,yes,False
100737688,METROPOLITAN NASHVILLE POLICE DEPT,20150159447,Davidson,Nashville,2/15/2015 8:41:00 PM,2,0,0,36.152590,-86.796820,US HWY 70S,,,,209.00,Feet,East,19TH AVE N,,,,0.00,N,Not at Intersection, ,OtherLocation,None,,,         ,Tien,Nguyen,Clear,Unknown,no,no,no,no,yes,False
100737694,METROPOLITAN NASHVILLE POLICE DEPT,2015-0159171,Davidson,Madison,2/15/2015 6:15:00 PM,2,3,0,36.259030,-86.678720,WARRIOR RD,,,,0.00,,,CHEYENNE BLVD,,,,0.00,Y,Four-Way,N,Non-Junction,None,,,         ,Sandra,Talavera,Cloudy,Angle,no,no,no,no,no,False
100737704,METROPOLITAN NASHVILLE POLICE DEPT,20150159541,Davidson,Nashville,2/15/2015 9:38:00 PM,2,0,0,36.150320,-86.795960,DIVISION ST,,,,0.00,,,19TH AVE S,,,,0.00,Y,T-Intersection, ,Intersection-Related,None,,,         ,Tien,Nguyen,Clear,Angle,no,no,no,no,no,False
100737708,METROPOLITAN NASHVILLE POLICE DEPT,20150159486,Davidson,Nashville,2/15/2015 8:54:00 PM,2,0,0,36.071940,-86.636180,US HWY 41,,,,0.00,,,BELL RD,,,,0.00,Y,Four-Way, ,,None,,,         ,Brandon,Vance,,,no,no,no,no,no,False
100737711,METROPOLITAN NASHVILLE POLICE DEPT,20150159216,Davidson,Nashville,2/15/2015 6:06:00 PM,2,0,0,36.068120,-86.696330,CREEKSIDE DR,,,,0.00,,,KEELEY DR,,,,0.00,Y,Four-Way,N,Intersection,None,,,         ,John,Stanfield,Clear,Angle,no,no,no,no,no,False
100737747,METROPOLITAN NASHVILLE POLICE DEPT,20150157315,Davidson,Nashville,2/15/2015 12:05:00 AM,2,0,0,36.144930,-86.766650,CHESTNUT ST,,,,0.00,,,US HWY 31 ALT,,,,0.00,Y,OTHER,N,Intersection,None,,,         ,Marc,Haugen,Clear,Angle,no,no,no,no,no,False
100737748,METROPOLITAN NASHVILLE POLICE DEPT,20150159702,Davidson,Not in City Limit,2/15/2015 10:00:00 PM,2,0,0,36.305330,-86.814850,I 24,,,,0.00,,,,,,,38.40,N,Not at Intersection, ,Non-Junction,None,,,         ,Chad,Brown,Clear,Front to Rear,no,no,no,no,no,False
100737763,METROPOLITAN NASHVILLE POLICE DEPT,20150159852,Davidson,Nashville,2/16/2015 12:03:00 AM,1,2,0,0.000000,0.000000,MT PISGAH,RD,,2,100.00,Feet,East,CHRISTIANSTED,LN,,,2.00,N,Not at Intersection,N,Non-Junction,None,,,         ,William,Hamblen,Clear,Not Collision with Motor Vehicle in Transport,no,no,no,no,no,False
100737770,METROPOLITAN NASHVILLE POLICE DEPT,20150160244,Davidson,Nashville,2/16/2015 3:39:00 AM,1,0,0,36.071260,-86.690830,I 24,,,,0.00,,,,,,,56.85,N,Not at Intersection,N,Entrance/Exit Ramp Related,None,,,         ,Colin,Feeney,Sleet/Hail,Not Collision with Motor Vehicle in Transport,no,no,no,no,no,False
100737772,METROPOLITAN NASHVILLE POLICE DEPT,20150160310,Davidson,Nashville,2/16/2015 4:00:00 AM,1,0,0,36.123410,-86.749200,I 440,,,,0.00,,,,,,,6.40,N,Not at Intersection,N,Non-Junction,None,,,         ,Jesse,Lockard,Sleet/Hail,Not Collision with Motor Vehicle in Transport,no,no,no,no,no,False
100737773,METROPOLITAN NASHVILLE POLICE DEPT,2015-0160283,Davidson,Nashville,2/16/2015 3:51:00 AM,1,0,0,36.205650,-86.765800,E TRINITY LN,,,,4.00,Feet,West,MERIDIAN ST,,,,0.00,N,Not at Intersection,N,Non-Junction,None,,,         ,Michael,Agee,Sleet/Hail,Not Collision with Motor Vehicle in Transport,no,no,no,no,no,False
100737775,METROPOLITAN NASHVILLE POLICE DEPT,2015-0148380,Davidson,Nashville,2/12/2015 1:39:00 PM,2,0,0,36.238770,-86.630000,STATE HWY 45,,,,0.00,,,LAKESHORE DR,,,,0.00,Y,Four-Way, ,Intersection,None,,,         ,Jeb,Johnston,Cloudy,"Sideswipe, Opposite Direction",no,no,no,no,yes,False
100737777,METROPOLITAN NASHVILLE POLICE DEPT,2015-0160217,Davidson,Nashville,2/16/2015 2:10:00 AM,1,0,0,36.129750,-86.899450,I 40,,,,0.00,,,,,,,201.00,N,Not at Intersection,N,Non-Junction,None,,,         ,David,Denham,Sleet/Hail,Not Collision with Motor Vehicle in Transport,no,no,no,no,no,False
100737783,METROPOLITAN NASHVILLE POLICE DEPT,20150160353,Davidson,Nashville,2/16/2015 4:42:00 AM,2,0,0,36.117620,-86.725750,I 24,,,,0.00,,,,,,,53.10,N,Not at Intersection, ,Non-Junction,None,,,         ,richard,haley,Sleet/Hail,Angle,no,no,no,no,no,False
100737784,METROPOLITAN NASHVILLE POLICE DEPT,20150160230,Davidson,Nashville,2/16/2015 3:25:00 AM,1,0,0,36.125420,-86.813630,I 440,,,,0.00,,,,,,,2.35,N,Not at Intersection,N,Non-Junction,None,,,         ,Audrean,Manquero,Sleet/Hail,Not Collision with Motor Vehicle in Transport,no,no,no,no,no,False
100737786,GOODLETTSVILLE POLICE DEPT,15-06543,Davidson,Goodlettsville,2/16/2015 4:23:00 AM,1,0,0,36.310120,-86.687850,EXIT 1,,,,0.00,Feet,East,STATE HWY 386,,,,0.00,N,Not at Intersection, ,Entrance/Exit Ramp Related,None,,,         ,Brandon,Wright,Sleet/Hail,Not Collision with Motor Vehicle in Transport,no,no,no,no,no,False
100737789,METROPOLITAN NASHVILLE POLICE DEPT,20150160383,Davidson,Nashville,2/16/2015 5:10:00 AM,1,1,0,36.082470,-86.697950,I 24,,,,0.00,,,,,,,56.00,N,Not at Intersection,Y,Non-Junction,None,,,         ,Randy,Heinze,Sleet/Hail,Not Collision with Motor Vehicle in Transport,no,no,no,no,no,False
100737790,METROPOLITAN NASHVILLE POLICE DEPT,20150160372,Davidson,Nashville,2/16/2015 5:07:00 AM,1,0,0,36.252510,-86.739830,I 65,,,,0.00,,,,,,,91.40,N,Not at Intersection, ,Non-Junction,None,,,         ,George,Ward,Sleet/Hail,Not Collision with Motor Vehicle in Transport,no,no,no,no,no,False
100737791,METROPOLITAN NASHVILLE POLICE DEPT,20150160300,Davidson,Nashville,2/16/2015 3:58:00 AM,1,0,0,36.153380,-86.822800,I 440,,,,0.00,,,,,,,0.70,N,Not at Intersection,Y,Entrance/Exit Ramp Related,None,,,         ,Jeremy,Kidd,Sleet/Hail,Not Collision with Motor Vehicle in Transport,no,no,no,no,no,False
100737793,METROPOLITAN NASHVILLE POLICE DEPT,2015-160263,Davidson,Nashville,2/16/2015 3:44:00 AM,2,0,0,36.160270,-86.760470,I 24,,,,0.00,,,,,,,49.45,N,Not at Intersection,N,Non-Junction,None,,,         ,Brandon,Hicks,Sleet/Hail,Rear to Side,no,no,no,no,no,False
100737795,METROPOLITAN NASHVILLE POLICE DEPT,20150160265,Davidson,Nashville,2/16/2015 3:40:00 AM,1,0,0,36.126450,-86.729540,-- UNKNOWN RAMP/ROAD --,,,,0.00,,,I 24,,,,0.00,Y,Y-Intersection, ,Entrance/Exit Ramp Related,None,,,         ,James,Jensen,Sleet/Hail,Not Collision with Motor Vehicle in Transport,no,no,no,no,no,False
100737806,METROPOLITAN NASHVILLE POLICE DEPT,20150152158,Davidson,Nashville,2/13/2015 11:47:00 AM,2,0,0,36.096540,-86.624920,BELL RD,,,,636.00,Feet,North,WINWARD CT,,,,0.00,N,Not at Intersection,N,Non-Junction,None,,,         ,Jeb,Johnston,Clear,HeadOn,no,no,no,no,yes,False
100737810,METROPOLITAN NASHVILLE POLICE DEPT,20150160375,Davidson,Nashville,2/16/2015 5:09:00 AM,2,0,0,36.140550,-86.729040,I 24,,,,0.00,,,,,,,51.55,N,Not at Intersection, ,Entrance/Exit Ramp Related,None,,,         ,Curtis,Fisher,Sleet/Hail,"Sideswipe, Same Direction",no,no,no,no,yes,False
100737814,METROPOLITAN NASHVILLE POLICE DEPT,2015-0148216,Davidson,Nashville,2/12/2015 12:55:00 PM,2,0,0,36.235450,-86.792380,GWYNNWOOD DR,,,,30.00,Feet,North,EWINGWOOD DR,,,,0.00,N,Not at Intersection, ,Non-Junction,None,,,         ,William,Caillouette,Clear,Angle,no,no,no,no,no,False
100737817,METROPOLITAN NASHVILLE POLICE DEPT,20150158647,Davidson,Nashville,2/15/2015 2:00:00 PM,2,0,0,36.150420,-86.798610,20TH AVE S,,,,0.00,,,TERRACE PL,,,,0.00,Y,T-Intersection, ,Intersection-Related,None,,,         ,Joshua,Dickall,Clear,"Sideswipe, Same Direction",no,no,no,no,no,Campus
100737831,METROPOLITAN NASHVILLE POLICE DEPT,20150160467,Davidson,Nashville,2/16/2015 12:00:00 AM,1,0,0,36.168090,-86.680010,MCGAVOCK PIKE,,,,0.00,,,CROSSFIELD DR,,,,0.00,Y,T-Intersection,N,Intersection,None,,,         ,Johnathan,Carlisle,Sleet/Hail,Not Collision with Motor Vehicle in Transport,no,no,no,no,no,False
100737834,METROPOLITAN NASHVILLE POLICE DEPT,20150158677,Davidson,Nashville,2/16/2015 2:00:00 PM,2,0,0,36.144450,-86.872710,US HWY 70,,,,0.00,,,AMERICAN RD,,,,0.00,Y,T-Intersection, ,Intersection-Related,None,,,         ,Melvin,Foster,Cloudy,"Sideswipe, Same Direction",no,no,no,no,yes,False
100737839,METROPOLITAN NASHVILLE POLICE DEPT,20150160560,Davidson,Nashville,2/16/2015 7:50:00 AM,1,0,0,36.130880,-86.727450,I 24,,,,0.00,,,,,,,51.10,N,Not at Intersection,N,Non-Junction,None,,,         ,Christopher,Hanor,Sleet/Hail,Not Collision with Motor Vehicle in Transport,no,no,no,no,no,False
100737840,METROPOLITAN NASHVILLE POLICE DEPT,20150160600,Davidson,Nashville,2/16/2015 8:00:00 AM,2,0,0,36.172930,-86.801070,I 40,,,,0.00,,,,,,,207.75,N,Not at Intersection, ,,None,,,         ,Joshua,Baker,,,no,no,no,no,no,False
100737841,METROPOLITAN NASHVILLE POLICE DEPT,2015-0160573,Davidson,Nashville,2/16/2015 8:01:00 AM,1,0,0,36.142530,-86.708490,I 40,,,,0.00,,,,,,,214.30,N,Not at Intersection,N,Non-Junction,None,,,         ,William,Whitworth,Snow,Not Collision with Motor Vehicle in Transport,no,no,no,no,no,False
100737843,METROPOLITAN NASHVILLE POLICE DEPT,2015-0160518,Davidson,Nashville,2/16/2015 7:36:00 AM,1,0,0,36.144870,-86.646570,I 40,,,,0.00,,,,,,,217.20,N,Not at Intersection,N,Non-Junction,None,,,         ,Jeb,Johnston,Sleet/Hail,Not Collision with Motor Vehicle in Transport,no,no,no,no,no,False
100737848,METROPOLITAN NASHVILLE POLICE DEPT,20150160532,Davidson,Nashville,2/16/2015 6:30:00 AM,2,0,0,36.154940,-86.830340,I 40,,,,0.00,,,,,,,205.50,N,Not at Intersection, ,Non-Junction,None,,,         ,Aaron,Wigginton,Snow,Angle,no,no,no,no,no,False
100737855,METROPOLITAN NASHVILLE POLICE DEPT,20150151590,Davidson,Nashville,2/13/2015 8:27:00 AM,4,4,0,36.162480,-86.793580,I 40,,,,0.00,,,,,,,208.60,N,Not at Intersection,N,Non-Junction,None,,,         ,Phillip,Murphy,Clear,Front to Rear,no,no,no,no,no,False
100737864,METROPOLITAN NASHVILLE POLICE DEPT,20150160595,Davidson,Goodlettsville,2/16/2015 8:00:00 AM,2,0,0,36.298170,-86.713430,I 65,,,,0.00,,,,,,,95.00,N,Not at Intersection, ,Non-Junction,None,,,         ,William,Coy,Sleet/Hail,Front to Rear,no,no,no,no,yes,False
100737865,METROPOLITAN NASHVILLE POLICE DEPT,20150160587,Davidson,Nashville,2/16/2015 8:10:00 AM,1,0,0,36.107980,-86.728600,SOUTHLAKE DR,,,,310.00,Feet,West,NEESE DR,,,,0.00,N,Not at Intersection,N,Non-Junction,None,,,         ,Kevin,Caperton,Sleet/Hail,Not Collision with Motor Vehicle in Transport,no,no,no,no,no,False
100737869,METROPOLITAN NASHVILLE POLICE DEPT,20150160480,Davidson,Nashville,2/16/2015 7:05:00 AM,1,1,0,36.169910,-86.593570,I 40,,,,0.00,,,,,,,221.25,N,Not at Intersection,N,Non-Junction,None,,,         ,James,Curtis,Sleet/Hail,Not Collision with Motor Vehicle in Transport,no,no,no,no,no,False
100737870,METROPOLITAN NASHVILLE POLICE DEPT,2015-0152545,Davidson,Nashville,2/13/2015 1:50:00 PM,3,0,0,36.174530,-86.760930,S 7TH ST,,,,0.00,Feet,,MAIN ST,,,,0.00,Y,Four-Way,N,Intersection,None,,,         ,Coleman,Womack,Cloudy,Angle,no,no,no,no,yes,False
100737875,METROPOLITAN NASHVILLE POLICE DEPT,2015-0160481,Davidson,Not in City Limit,2/16/2015 7:00:00 AM,1,0,0,36.336550,-86.870030,US HWY 431,,,,0.00,,,MORGAN RD,,,,0.00,Y,T-Intersection,N,Non-Junction,None,,,         ,Alan,Jordan,Sleet/Hail,Not Collision with Motor Vehicle in Transport,no,no,no,no,no,False
100737881,METROPOLITAN NASHVILLE POLICE DEPT,20150160696,Davidson,Nashville,2/16/2015 9:10:00 AM,1,0,0,36.110260,-86.770880,I 65,,,,0.00,,,,,,,79.80,N,Not at Intersection,N,Non-Junction,None,,,         ,Phillip,Murphy,Snow,Not Collision with Motor Vehicle in Transport,no,no,no,no,no,False
100737882,METROPOLITAN NASHVILLE POLICE DEPT,2015-0160559,Davidson,Nashville,2/16/2015 7:55:00 AM,1,0,0,36.168740,-86.766080,I 24,,,,0.00,,,,,,,48.80,N,Not at Intersection, ,Non-Junction,None,,,         ,Coleman,Womack,Sleet/Hail,Not Collision with Motor Vehicle in Transport,no,no,no,no,no,False
100737883,METROPOLITAN NASHVILLE POLICE DEPT,20150151647,Davidson,Nashville,2/13/2015 8:46:00 AM,2,1,0,36.167390,-86.585270,S NEW HOPE RD,,,,532.00,Feet,North,ROXBOROUGH DR,,,,0.00,N,Not at Intersection,N,Non-Junction,None,,,         ,James,Curtis,Clear,Front to Rear,no,no,no,no,no,False
100737884,METROPOLITAN NASHVILLE POLICE DEPT,20150160500,Davidson,Nashville,2/16/2015 7:14:00 AM,1,0,0,36.156700,-86.789590,I 40,,,,0.00,Feet,East,-- UNKNOWN RAMP/ROAD --,,,,0.00,N,Not at Intersection, ,Entrance/Exit Ramp Related,Work Zone,,,         ,Erik,Wagner,Sleet/Hail,Not Collision with Motor Vehicle in Transport,no,no,no,no,no,False
100737885,METROPOLITAN NASHVILLE POLICE DEPT,20150160692,Davidson,Madison,2/16/2015 9:00:00 AM,1,0,0,36.263850,-86.737910,I 65,,,,0.00,,,,,,,92.20,N,Not at Intersection,N,Non-Junction,None,,,         ,Joe,Pennington,Sleet/Hail,Not Collision with Motor Vehicle in Transport,no,no,no,no,no,False
100737893,METROPOLITAN NASHVILLE POLICE DEPT,20150160576,Davidson,Nashville,2/16/2015 8:09:00 AM,3,1,0,36.270660,-86.736310,I 65,,,,0.00,,,,,,,92.70,N,Not at Intersection,N,Non-Junction,None,,,         ,Jordan,Lowry,Snow,Front to Rear,no,no,no,no,yes,False
100737898,METROPOLITAN NASHVILLE POLICE DEPT,20150160739,Davidson,Nashville,2/16/2015 9:32:00 AM,1,0,0,36.121190,-86.727200,I 24,,,,0.00,,,,,,,52.85,N,Not at Intersection,N,Non-Junction,None,,,         ,Christopher,Hanor,Sleet/Hail,Not Collision with Motor Vehicle in Transport,no,no,no,no,no,False
100737907,METROPOLITAN NASHVILLE POLICE DEPT,20150160801,Davidson,Nashville,2/16/2015 9:54:00 AM,1,0,0,36.081290,-86.753840,STATE HWY 255,,,,463.00,Feet,East,TIMBERHILL DR,,,,0.00,N,Not at Intersection, ,,None,,,         ,Phillip,Murphy,,,no,no,no,no,no,False
100737910,METROPOLITAN NASHVILLE POLICE DEPT,20150152095,Davidson,Nashville,2/13/2015 10:38:00 AM,2,0,0,36.190780,-86.625170,US HWY 70,,,,0.00,,,,,,,0.00,,,N,Non-Junction,None,,,         ,James,Curtis,Clear,"Sideswipe, Opposite Direction",no,no,no,yes,yes,False
100737916,METROPOLITAN NASHVILLE POLICE DEPT,2015-0160789,Davidson,Nashville,2/16/2015 9:31:00 AM,2,0,0,36.060910,-86.637040,RICE RD,,,,785.00,Feet,South,BELL CREST DR,,,,0.00,N,Not at Intersection,N,Non-Junction,None,,,         ,William,Whitworth,Snow,Angle,no,no,no,yes,yes,False
100737918,METROPOLITAN NASHVILLE POLICE DEPT,20150151903,Davidson,Nashville,2/13/2015 12:44:00 PM,2,0,0,36.168650,-86.685850,US HWY 70,,,,1031.00,Feet,West,FAIRWAY DR,,,,0.00,N,Not at Intersection, ,,None,,,         ,James,Curtis,,,no,no,no,no,no,False
100737936,METROPOLITAN NASHVILLE POLICE DEPT,2015-0160855,Davidson,Nashville,2/16/2015 10:25:00 AM,1,0,0,36.148950,-86.874330,I 40,,,,0.00,,,,,,,203.00,N,Not at Intersection, ,,None,,,         ,Cesar,Castillo,,,no,no,no,no,no,False
100737938,METROPOLITAN NASHVILLE POLICE DEPT,20150160707,Davidson,Nashville,2/16/2015 9:00:00 AM,2,0,0,36.153350,-86.857130,-- UNKNOWN RAMP/ROAD --,,,,0.00,,,I 40,,,,0.00,Y,OTHER, ,Non-Junction,None,,,         ,Gregory,Julia,Sleet/Hail,Angle,no,no,no,no,no,False
100737939,METROPOLITAN NASHVILLE POLICE DEPT,20150160936,Davidson,Nashville,2/16/2015 11:07:00 AM,1,0,0,36.116420,-86.771370,I 440,,,,0.00,,,,,,,5.00,N,Not at Intersection,Y,Non-Junction,None,,,         ,Phillip,Murphy,Snow,Not Collision with Motor Vehicle in Transport,no,no,no,no,no,False
100737951,METROPOLITAN NASHVILLE POLICE DEPT,20150160883,Davidson,Nashville,2/16/2015 9:25:00 AM,1,0,0,36.192080,-86.806540,10TH AVE N,,,,412.00,Feet,North,KELLOW ST,,,,0.00,N,Not at Intersection,N,Non-Junction,None,,,         ,Joshua,Baker,Sleet/Hail,Not Collision with Motor Vehicle in Transport,no,no,no,no,no,False
100737958,METROPOLITAN NASHVILLE POLICE DEPT,20150161005,Davidson,Nashville,2/16/2015 11:14:00 AM,2,0,0,36.243170,-86.756750,US HWY 31W,,,,215.00,Feet,North,DOVERSIDE DR,,,,0.00,N,Not at Intersection,N,"Driveway, Alley Access, etc",None,,,         ,Joe,Pennington,Sleet/Hail,HeadOn,no,no,no,no,yes,False
100737959,METROPOLITAN NASHVILLE POLICE DEPT,2015160893,Davidson,Nashville,2/16/2015 10:52:00 AM,1,0,0,36.075440,-86.979980,I 40,,,,0.00,,,,,,,194.85,N,Not at Intersection,N,Non-Junction,None,,,         ,Jack,Crouch,Snow,Not Collision with Motor Vehicle in Transport,no,no,no,no,no,False