master_record_number,agency,agency_tracking_number,county,city,collision_date,vehicles_involved,number_injured,number_dead,latitude,longitude,roadway_name,roadway_suffix,roadway_number,roadway_local_id,distance_from_reference,miles-feet_indicator,direction_from_reference,intersection_road_name,intersection_road_name_suffix,intersection_road_number,intersection_local_id,mile_marker,intersection_indicator,intersect_type,interchange_related_indicator,relation_to_junction,work_zone_type,construction_maintenance_zone,construction_maintenance_zone_location,fatal_case_number,officer_first_name,officer_last_name,weather_condition(s),manner_of_crash,pedestrian,bicycle,scooter,parking,hitrun,mou
100738563,METROPOLITAN NASHVILLE POLICE DEPT,20150162972,Davidson,Nashville,2/17/2015 11:25:00 AM,1,0,0,36.068530,-86.674280,ARTELIA DR,,,,23.00,Feet,North,RICHARDS RD,,,,0.00,N,Not at Intersection,N,OtherLocation,None,,,         ,Kevin,Caperton,Clear,Not Collision with Motor Vehicle in Transport,no,no,no,no,no,False
100738564,METROPOLITAN NASHVILLE POLICE DEPT,2015-062898,Davidson,Nashville,2/17/2015 10:25:00 AM,1,0,0,36.068350,-86.718820,HAYWOOD LN,,,,103.00,Feet,East,US HWY 31 ALT,,,,0.00,N,Not at Intersection, ,Non-Junction,None,,,         ,Jeff,Ha,Snow,Not Collision with Motor Vehicle in Transport,no,no,no,no,no,False
100738571,METROPOLITAN NASHVILLE POLICE DEPT,20150162751,Davidson,Nashville,2/17/2015 8:20:00 AM,2,0,0,36.035540,-86.643950,I 24,,,,0.00,,,,,,,60.50,N,Not at Intersection, ,Non-Junction,None,,,         ,Michael,Dye,Clear,Front to Rear,no,no,no,no,no,False
100738572,METROPOLITAN NASHVILLE POLICE DEPT,20150160602,Davidson,Nashville,2/16/2015 8:15:00 AM,1,0,0,36.140570,-86.722080,I 40,,,,0.00,,,,,,,213.50,N,Not at Intersection,N,Non-Junction,None,,,         ,Larry,Benz,Sleet/Hail,Not Collision with Motor Vehicle in Transport,no,no,no,no,yes,False
100738578,METROPOLITAN NASHVILLE POLICE DEPT,20150162582,Davidson,Nashville,2/17/2015 8:06:00 AM,2,0,0,36.145730,-86.741300,I 40,,,,0.00,,,,,,,212.20,N,Not at Intersection,N,Non-Junction,None,,,         ,Cassandra,Del Bosco,Snow,Rear to Rear,no,no,no,no,yes,False
100738579,METROPOLITAN NASHVILLE POLICE DEPT,20150162738,Davidson,Nashville,2/17/2015 9:22:00 AM,1,0,0,36.071200,-86.769620,I 65,,,,0.00,,,,,,,77.00,N,Not at Intersection, ,Non-Junction,None,,,         ,Phillip,Murphy,Snow,Not Collision with Motor Vehicle in Transport,no,no,no,no,no,False
100738580,METROPOLITAN NASHVILLE POLICE DEPT,2015-0162792,Davidson,Nashville,2/17/2015 9:53:00 AM,1,0,0,36.215300,-86.801170,US HWY 431,,,,431.00,Feet,South,GROVER ST,,,,0.00,N,Not at Intersection,N,Non-Junction,None,,,         ,Charles,Kaster,Snow,Not Collision with Motor Vehicle in Transport,no,no,no,no,no,False
100738586,METROPOLITAN NASHVILLE POLICE DEPT,2015-0162808,Davidson,Nashville,2/17/2015 9:53:00 AM,2,0,0,36.118210,-86.700140,RAMP,,,,0.00,,,STATE HWY 155,,,,0.00,Y,Four-Way, ,Intersection-Related,None,,,         ,John,Neely,Other,Front to Rear,no,no,no,no,no,False
100738589,METROPOLITAN NASHVILLE POLICE DEPT,2015-0162980,Davidson,Nashville,2/17/2015 11:45:00 AM,1,1,0,36.241220,-86.750910,I 65,,,,0.00,,,,,,,90.40,N,Not at Intersection,N,Non-Junction,None,,,         ,Coleman,Womack,Clear,Not Collision with Motor Vehicle in Transport,no,no,no,no,no,False
100738592,METROPOLITAN NASHVILLE POLICE DEPT,20150162882,Davidson,Nashville,2/17/2015 10:30:00 AM,1,0,0,36.210640,-86.589380,TULIP GROVE RD,,,,1182.00,Feet,South,RALEIGH DR,,,,0.00,N,Not at Intersection, ,Non-Junction,None,,,         ,James,Curtis,Clear,Not Collision with Motor Vehicle in Transport,no,no,no,no,no,False
100738596,METROPOLITAN NASHVILLE POLICE DEPT,2015-0162593,Davidson,Nashville,2/17/2015 7:30:00 AM,2,2,0,36.106180,-86.718490,I 24,,,,0.00,,,,,,,54.00,N,Not at Intersection,N,Non-Junction,None,,,         ,Michael,Burgess,Sleet/Hail,Front to Rear,no,no,no,no,yes,False
100738598,METROPOLITAN NASHVILLE POLICE DEPT,20150162864,Davidson,Nashville,2/17/2015 10:25:00 AM,1,0,0,36.121400,-86.733170,GLENROSE AVE,,,,450.00,Feet,West,GLENROSE CIR,,,,0.00,N,Not at Intersection,N,Non-Junction,None,,,         ,Christopher,Hanor,Clear,Not Collision with Motor Vehicle in Transport,no,no,no,no,no,False
100738599,METROPOLITAN NASHVILLE POLICE DEPT,2015-0163027,Davidson,Nashville,2/17/2015 12:00:00 AM,2,0,0,36.221670,-86.801330,WOODALE LN,,,,404.00,Feet,East,REVELS DR,,,,0.00,N,Not at Intersection, ,Non-Junction,None,,,         ,Charles,Kaster,Snow,Unknown,no,no,no,no,yes,False
100738604,METROPOLITAN NASHVILLE POLICE DEPT,20150163106,Davidson,Nashville,2/17/2015 12:45:00 PM,2,0,0,36.038080,-86.782910,I 65,,,,0.00,,,,,,,74.55,N,Not at Intersection,N,Non-Junction,None,,,         ,Nathan,Kemp,Snow,"Sideswipe, Same Direction",no,no,no,no,no,False
100738611,METROPOLITAN NASHVILLE POLICE DEPT,20150162960,Davidson,Nashville,2/17/2015 11:32:00 AM,2,0,0,36.211020,-86.589300,TULIP GROVE RD,,,,1042.00,Feet,South,RALEIGH DR,,,,0.00,N,Not at Intersection,N,Non-Junction,None,,,         ,James,Curtis,Clear,Front to Rear,no,no,no,no,yes,False
100738614,METROPOLITAN NASHVILLE POLICE DEPT,2015-0163110,Davidson,Nashville,2/16/2015 4:30:00 PM,1,0,0,36.053680,-86.672870,I 24,,,,0.00,,,,,,,58.45,N,Not at Intersection, ,Non-Junction,None,,,         ,Charles,Coe,Snow,Not Collision with Motor Vehicle in Transport,no,no,no,no,no,False
100738615,METROPOLITAN NASHVILLE POLICE DEPT,20150115652,Davidson,Nashville,2/3/2015 1:35:00 PM,1,0,0,36.193350,-86.831500,US HWY 41 ALT,,,,0.00,,East,S HAMILTON RD,,,,0.00,N,Not at Intersection,N,Non-Junction,None,,,         ,Earnest,Fields,Clear,Not Collision with Motor Vehicle in Transport,no,yes,no,no,no,False
100738622,METROPOLITAN NASHVILLE POLICE DEPT,20150163102,Davidson,Nashville,2/17/2015 12:50:00 PM,2,0,0,36.140610,-86.724870,I 40,,,,0.00,,,,,,,213.40,N,Not at Intersection,N,Non-Junction,None,,,         ,Larry,Benz,Clear,Not Collision with Motor Vehicle in Transport,no,no,no,no,no,False
100738623,METROPOLITAN NASHVILLE POLICE DEPT,2015-0163241,Davidson,Nashville,2/17/2015 1:50:00 PM,1,0,0,36.152950,-86.854160,I 40,,,,0.00,,,,,,,204.20,N,Not at Intersection,N,Non-Junction,None,,,         ,Curtis,Rich,Clear,Not Collision with Motor Vehicle in Transport,no,no,no,no,no,False
100738624,METROPOLITAN NASHVILLE POLICE DEPT,20150162977,Davidson,Nashville,2/17/2015 12:20:00 PM,1,0,0,36.241070,-86.751100,I 65,,,,0.00,,,,,,,90.40,N,Not at Intersection,N,Non-Junction,None,,,         ,William,Estes,Clear,Not Collision with Motor Vehicle in Transport,no,no,no,no,no,False
100738625,METROPOLITAN NASHVILLE POLICE DEPT,2015-0163100,Davidson,Nashville,2/17/2015 12:50:00 PM,1,0,0,36.155780,-86.823900,EXIT 206,,,,0.00,Feet,East,I 40,,,,0.00,N,Not at Intersection,N,Entrance/Exit Ramp Related,None,,,         ,Cesar,Castillo,Clear,Not Collision with Motor Vehicle in Transport,no,no,no,no,no,False
100738627,METROPOLITAN NASHVILLE POLICE DEPT,20150163099,Davidson,Nashville,2/17/2015 12:55:00 PM,1,0,0,36.250090,-86.741230,I 65,,,,0.00,,,,,,,91.20,N,Not at Intersection,N,Non-Junction,None,,,         ,Andrew,Ivey,Snow,Not Collision with Motor Vehicle in Transport,no,no,no,no,no,False
100738630,METROPOLITAN NASHVILLE POLICE DEPT,20150163060,Davidson,Nashville,2/17/2015 12:06:00 PM,2,0,0,36.080420,-86.696460,I 24,,,,0.00,,,,,,,56.15,N,Not at Intersection, ,Non-Junction,None,,,         ,Joseph,Smith,Cloudy,Not Collision with Motor Vehicle in Transport,no,no,no,no,no,False
100738632,METROPOLITAN NASHVILLE POLICE DEPT,20150163043,Davidson,Nashville,2/17/2015 12:08:00 PM,1,0,0,36.141760,-86.674030,I 40,,,,0.00,,,,,,,215.00,N,Not at Intersection, ,Entrance/Exit Ramp Related,None,,,         ,Andrew,Pedrotty,Clear,Not Collision with Motor Vehicle in Transport,no,no,no,no,no,False
100738655,METROPOLITAN NASHVILLE POLICE DEPT,20150163235,Davidson,Nashville,2/17/2015 2:02:00 PM,2,0,0,0.000000,0.000000,CONVENT,PL,,,0.00,,,PORTLAND,AVE,,,0.00,Y,T-Intersection, ,Intersection,None,,,         ,Mekisha,Page,Clear,Angle,no,no,no,no,no,False
100738656,METROPOLITAN NASHVILLE POLICE DEPT,20150160836,Davidson,Nashville,2/16/2015 8:30:00 AM,2,0,0,36.154030,-86.839090,I 40,,,,0.00,,,,,,,205.00,N,Not at Intersection,N,Non-Junction,None,,,         ,Daniel,Alford,Sleet/Hail,Rear to Rear,no,no,no,no,no,False
100738668,METROPOLITAN NASHVILLE POLICE DEPT,2015-0162059,Davidson,Nashville,2/16/2015 7:17:00 PM,2,0,0,36.248590,-86.784030,I 24,,,,0.00,,,,,,,42.80,N,Not at Intersection, ,Non-Junction,None,,,         ,Sandra,Talavera,Cloudy,"Sideswipe, Same Direction",no,no,no,no,no,False
100738670,GOODLETTSVILLE POLICE DEPT,15-06551,Davidson,Goodlettsville,2/16/2015 6:00:00 AM,3,0,0,36.296000,-86.716000,I 65,,,,0.00,,,,,,,94.80,N,Not at Intersection,N,Non-Junction,None,,,         ,John,Spencer,Sleet/Hail,Angle,no,no,no,no,no,False
100738683,METROPOLITAN NASHVILLE POLICE DEPT,20150163407,Davidson,Nashville,2/17/2015 3:03:00 PM,1,0,0,36.155690,-86.692470,STATE HWY 155,,,,741.00,Feet,South,-- UNKNOWN RAMP/ROAD --,,,,0.00,N,Not at Intersection, ,,None,,,         ,Jared,Ester,,,no,no,no,no,no,False
100738687,METROPOLITAN NASHVILLE POLICE DEPT,20150163456,Davidson,Nashville,2/17/2015 3:41:00 PM,2,0,0,36.096120,-86.727700,BRIGGS AVE,,,,0.00,,,COLBY DR,,,,0.00,Y,T-Intersection, ,Non-Junction,None,,,         ,Lukas,Cantrell,Cloudy,Angle,no,no,no,no,no,False
100738696,METROPOLITAN NASHVILLE POLICE DEPT,2015-0161827,Davidson,Nashville,2/16/2015 7:20:00 PM,4,2,0,0.000000,0.000000,I 65 SOUTH,,,,1.00,Miles,South,,,I,,86.00,N,Not at Intersection,N,Non-Junction,None,,,         ,Dejuan,Daniels,Snow,Other,no,no,no,no,no,False
100738699,METROPOLITAN NASHVILLE POLICE DEPT,20150163566,Davidson,Nashville,2/17/2015 3:55:00 PM,2,0,0,36.073990,-86.608880,ANDERSON,RD,,,0.00,,,NEW TOWNE,RD,,,0.00,Y,Four-Way, ,,None,,,         ,Timothy,Mead,,,no,no,no,no,no,False
100738700,METROPOLITAN NASHVILLE POLICE DEPT,20150163608,Davidson,Nashville,2/17/2015 4:31:00 PM,1,0,0,36.052900,-86.671780,I 24,,,,0.00,,,,,,,58.50,N,Not at Intersection,N,Non-Junction,None,,,         ,Jessie,Meadows,Snow,Not Collision with Motor Vehicle in Transport,no,no,no,no,no,False
100738701,METROPOLITAN NASHVILLE POLICE DEPT,20150163493,Davidson,Nashville,2/17/2015 3:50:00 PM,2,0,0,36.214790,-86.597660,ANDREW JACKSON PKWY,,,,123.00,Feet,South,US HWY 70,,,,0.00,N,Not at Intersection, ,OtherLocation,None,,,         ,Russell,Freeman,Clear,"Sideswipe, Opposite Direction",no,no,no,no,no,False
100738713,METROPOLITAN NASHVILLE POLICE DEPT,20150163598,Davidson,Nashville,2/17/2015 4:20:00 PM,2,2,0,36.144410,-86.696630,I 40,,,,0.00,,,,,,,214.90,N,Not at Intersection,N,Non-Junction,None,,,         ,Jiyayi,Suleyman,Clear,Angle,no,no,no,no,no,False
100738715,METROPOLITAN NASHVILLE POLICE DEPT,2015-0163429,Davidson,Nashville,2/17/2015 3:30:00 PM,1,1,0,36.039700,-86.649080,I 24,,,,0.00,,,,,,,60.10,N,Not at Intersection,N,Non-Junction,None,,,         ,Brandon,O'Guin,Clear,Not Collision with Motor Vehicle in Transport,no,no,no,no,no,False
100738720,THP District 9 - Administrative,315009737,Davidson,Nashville,2/17/2015 3:40:00 PM,2,0,0,36.139930,-86.816060,ORLEANS DR,,,,0.00,,,33RD AVE S,,,,0.00,Y,T-Intersection, ,Non-Junction,None,,,         ,Ronda,Sherley,Snow,"Sideswipe, Same Direction",no,no,no,no,no,False
100738725,METROPOLITAN NASHVILLE POLICE DEPT,20150163589,Davidson,Nashville,2/17/2015 4:22:00 PM,1,0,0,0.000000,0.000000,,,I65,,30.00,Feet,South,,,,,78.00,N,Not at Intersection,Y,Entrance/Exit Ramp Related,None,,,         ,Mekisha,Page,Cloudy,Not Collision with Motor Vehicle in Transport,no,no,no,no,no,False
100738727,METROPOLITAN NASHVILLE POLICE DEPT,20150163750,Davidson,Nashville,2/17/2015 5:17:00 PM,1,0,0,36.186310,-86.633580,US HWY 70,,,,350.00,Feet,West,STONES RIVER RD,,,,0.00,N,Not at Intersection,N,Non-Junction,None,,,         ,Tyler,Conrads,Clear,Not Collision with Motor Vehicle in Transport,no,no,no,no,no,False
100738730,METROPOLITAN NASHVILLE POLICE DEPT,20150163711,Davidson,Nashville,2/17/2015 5:02:00 PM,1,0,0,36.255080,-86.738720,I 65,,,,0.00,,,,,,,91.60,N,Not at Intersection,N,Non-Junction,None,,,         ,Byron,Dewalt,Snow,Not Collision with Motor Vehicle in Transport,no,no,no,no,no,False
100738733,METROPOLITAN NASHVILLE POLICE DEPT,20150163877,Davidson,Nashville,2/17/2015 6:00:00 PM,1,0,0,36.118280,-86.700070,STATE HWY 155,,,,0.00,,,STATE HWY 155,,,,0.00,Y,Y-Intersection, ,Non-Junction,None,,,         ,Jiyayi,Suleyman,Clear,Not Collision with Motor Vehicle in Transport,no,no,no,no,no,False
100738749,METROPOLITAN NASHVILLE POLICE DEPT,20150163810,Davidson,Nashville,2/17/2015 5:40:00 PM,1,1,0,36.033450,-86.712350,BARNES RD,,,,187.00,Feet,East,US HWY 31 ALT,,,,0.00,N,Not at Intersection,N,Non-Junction,None,,,         ,Jason,Door,Sleet/Hail,Not Collision with Motor Vehicle in Transport,no,no,no,no,no,False
100738750,METROPOLITAN NASHVILLE POLICE DEPT,20150163788,Davidson,Nashville,2/17/2015 4:52:00 PM,2,0,0,36.256640,-86.676300,CHEYENNE BLVD,,,,514.00,Feet,East,MANZANO RD,,,,0.00,N,Not at Intersection, ,Non-Junction,None,,,         ,Jerry,Pirtle,Snow,Angle,no,no,no,no,no,False
100738751,METROPOLITAN NASHVILLE POLICE DEPT,20150163270,Davidson,Nashville,2/17/2015 2:10:00 PM,1,0,0,36.106230,-86.718850,I 24,,,,0.00,,,,,,,54.00,N,Not at Intersection, ,Non-Junction,None,,,         ,Terry,Miller,Sleet/Hail,Not Collision with Motor Vehicle in Transport,no,no,no,no,no,False
100738755,METROPOLITAN NASHVILLE POLICE DEPT,20150163870,Davidson,Nashville,2/17/2015 5:58:00 PM,2,0,0,36.063660,-86.637320,STATE HWY 254,,,,130.00,Feet,North,RICE RD,,,,0.00,N,Not at Intersection, ,Non-Junction,None,,,         ,Oscar,Gomez,Snow,Angle,no,no,no,no,no,False
100738757,METROPOLITAN NASHVILLE POLICE DEPT,20150163935,Davidson,Nashville,2/17/2015 6:31:00 PM,2,0,0,0.000000,0.000000,KIRKWOOD,AVE,,,0.00,,,FRANKLIN,PIKE,,,0.00,Y,T-Intersection, ,Intersection,None,,,         ,Mekisha,Page,Cloudy,Front to Rear,no,no,no,no,no,False
100738760,METROPOLITAN NASHVILLE POLICE DEPT,20150163825,Davidson,Nashville,2/17/2015 5:35:00 PM,1,0,0,36.248840,-86.742340,I 65,,,,0.00,,,,,,,91.10,N,Not at Intersection,N,Non-Junction,None,,,         ,Nathan,Dungan,Cloudy,Not Collision with Motor Vehicle in Transport,no,no,no,no,no,False
100738763,METROPOLITAN NASHVILLE POLICE DEPT,20150163570,Davidson,Madison,2/17/2015 4:12:00 PM,1,1,0,36.274840,-86.716320,OLD AMQUI RD,,,,0.00,,,E CAMPBELL RD,,,,0.00,Y,Y-Intersection,N,Intersection,None,,,         ,Nathaniel,Carroll,Snow,Not Collision with Motor Vehicle in Transport,no,no,no,no,no,False
100738771,METROPOLITAN NASHVILLE POLICE DEPT,20150163603,Davidson,Nashville,2/17/2015 4:25:00 PM,3,0,0,36.227460,-86.831080,FARMVIEW DR,,,,91.00,Feet,South,BUENAVIEW BLVD,,,,0.00,N,Not at Intersection, ,,None,,,         ,Michael,Brooks,,,no,no,no,yes,no,False
100738773,METROPOLITAN NASHVILLE POLICE DEPT,20150163903,Davidson,Nashville,2/17/2015 6:10:00 PM,2,0,0,36.237900,-86.786800,-- UNKNOWN RAMP/ROAD --,,,,0.00,,,I 24,,,,0.00,Y,Y-Intersection, ,Entrance/Exit Ramp Related,None,,,         ,Nathan,Dungan,Cloudy,"Sideswipe, Same Direction",no,no,no,no,no,False
100738774,METROPOLITAN NASHVILLE POLICE DEPT,20150163238,Davidson,Nashville,2/17/2015 11:00:00 AM,1,0,0,36.266270,-86.742190,STATE HWY 45,,,,257.00,Feet,West,LINCOLN PARK,,,,0.00,N,Not at Intersection, ,,,,,         ,Broderick,Jones,,,no,no,no,no,no,False
100738776,METROPOLITAN NASHVILLE POLICE DEPT,20150163915,Davidson,Nashville,2/17/2015 6:15:00 PM,2,0,0,36.181180,-86.749440,GALLATIN AVE,,,,52.00,Feet,South,MANSFIELD ST,,,,0.00,N,Not at Intersection,N,Non-Junction,None,,,         ,Terence,Maahs,Cloudy,Angle,no,no,no,no,no,False
100738777,METROPOLITAN NASHVILLE POLICE DEPT,20150163943,Davidson,Nashville,2/17/2015 6:17:00 PM,2,0,0,36.079760,-86.703810,WILLARD DR,,,,0.00,,,WALLACE RD,,,,0.00,Y,T-Intersection, ,Non-Junction,None,,,         ,Daniel,Cayton,Other,HeadOn,no,no,no,no,yes,False
100738784,METROPOLITAN NASHVILLE POLICE DEPT,20150163536,Davidson,Nashville,2/17/2015 4:00:00 PM,2,0,0,36.163490,-86.762240,I 24,,,,0.00,,,,,,,49.20,N,Not at Intersection,N,Non-Junction,None,,,         ,Ethan,Luffman,Snow,Unknown,no,no,no,no,yes,False
100738795,METROPOLITAN NASHVILLE POLICE DEPT,20150164016,Davidson,Nashville,2/17/2015 7:14:00 PM,2,0,0,36.067550,-86.724310,COTTON LN,,,,0.00,,,LANDMARK CT,,,,0.00,Y,T-Intersection, ,Intersection-Related,None,,,         ,Tien,Nguyen,Snow,Other,no,no,no,no,no,False
100738805,METROPOLITAN NASHVILLE POLICE DEPT,20150164076,Davidson,Nashville,2/17/2015 6:11:00 PM,2,0,0,0.000000,0.000000,WELSHWOOD,DR,,,0.00,,,NOLENSVILLE,PIKE,,,0.00,Y,T-Intersection, ,Intersection,None,,,         ,Mekisha,Page,Cloudy,Front to Rear,no,no,no,no,no,False
100738808,METROPOLITAN NASHVILLE POLICE DEPT,20150164264,Davidson,Nashville,2/17/2015 7:01:00 PM,1,0,0,36.054990,-86.636620,HAMILTON CHURCH RD,,,,6.00,Feet,East,ZELIDA AVE,,,,0.00,N,Not at Intersection, ,Non-Junction,None,,,         ,William,Durham,Snow,Not Collision with Motor Vehicle in Transport,no,no,no,no,no,False
100738816,METROPOLITAN NASHVILLE POLICE DEPT,20150164217,Davidson,Nashville,2/17/2015 8:02:00 PM,2,0,0,36.045500,-86.712120,STATE HWY 254,,,,163.00,Feet,East,RAMP,,,,0.00,N,Not at Intersection, ,Non-Junction,None,,,         ,Natalie,Robinson,Snow,Angle,no,no,no,no,yes,False
100738819,METROPOLITAN NASHVILLE POLICE DEPT,20150163676,Davidson,Nashville,2/17/2015 4:30:00 PM,1,0,0,36.241090,-86.754080,STATE HWY 155,,,,300.00,Feet,East,EXIT 90B,,,,0.00,N,Not at Intersection,N,Non-Junction,None,,,         ,Nathan,Dungan,Cloudy,Not Collision with Motor Vehicle in Transport,no,no,no,no,no,False
100738827,METROPOLITAN NASHVILLE POLICE DEPT,20150164131,Davidson,Nashville,2/17/2015 7:18:00 PM,3,0,0,36.060770,-86.632730,HAMILTON CHURCH RD,,,,900.00,Feet,East,ASHBY DR,,,,0.00,N,Not at Intersection, ,Non-Junction,None,,,         ,Joseph,Progar,Cloudy,Front to Rear,no,no,no,no,yes,False
100738830,METROPOLITAN NASHVILLE POLICE DEPT,20150163791,Davidson,Nashville,2/17/2015 5:20:00 PM,2,0,0,36.167180,-86.756700,S 7TH ST,,,,390.00,Feet,South,SYLVAN ST,,,,0.00,N,Not at Intersection, ,Non-Junction,None,,,         ,Shawn,Rosson,Clear,Front to Rear,no,no,no,no,no,False
100738835,METROPOLITAN NASHVILLE POLICE DEPT,20150163974,Davidson,Nashville,2/17/2015 6:25:00 PM,2,0,0,36.063080,-86.630310,HAMILTON CHURCH RD,,,,196.00,Feet,North,HAMILTON XIN,,,,0.00,N,Not at Intersection,N,Non-Junction,None,,,         ,John,Stanfield,Clear,Other,no,no,no,no,yes,False
100738836,METROPOLITAN NASHVILLE POLICE DEPT,20150164274,Davidson,Nashville,2/17/2015 8:45:00 PM,2,0,0,36.052610,-86.685180,TUSCULUM RD,,,,104.00,Feet,East,JERI CT,,,,0.00,N,Not at Intersection, ,Non-Junction,None,,,         ,John,Stanfield,Clear,"Sideswipe, Same Direction",no,no,no,no,no,False
100738837,METROPOLITAN NASHVILLE POLICE DEPT,20150164055,Davidson,Antioch,2/17/2015 5:30:00 PM,1,0,0,35.990980,-86.644730,BURKITT RD,,,,0.57,Miles,East,WHITTEMORE LN,,,,0.00,N,Not at Intersection, ,Non-Junction,None,,,         ,Natalie,Robinson,Snow,Not Collision with Motor Vehicle in Transport,no,no,no,no,no,False
100738841,METROPOLITAN NASHVILLE POLICE DEPT,20150163761,Davidson,Nashville,2/17/2015 5:38:00 PM,3,1,0,36.044110,-86.656710,I 24,,,,0.00,,,,,,,59.55,N,Not at Intersection,N,Non-Junction,None,,,         ,Jessie,Meadows,Clear,Front to Rear,no,no,no,no,no,False
100738842,METROPOLITAN NASHVILLE POLICE DEPT,20150163977,Davidson,Nashville,2/17/2015 7:16:00 PM,1,1,0,36.055840,-86.675560,I 24,,,,0.00,,,,,,,58.20,N,Not at Intersection,N,Non-Junction,None,,,         ,Jessie,Meadows,Clear,Not Collision with Motor Vehicle in Transport,no,no,no,no,no,False
100738843,METROPOLITAN NASHVILLE POLICE DEPT,20150163971,Davidson,Nashville,2/17/2015 7:56:00 PM,1,0,0,36.055840,-86.675560,I 24,,,,0.00,,,,,,,58.20,N,Not at Intersection,N,Non-Junction,None,,,         ,Jessie,Meadows,Snow,Not Collision with Motor Vehicle in Transport,no,no,no,no,no,False
100738845,METROPOLITAN NASHVILLE POLICE DEPT,20150164362,Davidson,Nashville,2/17/2015 8:20:00 PM,1,0,0,36.207230,-86.822500,TUCKER RD,,,,486.00,Feet,South,SAINT MARYS LN,,,,0.00,N,Not at Intersection, ,Non-Junction,None,,,         ,Victor,Alexander,Cloudy,Not Collision with Motor Vehicle in Transport,no,no,no,yes,no,False
100738846,METROPOLITAN NASHVILLE POLICE DEPT,2015-0161757,Davidson,Nashville,2/16/2015 6:51:00 PM,4,4,0,36.247030,-86.784100,I 24,,,,0.00,,,,,,,42.90,N,Not at Intersection,N,Non-Junction,None,,,         ,Sandra,Talavera,Cloudy,Angle,no,no,no,no,no,False
100738847,METROPOLITAN NASHVILLE POLICE DEPT,20150164403,Davidson,Nashville,2/17/2015 9:40:00 PM,2,0,0,36.128330,-86.712810,PHILFRE CT,,,,50.00,Feet,East,US HWY 41,,,,0.00,N,Not at Intersection, ,Non-Junction,None,,,         ,Jared,Ester,Sleet/Hail,"Sideswipe, Same Direction",no,no,no,no,yes,False
100738852,METROPOLITAN NASHVILLE POLICE DEPT,20150164447,Davidson,Nashville,2/17/2015 10:21:00 PM,1,0,0,36.054940,-86.636780,ZELIDA AVE,,,,42.00,Feet,West,HAMILTON CHURCH RD,,,,0.00,N,Not at Intersection,N,Non-Junction,None,,,         ,Joseph,Progar,Cloudy,Not Collision with Motor Vehicle in Transport,no,no,no,no,no,False
100738856,METROPOLITAN NASHVILLE POLICE DEPT,20150164296,Davidson,Nashville,2/17/2015 10:00:00 PM,2,0,0,36.025310,-86.632850,I 24,,,,0.00,,,,,,,61.55,N,Not at Intersection,N,Non-Junction,None,,,         ,Jessie,Meadows,Clear,Front to Rear,no,no,no,no,yes,False
100738857,METROPOLITAN NASHVILLE POLICE DEPT,20150164393,Davidson,Nashville,2/17/2015 9:50:00 PM,3,0,0,36.213470,-86.596500,TRENTON DR,,,,25.00,Feet,East,BATON ROUGE DR,,,,0.00,N,Not at Intersection,N,OtherLocation,None,,,         ,Stephen,Soule,Clear,Not Collision with Motor Vehicle in Transport,no,no,no,yes,no,False
100738858,METROPOLITAN NASHVILLE POLICE DEPT,20150164006,Davidson,Nashville,2/17/2015 6:54:00 PM,1,0,0,36.142850,-86.623930,LINCOYA BAY DR,,,,0.00,Feet,East,PARKING LOT,,,,0.00,N,Not at Intersection,N,Non-Junction,None,,,         ,David,Abbott,Clear,Not Collision with Motor Vehicle in Transport,no,no,no,yes,no,False
100738864,METROPOLITAN NASHVILLE POLICE DEPT,20150160322,Davidson,Nashville,2/16/2015 4:03:00 AM,2,0,0,36.082100,-86.697500,I 24,,,,0.00,,,,,,,56.00,N,Not at Intersection,N,Non-Junction,None,,,         ,Justin,McCormick,Sleet/Hail,"Sideswipe, Same Direction",no,no,no,no,no,False
100738866,METROPOLITAN NASHVILLE POLICE DEPT,20150164571,Davidson,Nashville,2/17/2015 11:40:00 PM,2,0,0,36.149600,-86.666450,STATE HWY 255,,,,298.00,Feet,North,ELM HILL PIKE,,,,0.00,N,Not at Intersection, ,Non-Junction,None,,,         ,Curtis,Fisher,Clear,Front to Rear,no,no,no,no,yes,False
100738868,METROPOLITAN NASHVILLE POLICE DEPT,20150162433,Davidson,Nashville,2/17/2015 5:10:00 AM,2,0,0,36.081970,-86.697420,I 24,,,,0.00,,,,,,,56.05,N,Not at Intersection, ,Non-Junction,None,,,         ,Justin,McCormick,Snow,Angle,no,no,no,no,no,False
100738870,METROPOLITAN NASHVILLE POLICE DEPT,20150160420,Davidson,Nashville,2/16/2015 5:33:00 AM,1,0,0,36.111500,-86.711620,STATE HWY 155,,,,305.00,Feet,East,DRUMMOND DR,,,,0.00,N,Not at Intersection,N,Non-Junction,None,,,         ,Justin,McCormick,Sleet/Hail,Not Collision with Motor Vehicle in Transport,no,no,no,no,no,False