master_record_number,agency,agency_tracking_number,county,city,collision_date,vehicles_involved,number_injured,number_dead,latitude,longitude,roadway_name,roadway_suffix,roadway_number,roadway_local_id,distance_from_reference,miles-feet_indicator,direction_from_reference,intersection_road_name,intersection_road_name_suffix,intersection_road_number,intersection_local_id,mile_marker,intersection_indicator,intersect_type,interchange_related_indicator,relation_to_junction,work_zone_type,construction_maintenance_zone,construction_maintenance_zone_location,fatal_case_number,officer_first_name,officer_last_name,weather_condition(s),manner_of_crash,pedestrian,bicycle,scooter,parking,hitrun,mou
100750904,METROPOLITAN NASHVILLE POLICE DEPT,20150175776,Davidson,Nashville,2/21/2015 10:14:00 AM,2,0,0,36.148280,-86.778090,I 40,,,,0.00,,,,,,,209.95,N,Not at Intersection, ,Non-Junction,Unknown,,,         ,Corteze,Armstrong,Rain,"Sideswipe, Same Direction",no,no,no,no,yes,False
100750906,METROPOLITAN NASHVILLE POLICE DEPT,2015-0175744,Davidson,Nashville,2/21/2015 9:47:00 AM,1,1,0,36.067380,-86.687090,EXIT 57,,,,0.00,Feet,East,I 24,,,,0.00,N,Not at Intersection,N,Entrance/Exit Ramp Related,None,,,         ,Stanley,Collins,Sleet/Hail,Not Collision with Motor Vehicle in Transport,no,no,no,no,no,False
100750907,METROPOLITAN NASHVILLE POLICE DEPT,20150175654,Davidson,Nashville,2/21/2015 8:37:00 AM,2,0,0,36.041320,-86.782260,I 65,,,,0.00,,,,,,,74.75,N,Not at Intersection,N,Non-Junction,None,,,         ,Tony,Folad,Sleet/Hail,Angle,no,no,no,no,yes,False
100750908,METROPOLITAN NASHVILLE POLICE DEPT,20150175686,Davidson,Madison,2/21/2015 9:05:00 AM,2,0,0,36.275940,-86.714560,E CAMPBELL RD,,,,0.00,,,HIGHLAND CIR,,,,0.00,Y,T-Intersection, ,Non-Junction,None,,,         ,James,Smith,Cloudy,HeadOn,no,no,no,no,yes,False
100750909,METROPOLITAN NASHVILLE POLICE DEPT,20150162356,Davidson,Nashville,2/17/2015 7:36:00 AM,1,0,0,36.044240,-86.780960,I 65,,,,0.00,,,,,,,75.00,N,Not at Intersection,N,Non-Junction,None,,,         ,Darrell,Osment,Sleet/Hail,Not Collision with Motor Vehicle in Transport,no,no,no,no,no,False
100750910,METROPOLITAN NASHVILLE POLICE DEPT,20150175707,Davidson,Nashville,2/21/2015 9:13:00 AM,2,0,0,36.136880,-86.795770,WEDGEWOOD AVE,,,,0.00,,,17TH AVE S,,,,0.00,Y,Four-Way,Y,Intersection,None,,,         ,Randal,Owsley,Rain,Angle,no,no,no,no,no,Campus
100750911,METROPOLITAN NASHVILLE POLICE DEPT,20150169325,Davidson,Nashville,2/19/2015 10:00:00 AM,1,0,0,36.123560,-86.699950,VENUS DR,,,,0.00,,,SATURN DR,,,,0.00,Y,Y-Intersection, ,,,,,         ,Terry,Denton,,,no,no,no,no,no,False
100750916,METROPOLITAN NASHVILLE POLICE DEPT,2015-0175457,Davidson,Nashville,2/21/2015 12:00:00 AM,1,1,0,36.015180,-86.740420,EDMONDSON PIKE,,,,162.00,Feet,South,HOLT RD,,,,0.00,N,Not at Intersection,N,Non-Junction,None,,,         ,Alan,Digruttolo,Sleet/Hail,Not Collision with Motor Vehicle in Transport,no,no,no,no,yes,False
100750918,METROPOLITAN NASHVILLE POLICE DEPT,20150175796,Davidson,Bellevue,2/21/2015 10:00:00 AM,1,1,0,36.071060,-86.930100,OLD HARDING PIKE,,,,31.00,Feet,East,MOSS CREEK CT,,,,0.00,N,Not at Intersection,N,Non-Junction,None,,,         ,Wesley,Tilley,Rain,Not Collision with Motor Vehicle in Transport,no,no,no,no,no,False
100750919,METROPOLITAN NASHVILLE POLICE DEPT,20150175810,Davidson,Nashville,2/21/2015 11:07:00 AM,2,0,0,36.158880,-86.782050,US HWY 31,,,,0.00,,,US HWY 70,,,,0.00,Y,Four-Way, ,,None,,,         ,Bryan,Birdwell,,,no,no,no,no,no,False
100750921,METROPOLITAN NASHVILLE POLICE DEPT,20150175706,Davidson,Nashville,2/21/2015 9:08:00 AM,1,0,0,0.000000,0.000000,I 40 WEST ENTRANCE RAMP,,,,0.10,Miles,West,STEWARTS FERRY PKE,,,,0.00,N,Not at Intersection,N,Entrance/Exit Ramp Related,None,,,         ,Caleb,Jernigan,Rain,Not Collision with Motor Vehicle in Transport,no,no,no,no,no,False
100750928,METROPOLITAN NASHVILLE POLICE DEPT,20150175704,Davidson,Nashville,2/21/2015 9:13:00 AM,2,1,0,36.059000,-86.773190,I 65,,,,0.00,,,,,,,75.15,N,Not at Intersection,N,Non-Junction,None,,,         ,Samuel,Ruth,Rain,Rear to Side,no,no,no,no,no,False
100750934,METROPOLITAN NASHVILLE POLICE DEPT,20150175831,Davidson,Not in City Limit,2/21/2015 11:00:00 AM,2,0,0,36.263340,-86.714610,STATE HWY 45,,,,0.00,,,DOUGLAS ST,,,,0.00,Y,T-Intersection,N,Intersection,None,,,         ,Jordan,Lowry,Rain,Angle,no,no,no,no,yes,False
100750939,METROPOLITAN NASHVILLE POLICE DEPT,20150175798,Davidson,Nashville,2/21/2015 10:35:00 AM,1,1,0,36.046010,-86.778490,I 65,,,,0.00,,,,,,,75.15,N,Not at Intersection,N,Non-Junction,None,,,         ,Samuel,Ruth,Rain,Not Collision with Motor Vehicle in Transport,no,no,no,no,no,False
100750946,METROPOLITAN NASHVILLE POLICE DEPT,20150175878,Davidson,Antioch,2/20/2015 9:55:00 PM,1,0,0,36.073720,-86.597290,COUNTRY WAY RD,,,,35.00,Feet,West,SEBETHA CT,,,,0.00,N,Not at Intersection, ,Unknown,None,,,         ,Julius,Gallon,Snow,Not Collision with Motor Vehicle in Transport,no,no,no,yes,yes,False
100750948,METROPOLITAN NASHVILLE POLICE DEPT,20150175908,Davidson,Nashville,2/21/2015 12:00:00 AM,2,0,0,36.137640,-86.786420,ARGYLE AVE,,,,0.00,,,11TH AVE S,,,,0.00,Y,Four-Way,N,Non-Junction,None,,,         ,Gregory,Lindstrom,Unknown,Front to Rear,no,no,no,no,yes,False
100750949,METROPOLITAN NASHVILLE POLICE DEPT,20150175892,Davidson,Not in City Limit,2/21/2015 11:30:00 AM,1,0,0,36.310700,-86.861060,US HWY 431,,,,1386.00,Feet,East,OLD CLARKSVILLE PIKE,,,,0.00,N,Not at Intersection,N,Non-Junction,None,,,         ,Clint,Gilleland,Rain,Not Collision with Motor Vehicle in Transport,no,no,no,no,no,False
100750950,METROPOLITAN NASHVILLE POLICE DEPT,20150175841,Davidson,Nashville,2/21/2015 10:42:00 AM,1,0,0,36.218880,-86.604320,MEADOWGREEN DR,,,,0.00,,,SHUTE LN,,,,0.00,Y,T-Intersection,N,Non-Junction,None,,,         ,William,Mckay,Rain,Not Collision with Motor Vehicle in Transport,no,no,no,no,no,False
100750957,METROPOLITAN NASHVILLE POLICE DEPT,20150175872,Davidson,Nashville,2/21/2015 11:33:00 AM,1,0,0,36.153630,-86.721370,US HWY 70,,,,0.00,,,,,,,0.00,,, ,Non-Junction,None,,,         ,Cassandra,Del Bosco,Rain,Not Collision with Motor Vehicle in Transport,no,no,no,yes,no,False
100750960,METROPOLITAN NASHVILLE POLICE DEPT,20150175860,Davidson,Nashville,2/21/2015 10:59:00 AM,2,0,0,36.044980,-86.779980,I 65,,,,0.00,,,,,,,75.00,N,Not at Intersection, ,Non-Junction,None,,,         ,Samuel,Ruth,Rain,Angle,no,no,no,no,no,False
100750967,METROPOLITAN NASHVILLE POLICE DEPT,2015-0175838,Davidson,Nashville,2/21/2015 10:20:00 AM,2,0,0,36.127220,-86.795230,LINDEN AVE,,,,0.00,,,OAKLAND AVE,,,,0.00,Y,Unknown, ,,,,,         ,Emily,Davies,,,no,no,no,no,no,False
100750976,METROPOLITAN NASHVILLE POLICE DEPT,20150175951,Davidson,Nashville,2/21/2015 12:15:00 PM,2,0,0,36.218880,-86.604320,MEADOWGREEN DR,,,,0.00,,,SHUTE LN,,,,0.00,Y,T-Intersection, ,Non-Junction,None,,,         ,William,Mckay,Rain,"Sideswipe, Opposite Direction",no,no,no,no,no,False
100750978,METROPOLITAN NASHVILLE POLICE DEPT,20150176003,Davidson,Nashville,2/21/2015 1:24:00 PM,1,0,0,36.143390,-86.822680,I 440,,,,0.00,,,,,,,1.00,N,Not at Intersection, ,,None,,,         ,Corteze,Armstrong,,,no,no,no,no,no,False
100750985,METROPOLITAN NASHVILLE POLICE DEPT,2015-0175916,Davidson,Not in City Limit,2/21/2015 12:05:00 PM,1,0,0,36.220250,-86.966900,STATE HWY 12,,,,539.00,Feet,West,CONNECTING ROAD,,,,0.00,N,Not at Intersection,N,Non-Junction,None,,,         ,Charles,Kaster,Rain,Not Collision with Motor Vehicle in Transport,no,no,no,no,no,False
100750990,METROPOLITAN NASHVILLE POLICE DEPT,20150175910,Davidson,Bellevue,2/21/2015 11:20:00 AM,2,0,0,36.079950,-86.932390,STIRRUP DR,,,,0.00,,,STIRRUP CT,,,,0.00,Y,Unknown, ,Non-Junction,None,,,         ,Colby,Mathis,Snow,"Sideswipe, Same Direction",no,no,no,no,no,False
100750995,METROPOLITAN NASHVILLE POLICE DEPT,20150175701,Davidson,Nashville,2/21/2015 9:01:00 AM,1,0,0,36.169960,-86.594740,I 40,,,,0.00,,,,,,,221.20,N,Not at Intersection,N,Non-Junction,None,,,         ,Craig,Carlson,Rain,Not Collision with Motor Vehicle in Transport,no,no,no,no,no,False
100750996,METROPOLITAN NASHVILLE POLICE DEPT,20150176002,Davidson,Nashville,2/21/2015 12:14:00 PM,1,0,0,36.143390,-86.822680,I 440,,,,0.00,,,,,,,1.00,N,Not at Intersection, ,,None,,,         ,Corteze,Armstrong,,,no,no,no,no,no,False
100750997,METROPOLITAN NASHVILLE POLICE DEPT,20150175817,Davidson,Nashville,2/21/2015 10:55:00 AM,1,0,0,0.000000,0.000000,I40 E,,,,1.00,Feet,,,,,,215.20,N,Not at Intersection,N,Non-Junction,None,,,         ,Caleb,Jernigan,Rain,Not Collision with Motor Vehicle in Transport,no,no,no,no,no,False
100751007,METROPOLITAN NASHVILLE POLICE DEPT,20150175883,Davidson,Nashville,2/21/2015 12:23:00 PM,2,0,0,36.134230,-86.801090,FAIRFAX AVE,,,,0.00,,,US HWY 431,,,,0.00,Y,Four-Way, ,,None,,,         ,Randal,Owsley,,,no,no,no,no,no,False
100751008,METROPOLITAN NASHVILLE POLICE DEPT,20150176025,Davidson,Nashville,2/21/2015 1:25:00 PM,1,2,0,36.109120,-86.769710,I 65,,,,0.00,,,,,,,79.70,N,Not at Intersection,N,Non-Junction,None,,,         ,Gregory,Lindstrom,Rain,Not Collision with Motor Vehicle in Transport,no,no,no,no,no,False
100751010,METROPOLITAN NASHVILLE POLICE DEPT,20150175870,Davidson,Nashville,2/21/2015 10:44:00 AM,1,0,0,36.082450,-86.762370,RAMP,,,,0.00,,,I 65,,,,0.00,Y,Unknown,Y,Entrance/Exit Ramp Related,None,,,         ,Timothy,Miller,Rain,Not Collision with Motor Vehicle in Transport,no,no,no,no,no,False
100751024,METROPOLITAN NASHVILLE POLICE DEPT,20150176020,Davidson,Nashville,2/21/2015 12:48:00 PM,2,0,0,36.110480,-86.771910,STATE HWY 155,,,,204.00,Feet,South,RAMP,,,,0.00,N,Not at Intersection, ,Non-Junction,None,,,         ,Joshua,Dickall,Rain,"Sideswipe, Same Direction",no,no,no,no,no,False
100751031,METROPOLITAN NASHVILLE POLICE DEPT,20150161920,Davidson,Nashville,2/16/2015 6:48:00 PM,3,1,0,36.246040,-86.784350,I 24,,,,0.00,,,,,,,43.00,N,Not at Intersection,N,Non-Junction,None,,,         ,Ryan,Sabel,Sleet/Hail,"Sideswipe, Same Direction",no,no,no,no,no,False
100751035,METROPOLITAN NASHVILLE POLICE DEPT,20150176078,Davidson,Nashville,2/21/2015 2:08:00 PM,1,0,0,36.062440,-86.682420,I 24,,,,0.00,,,,,,,57.60,N,Not at Intersection,N,Non-Junction,None,,,         ,Kevin,Caperton,Rain,Not Collision with Motor Vehicle in Transport,no,no,no,no,no,False
100751052,METROPOLITAN NASHVILLE POLICE DEPT,20150175972,Davidson,Madison,2/21/2015 12:40:00 PM,2,3,0,36.263670,-86.687120,STATE HWY 45,,,,0.00,,,ARCHWOOD DR,,,,0.00,Y,Four-Way,N,Intersection,None,,,         ,William,Coy,Rain,Angle,no,no,no,no,no,False
100751064,METROPOLITAN NASHVILLE POLICE DEPT,20150174442,Davidson,Nashville,2/20/2015 8:00:00 PM,2,2,0,36.391280,-86.762600,US HWY 41,,,,1072.00,Feet,South,EAST END RD,,,,0.00,N,Not at Intersection,N,Non-Junction,None,,,         ,Samuel,Miller,Snow,Front to Rear,no,no,no,no,no,False
100751067,METROPOLITAN NASHVILLE POLICE DEPT,20150176176,Davidson,Nashville,2/21/2015 3:14:00 PM,1,0,0,36.061020,-86.680650,I 24,,,,0.00,,,,,,,57.75,N,Not at Intersection,N,Non-Junction,None,,,         ,Thomas,Odom,Rain,Not Collision with Motor Vehicle in Transport,no,no,no,no,no,False
100751074,METROPOLITAN NASHVILLE POLICE DEPT,2015-0176062,Davidson,Nashville,2/21/2015 1:59:00 PM,1,1,0,36.211810,-86.893170,STATE HWY 12,,,,705.00,Feet,East,WWCR AVE,,,,0.00,N,Not at Intersection,N,Non-Junction,None,,,         ,Charles,Kaster,Rain,Not Collision with Motor Vehicle in Transport,no,no,no,no,no,False
100751078,METROPOLITAN NASHVILLE POLICE DEPT,2015-0176125,Davidson,Nashville,2/21/2015 2:51:00 PM,1,0,0,36.121970,-86.760660,I 440,,,,0.00,,,,,,,5.75,N,Not at Intersection,N,Non-Junction,None,,,         ,Clyde,Stambaugh,Rain,Not Collision with Motor Vehicle in Transport,no,no,no,no,no,False
100751092,METROPOLITAN NASHVILLE POLICE DEPT,20150176153,Davidson,Nashville,2/21/2015 3:00:00 PM,2,0,0,36.238270,-86.782390,STATE HWY 155,,,,112.00,Feet,East,EXIT 18A,,,,0.00,N,Not at Intersection, ,Non-Junction,None,,,         ,Nathan,Dungan,Rain,"Sideswipe, Same Direction",no,no,no,no,no,False
100751102,METROPOLITAN NASHVILLE POLICE DEPT,20150176208,Davidson,Nashville,2/21/2015 3:24:00 PM,2,1,0,36.148440,-86.866700,US HWY 70,,,,226.00,Feet,East,EASTBORO DR,,,,0.00,N,Not at Intersection,N,Non-Junction,None,,,         ,Brandon,Pedigo,Rain,HeadOn,no,no,no,no,no,False
100751109,METROPOLITAN NASHVILLE POLICE DEPT,20150176199,Davidson,Nashville,2/21/2015 3:16:00 PM,2,0,0,36.196950,-86.690810,CONNECTING ROAD,,,,28.00,Feet,North,GAYLORD DR,,,,0.00,N,Not at Intersection,N,Entrance/Exit Ramp Related,None,,,         ,James,Tidwell,Rain,"Sideswipe, Same Direction",no,no,no,no,yes,False
100751112,METROPOLITAN NASHVILLE POLICE DEPT,20150176223,Davidson,Nashville,2/21/2015 3:33:00 PM,1,0,0,36.199670,-86.586840,CHANDLER RD,,,,1500.00,Feet,East,TULIP GROVE RD,,,,0.00,N,Not at Intersection,N,Non-Junction,None,,,         ,Tyler,Conrads,Rain,Not Collision with Motor Vehicle in Transport,no,no,no,no,no,False
100751113,METROPOLITAN NASHVILLE POLICE DEPT,20150176126,Davidson,Nashville,2/21/2015 12:00:00 AM,2,0,0,36.125740,-86.722390,GIANT OAK DR,,,,62.00,Feet,North,FOOTHILL DR,,,,0.00,N,Not at Intersection, ,Non-Junction,None,,,         ,Adam,Earle,Rain,Rear to Rear,no,no,no,no,yes,False
100751125,METROPOLITAN NASHVILLE POLICE DEPT,20150176247,Davidson,Nashville,2/21/2015 3:45:00 PM,2,0,0,36.161340,-86.780570,COMMERCE ST,,,,0.00,,,6TH AVE N,,,,0.00,Y,T-Intersection, ,Non-Junction,None,,,         ,Robert,Fondren,Rain,Front to Rear,no,no,no,no,no,False
100751154,METROPOLITAN NASHVILLE POLICE DEPT,20150176628,Davidson,Nashville,2/21/2015 6:08:00 PM,2,0,0,36.131010,-86.755820,US HWY 31 ALT,,,,0.00,,,WOODYCREST AVE,,,,0.00,Y,T-Intersection, ,Intersection-Related,None,,,         ,Adam,Earle,Rain,Angle,no,no,no,no,yes,False
100751177,METROPOLITAN NASHVILLE POLICE DEPT,20150176797,Davidson,Nashville,2/21/2015 6:49:00 PM,2,0,0,36.178170,-86.737800,N 18TH ST,,,,45.00,Feet,North,FORREST AVE,,,,0.00,N,Not at Intersection, ,Non-Junction,None,,,         ,Robert,Croteau,Rain,Front to Rear,no,no,no,no,no,False
100751180,METROPOLITAN NASHVILLE POLICE DEPT,20150176510,Davidson,Nashville,2/21/2015 5:22:00 PM,1,0,0,36.058380,-86.678200,I 24,,,,0.00,,,,,,,58.00,N,Not at Intersection,N,Non-Junction,None,,,         ,Dale,Dameron,Rain,Not Collision with Motor Vehicle in Transport,no,no,no,no,no,False
100751184,METROPOLITAN NASHVILLE POLICE DEPT,2015-0176258,Davidson,Nashville,2/21/2015 3:19:00 PM,2,0,0,36.048250,-86.764860,STONE BOX LN,,,,515.00,Feet,South,HILL RD,,,,0.00,N,Not at Intersection, ,Non-Junction,None,,,         ,William,King,Rain,Angle,no,no,no,no,no,False
100751186,METROPOLITAN NASHVILLE POLICE DEPT,2015-0176569,Davidson,Nashville,2/21/2015 5:07:00 PM,1,0,0,36.134550,-86.872490,FORESTWOOD DR,,,,0.00,,,,,,,0.00,,, ,Non-Junction,None,,,         ,Michael,Rogers,Rain,Not Collision with Motor Vehicle in Transport,no,no,no,yes,no,False
100751187,METROPOLITAN NASHVILLE POLICE DEPT,20150170392,Davidson,Madison,2/19/2015 4:50:00 PM,2,0,0,36.264070,-86.690280,STATE HWY 45,,,,0.00,,,MYATT DR,,,,0.00,Y,Four-Way, ,Intersection,None,,,         ,Nathan,Dungan,Cloudy,Front to Rear,no,no,no,no,no,False
100751198,VANDERBILT UNIVERSITY POLICE,15-0176135,Davidson,Nashville,2/21/2015 12:00:00 AM,2,0,0,36.146970,-86.808350,25TH AVE S,,,,0.00,,,US HWY 70S,,,,0.00,Y,Unknown,N,Intersection,None,,,         ,Cedric,Edwards,Rain,Front to Rear,no,no,no,no,no,Campus
100751201,METROPOLITAN NASHVILLE POLICE DEPT,20150170165,Davidson,Nashville,2/19/2015 2:30:00 PM,1,0,0,36.265670,-86.748390,WESTCHESTER DR,,,,200.00,Feet,West,ARTA DR,,,,0.00,N,Not at Intersection,N,"Driveway, Alley Access, etc",None,,,         ,Nathan,Dungan,Cloudy,Not Collision with Motor Vehicle in Transport,no,no,no,no,no,False
100751202,METROPOLITAN NASHVILLE POLICE DEPT,20150176749,Davidson,Nashville,2/21/2015 6:30:00 PM,2,0,0,36.034610,-86.725070,ELMSHADE CT,,,,0.00,,,ELMSHADE LN,,,,0.00,Y,Four-Way, ,Intersection-Related,None,,,         ,Miguel,Garcia,Snow,Angle,no,no,no,no,no,False
100751204,METROPOLITAN NASHVILLE POLICE DEPT,20150176636,Davidson,Nashville,2/21/2015 6:11:00 PM,2,1,0,36.128810,-86.900550,I 40,,,,0.00,,,,,,,200.90,N,Not at Intersection,N,Non-Junction,None,,,         ,Brandon,Rardin,Rain,"Sideswipe, Same Direction",no,no,no,no,no,False
100751206,METROPOLITAN NASHVILLE POLICE DEPT,20150176923,Davidson,Nashville,2/21/2015 7:02:00 PM,2,3,0,36.156570,-86.787470,US HWY 70,,,,0.00,,,12TH AVE N,,,,0.00,Y,Four-Way,N,Intersection,None,,,         ,Robert,Fondren,Cloudy,Angle,no,no,no,no,no,False
100751208,METROPOLITAN NASHVILLE POLICE DEPT,20150176269,Davidson,Nashville,2/20/2015 12:00:00 AM,2,0,0,36.137110,-86.863270,STONEWAY TRL,,,,115.00,Feet,East,LELAWOOD CIR,,,,0.00,N,Not at Intersection, ,Non-Junction,None,,,         ,John,Thomas,Clear,Angle,no,no,no,no,yes,False
100751211,METROPOLITAN NASHVILLE POLICE DEPT,20150176651,Davidson,Nashville,2/21/2015 6:14:00 PM,2,0,0,36.027510,-86.635310,I 24,,,,0.00,,,,,,,61.25,N,Not at Intersection,N,Non-Junction,None,,,         ,Jason,Door,Rain,"Sideswipe, Same Direction",no,no,no,no,no,False
100751212,METROPOLITAN NASHVILLE POLICE DEPT,20150166944,Davidson,Nashville,2/18/2015 5:00:00 PM,2,0,0,36.147490,-86.693160,-- UNKNOWN RAMP/ROAD --,,,,0.00,Feet,,STATE HWY 155,,,,0.00,Y,Y-Intersection, ,Non-Junction,None,,,         ,Nathan,Dungan,Cloudy,Not Collision with Motor Vehicle in Transport,no,no,no,no,yes,False
100751218,METROPOLITAN NASHVILLE POLICE DEPT,20150176958,Davidson,Nashville,2/21/2015 8:11:00 PM,1,0,0,36.104880,-86.712940,DRUMMOND DR,,,,88.00,Feet,East,CROWDER CT,,,,0.00,N,Not at Intersection,N,Non-Junction,None,,,         ,Paul,Goebel,Clear,Not Collision with Motor Vehicle in Transport,no,no,no,no,no,False
100751224,METROPOLITAN NASHVILLE POLICE DEPT,20150176173,Davidson,Nashville,2/21/2015 2:40:00 PM,1,0,0,36.231110,-86.747390,US HWY 31E,,,,281.00,Feet,North,-- UNKNOWN RAMP/ROAD --,,,,0.00,N,Not at Intersection, ,Non-Junction,None,,,         ,Matthew,Cammarn,Rain,Not Collision with Motor Vehicle in Transport,no,no,no,no,no,False
100751238,METROPOLITAN NASHVILLE POLICE DEPT,20150176876,Davidson,Nashville,2/21/2015 8:00:00 PM,2,0,0,36.152700,-86.828850,US HWY 70,,,,0.00,,,37TH AVE N,,,,0.00,Y,T-Intersection, ,Non-Junction,None,,,         ,Alex,Lampley,Clear,Front to Rear,no,no,no,no,no,False
100751244,METROPOLITAN NASHVILLE POLICE DEPT,2015-0177039,Davidson,Nashville,2/21/2015 8:30:00 PM,1,0,0,36.038210,-86.740080,HIGHLAND WAY,,,,600.00,Feet,South,HIGHLAND VILLA DR,,,,0.00,N,Not at Intersection,N,Non-Junction,None,,,         ,William,King,Rain,Not Collision with Motor Vehicle in Transport,no,no,no,no,no,False
100751252,METROPOLITAN NASHVILLE POLICE DEPT,2015-0176583,Davidson,Nashville,2/21/2015 6:00:00 PM,2,0,0,36.140110,-86.816200,33RD AVE S,,,,78.00,Feet,North,ORLEANS DR,,,,0.00,N,Not at Intersection, ,Non-Junction,None,,,         ,Andrew,Kooshian,Sleet/Hail,"Sideswipe, Opposite Direction",no,no,no,no,no,False
100751257,METROPOLITAN NASHVILLE POLICE DEPT,20150176992,Davidson,Nashville,2/21/2015 8:22:00 PM,1,0,0,36.118660,-86.807040,STOKES LN,,,,0.00,,,BENHAM AVE,,,,0.00,Y,T-Intersection,N,Non-Junction,None,,,         ,Nicholas,Smith,Rain,Not Collision with Motor Vehicle in Transport,no,no,no,no,yes,False
100751268,METROPOLITAN NASHVILLE POLICE DEPT,2015-0176792,Davidson,Nashville,2/21/2015 6:30:00 PM,2,0,0,36.149630,-86.826850,35TH AVE N,,,,0.00,,,NEVADA AVE,,,,0.00,Y,Four-Way, ,Non-Junction,None,,,         ,Alex,Lampley,Clear,Front to Rear,no,no,no,no,no,False
100751294,METROPOLITAN NASHVILLE POLICE DEPT,20150175399,Davidson,Nashville,2/20/2015 5:25:00 PM,2,0,0,36.045800,-86.674650,STATE HWY 254,,,,100.00,Feet,West,BLUE HOLE RD,,,,0.00,N,Not at Intersection,N,Non-Junction,None,,,         ,Wallis,Massey,Snow,Front to Rear,no,no,no,no,yes,False
100751295,METROPOLITAN NASHVILLE POLICE DEPT,2015-0176655,Davidson,Nashville,2/21/2015 6:10:00 PM,2,0,0,36.140160,-86.816240,33RD AVE S,,,,100.00,Feet,North,ORLEANS DR,,,,0.00,N,Not at Intersection, ,Non-Junction,None,,,         ,Andrew,Kooshian,Sleet/Hail,Angle,no,no,no,no,no,False
100751299,METROPOLITAN NASHVILLE POLICE DEPT,20150177403,Davidson,Nashville,2/21/2015 10:22:00 PM,2,0,0,36.110000,-86.721840,I 24,,,,0.00,,,,,,,53.70,N,Not at Intersection,N,Non-Junction,None,,,         ,richard,haley,Sleet/Hail,Angle,no,no,no,no,no,False
100751303,METROPOLITAN NASHVILLE POLICE DEPT,20150177325,Davidson,Nashville,2/21/2015 10:50:00 PM,2,0,0,36.205110,-86.757640,E TRINITY LN,,,,0.00,,,JONES AVE,,,,0.00,Y,Four-Way,Y,Intersection,None,,,         ,William,Dean,Cloudy,Angle,no,no,no,no,no,False
100751307,THP District 3 - Nashville,315009204,Davidson,Not in City Limit,2/16/2015 7:30:00 AM,1,0,0,36.262690,-86.738140,I 65,,,,0.00,,,,,,,92.10,N,Not at Intersection,N,Non-Junction,None,,,         ,Christopher,Burrell,Snow,Not Collision with Motor Vehicle in Transport,no,no,no,no,no,False
100751308,THP District 3 - Nashville,315009467,Davidson,Nashville,2/16/2015 8:40:00 PM,1,0,0,36.151640,-86.860210,EXIT 204,,,,0.00,Feet,East,I 40,,,,0.00,N,Not at Intersection,N,Non-Junction,None,,,         ,Christopher,Burrell,Snow,Not Collision with Motor Vehicle in Transport,no,no,no,no,no,False
100751309,THP District 3 - Nashville,315009497,Davidson,Nashville,2/16/2015 11:03:00 PM,2,0,0,36.151640,-86.860210,EXIT 204,,,,0.00,Feet,East,I 40,,,,0.00,N,Not at Intersection,N,Non-Junction,None,,,         ,Christopher,Burrell,Sleet/Hail,Front to Rear,no,no,no,no,no,False
100751315,METROPOLITAN NASHVILLE POLICE DEPT,20150177540,Davidson,Nashville,2/21/2015 10:06:00 PM,1,0,0,36.079630,-86.740460,BINKLEY DR,,,,394.00,Feet,North,GAYWOOD DR,,,,0.00,N,Not at Intersection,N,Non-Junction,None,,,         ,Alan,Digruttolo,Clear,Not Collision with Motor Vehicle in Transport,no,no,no,no,no,False
100751318,METROPOLITAN NASHVILLE POLICE DEPT,20150177478,Davidson,Nashville,2/21/2015 12:00:00 AM,1,0,0,36.054990,-86.641450,HICKORY CLUB DR,,,,0.00,,,ZELIDA AVE,,,,0.00,Y,Four-Way,N,Non-Junction,None,,,         ,David,Moser,Clear,Not Collision with Motor Vehicle in Transport,no,no,no,no,yes,False
100751321,METROPOLITAN NASHVILLE POLICE DEPT,2015-0175354,Davidson,Nashville,2/21/2015 12:00:00 AM,1,1,0,36.251140,-86.690590,NEELYS BEND RD,,,,0.00,,,KINSEY BLVD,,,,0.00,Y,T-Intersection,N,Non-Junction,None,,,         ,Michael,Johnson,Sleet/Hail,Not Collision with Motor Vehicle in Transport,no,no,no,no,no,False
100751322,METROPOLITAN NASHVILLE POLICE DEPT,20150177471,Davidson,Nashville,2/21/2015 11:50:00 PM,2,0,0,36.151090,-86.768150,2ND AVE S,,,,0.00,,,-- UNKNOWN RAMP/ROAD --,,,,0.00,Y,Four-Way, ,Intersection,None,,,         ,Benjamin,Cole,Clear,"Sideswipe, Same Direction",no,no,no,no,no,False
100751323,METROPOLITAN NASHVILLE POLICE DEPT,20150162449,Davidson,Nashville,2/17/2015 5:30:00 AM,1,0,0,0.000000,0.000000,,,I24 W,,0.40,Miles,West,,,,,39.00,N,Not at Intersection,N,Non-Junction,None,,,         ,Kenneth,Thomas,Sleet/Hail,Not Collision with Motor Vehicle in Transport,no,no,no,no,no,False
100751331,METROPOLITAN NASHVILLE POLICE DEPT,20150177615,Davidson,Nashville,2/21/2015 11:58:00 PM,1,0,0,36.141290,-86.770720,GRAY ST,,,,303.00,Feet,East,HAGAN ST,,,,0.00,N,Not at Intersection,N,Non-Junction,None,,,         ,John,Riddle,Clear,Not Collision with Motor Vehicle in Transport,no,no,no,no,no,False