master_record_number,agency,agency_tracking_number,county,city,collision_date,vehicles_involved,number_injured,number_dead,latitude,longitude,roadway_name,roadway_suffix,roadway_number,roadway_local_id,distance_from_reference,miles-feet_indicator,direction_from_reference,intersection_road_name,intersection_road_name_suffix,intersection_road_number,intersection_local_id,mile_marker,intersection_indicator,intersect_type,interchange_related_indicator,relation_to_junction,work_zone_type,construction_maintenance_zone,construction_maintenance_zone_location,fatal_case_number,officer_first_name,officer_last_name,weather_condition(s),manner_of_crash,pedestrian,bicycle,scooter,parking,hitrun,mou
100751889,VANDERBILT UNIVERSITY POLICE,15-0180643,Davidson,Nashville,2/23/2015 8:40:00 AM,2,0,0,36.144070,-86.799830,EDGEHILL AVE,,,,0.00,,,US HWY 431,,,,0.00,Y,Four-Way, ,,None,,,         ,Brent,Clark,,,no,no,no,no,no,Campus
100751890,GOODLETTSVILLE POLICE DEPT,15-07419,Davidson,Goodlettsville,2/23/2015 9:30:00 AM,2,0,0,36.309440,-86.695590,STATE HWY 386,,,,0.00,,,CONFERENCE DR,,,,0.00,Y,T-Intersection, ,Entrance/Exit Ramp Related,None,,,         ,Benny,Alexander,Clear,Front to Rear,no,no,no,no,no,False
100751900,METROPOLITAN NASHVILLE POLICE DEPT,20150180334,Davidson,Nashville,2/23/2015 6:51:00 AM,2,0,0,36.143380,-86.704400,I 40,,,,0.00,,,,,,,214.50,N,Not at Intersection,N,Non-Junction,None,,,         ,James,Curtis,Clear,Front to Rear,no,no,no,no,no,False
100751902,METROPOLITAN NASHVILLE POLICE DEPT,20150180487,Davidson,Nashville,2/23/2015 7:45:00 AM,2,0,0,36.170780,-86.601660,-- UNKNOWN RAMP/ROAD --,,,,0.00,Feet,East,I 40,,,,0.00,N,Not at Intersection, ,Entrance/Exit Ramp Related,None,,,         ,Landon,Bagwell,Clear,Angle,no,no,no,no,no,False
100751904,METROPOLITAN NASHVILLE POLICE DEPT,20150180610,Davidson,Nashville,2/23/2015 8:34:00 AM,2,0,0,36.142150,-86.677590,I 40,,,,0.00,,,,,,,216.00,N,Not at Intersection, ,Non-Junction,None,,,         ,Justin,Franklin,Clear,"Sideswipe, Same Direction",no,no,no,no,no,False
100751910,GOODLETTSVILLE POLICE DEPT,15-07411,Davidson,Goodlettsville,2/23/2015 9:15:00 AM,2,0,0,36.312270,-86.674250,STATE HWY 386,,,,903.00,Feet,West,EXIT 2,,,,0.00,N,Not at Intersection, ,Non-Junction,None,,,         ,Benny,Alexander,Clear,"Sideswipe, Same Direction",no,no,no,no,no,False
100751915,METROPOLITAN NASHVILLE POLICE DEPT,20150180763,Davidson,Nashville,2/23/2015 9:50:00 AM,3,0,0,36.168400,-86.609180,-- UNKNOWN RAMP/ROAD --,,,,0.00,,,I 40,,,,0.00,Y,Y-Intersection, ,Entrance/Exit Ramp Related,None,,,         ,William,Mckay,Cloudy,Front to Rear,no,no,no,no,no,False
100751918,METROPOLITAN NASHVILLE POLICE DEPT,20150180922,Davidson,Nashville,2/23/2015 10:48:00 AM,1,0,0,36.246290,-86.744960,I 65,,,,0.00,,,,,,,90.90,N,Not at Intersection, ,Non-Junction,None,,,         ,Kevin,Reynolds,Clear,Not Collision with Motor Vehicle in Transport,no,no,no,no,no,False
100751922,METROPOLITAN NASHVILLE POLICE DEPT,20150172187,Davidson,Nashville,2/20/2015 12:45:00 AM,1,0,0,36.143210,-86.875710,WILCLAY DR,,,,346.00,Feet,West,US HWY 70,,,,0.00,N,Not at Intersection, ,,None,,,         ,Joel,Callies,,,no,no,no,no,no,False
100751923,METROPOLITAN NASHVILLE POLICE DEPT,20150180654,Davidson,Nashville,2/23/2015 12:00:00 AM,2,0,0,36.165800,-86.682590,FAIRWAY DR,,,,0.00,Feet,South,INGLESIDE RD,,,,0.00,N,Not at Intersection,N,Non-Junction,None,,,         ,Randy,Kroll,Clear,Unknown,no,no,no,yes,yes,False
100751924,METROPOLITAN NASHVILLE POLICE DEPT,20150239469,Davidson,Nashville,2/23/2015 9:00:00 AM,2,0,0,36.178780,-86.605120,STATE HWY 45,,,,0.00,,,RAMP,,,,0.00,Y,Y-Intersection,Y,Intersection,None,,,         ,Josh,Baney,Clear,Front to Rear,no,no,no,no,no,False
100751926,METROPOLITAN NASHVILLE POLICE DEPT,20150174152,Davidson,Nashville,2/20/2015 6:00:00 PM,2,0,0,36.169240,-86.579800,I 40,,,,0.00,,,,,,,222.00,N,Not at Intersection, ,Non-Junction,None,,,         ,Garrett,Blunier,Snow,Angle,no,no,no,no,no,False
100751931,METROPOLITAN NASHVILLE POLICE DEPT,20150180878,Davidson,Nashville,2/23/2015 10:00:00 AM,2,0,0,36.170090,-86.869550,-- UNKNOWN RAMP/ROAD --,,,,0.00,,,STATE HWY 155,,,,0.00,Y,OTHER,N,Entrance/Exit Ramp Related,None,,,         ,Joshua,Hollins,Clear,"Sideswipe, Same Direction",no,no,no,no,yes,False
100751934,METROPOLITAN NASHVILLE POLICE DEPT,2015-0180955,Davidson,Nashville,2/23/2015 10:45:00 AM,2,0,0,36.155890,-86.789230,I 40,,,,0.00,,,,,,,209.15,N,Not at Intersection, ,Entrance/Exit Ramp Related,None,,,         ,Charles,Coe,Clear,Front to Rear,no,no,no,no,no,False
100751940,METROPOLITAN NASHVILLE POLICE DEPT,20150180881,Davidson,Nashville,2/23/2015 10:40:00 AM,2,0,0,36.123300,-86.751330,US HWY 31 ALT,,,,53.00,Feet,North,-- UNKNOWN RAMP/ROAD --,,,,0.00,N,Not at Intersection, ,AccelDecelLane,None,,,         ,George,Krukowski,Clear,Other,no,no,no,no,no,False
100751941,METROPOLITAN NASHVILLE POLICE DEPT,20150180854,Davidson,Nashville,2/23/2015 10:50:00 AM,2,0,0,36.176220,-86.751590,S 10TH ST,,,,141.00,Feet,North,RUSSELL ST,,,,0.00,N,Not at Intersection, ,,None,,,         ,Ian,Herlein,,,no,no,no,no,no,False
100751946,VANDERBILT UNIVERSITY POLICE,15-0181107,Davidson,Nashville,2/23/2015 11:25:00 AM,2,0,0,36.143920,-86.802910,STEVENSON CENTER LN,,,,0.00,,,STEVENSON CENTER LN,,,,0.00,,OTHER, ,,None,,,         ,Brent,Clark,,,no,no,no,yes,no,Campus
100751952,METROPOLITAN NASHVILLE POLICE DEPT,2015-0180971,Davidson,Nashville,2/23/2015 10:24:00 AM,2,0,0,36.190890,-86.836260,COUNTY HOSPITAL RD,,,,225.00,Feet,South,DOAK AVE,,,,0.00,N,Not at Intersection, ,Non-Junction,None,,,         ,William,Caillouette,Cloudy,"Sideswipe, Same Direction",no,no,no,no,no,False
100751961,METROPOLITAN NASHVILLE POLICE DEPT,2015-0172045,Davidson,Nashville,2/20/2015 2:30:00 AM,2,0,0,36.143210,-86.875710,WILCLAY DR,,,,346.00,Feet,West,US HWY 70,,,,0.00,N,Not at Intersection,N,Non-Junction,None,,,         ,Joel,Callies,,Rear to Side,no,no,no,no,yes,False
100751967,METROPOLITAN NASHVILLE POLICE DEPT,2015-0175546,Davidson,Nashville,2/21/2015 7:15:00 AM,3,0,0,36.154070,-86.784390,11TH AVE S,,,,0.00,,,LAUREL ST,,,,0.00,Y,OTHER, ,Non-Junction,None,,,         ,William,Vincion,Rain,Front to Rear,no,no,no,no,no,False
100751972,METROPOLITAN NASHVILLE POLICE DEPT,20150180800,Davidson,Nashville,2/23/2015 10:00:00 AM,1,0,0,36.192920,-86.724020,MCKENNELL DR,,,,0.00,,,RIVERSIDE DR,,,,0.00,Y,OTHER,N,Non-Junction,None,,,         ,William,Crowe,Clear,Not Collision with Motor Vehicle in Transport,no,no,no,no,no,False
100751986,METROPOLITAN NASHVILLE POLICE DEPT,20150178561,Davidson,Nashville,2/22/2015 1:10:00 PM,3,4,0,36.090790,-86.651020,US HWY 41,,,,68.00,Feet,South,BOROWOOD DR,,,,0.00,N,Not at Intersection,N,Non-Junction,None,,,         ,Gerald,Gomes,Clear,"Sideswipe, Same Direction",no,no,no,no,no,False
100751988,METROPOLITAN NASHVILLE POLICE DEPT,2015-181280,Davidson,Nashville,2/23/2015 12:30:00 PM,2,0,0,36.086790,-86.695330,STATE HWY 255,,,,183.00,Feet,East,S PERIMETER PARK DR,,,,0.00,N,Not at Intersection,N,Non-Junction,None,,,         ,James,Grady,Cloudy,Front to Rear,no,no,no,no,yes,False
100751990,METROPOLITAN NASHVILLE POLICE DEPT,20150181212,Davidson,Nashville,2/23/2015 12:22:00 PM,2,0,0,36.172960,-86.601400,STATE HWY 265,,,,145.00,Feet,West,BURNING TREE DR,,,,0.00,N,Not at Intersection,N,Non-Junction,None,,,         ,James,Curtis,Cloudy,Front to Rear,no,no,no,yes,yes,False
100751992,METROPOLITAN NASHVILLE POLICE DEPT,2015-0181249,Davidson,Nashville,2/23/2015 12:31:00 PM,2,0,0,36.155920,-86.767030,US HWY 70,,,,0.00,,,MIDDLETON ST,,,,0.00,Y,Four-Way, ,Intersection,None,,,         ,Alex,Moore,Cloudy,Angle,no,no,no,no,no,False
100752006,METROPOLITAN NASHVILLE POLICE DEPT,2015-0181585,Davidson,Nashville,2/23/2015 12:00:00 AM,2,0,0,36.153080,-86.844770,48TH AVE N,,,,50.00,Feet,South,ALABAMA AVE,,,,0.00,N,Not at Intersection, ,Non-Junction,None,,,         ,Walter,Gray II,Cloudy,"Sideswipe, Same Direction",no,no,no,no,yes,False
100752023,METROPOLITAN NASHVILLE POLICE DEPT,2015-0181556,Davidson,Nashville,2/23/2015 2:04:00 PM,2,0,0,36.129690,-86.727510,EXIT 53,,,,0.00,Feet,East,I 24,,,,0.00,N,Not at Intersection, ,Entrance/Exit Ramp Related,None,,,         ,William,Whitworth,Cloudy,Front to Rear,no,no,no,no,no,False
100752041,METROPOLITAN NASHVILLE POLICE DEPT,2015-0181654,Davidson,Not in City Limit,2/23/2015 2:36:00 PM,2,0,0,36.081920,-86.954810,I 40,,,,0.00,,,,,,,196.45,N,Not at Intersection,N,Non-Junction,None,,,         ,Walter,Gray II,Cloudy,Front to Rear,no,no,no,no,no,False
100752042,METROPOLITAN NASHVILLE POLICE DEPT,20150181681,Davidson,Nashville,2/23/2015 2:15:00 PM,2,0,0,36.169250,-86.779670,GAY ST,,,,0.00,,,2ND AVE N,,,,0.00,Y,Four-Way, ,Non-Junction,None,,,         ,Seth,Oden,Clear,"Sideswipe, Same Direction",no,no,no,no,no,False
100752050,METROPOLITAN NASHVILLE POLICE DEPT,20150181896,Davidson,Nashville,2/23/2015 3:58:00 PM,2,1,0,36.124510,-86.696390,STATE HWY 155,,,,81.00,Feet,North,VULTEE BLVD,,,,0.00,N,Not at Intersection,N,Non-Junction,None,,,         ,Thomas,Barnes,Clear,Front to Rear,no,no,no,no,no,False
100752051,METROPOLITAN NASHVILLE POLICE DEPT,2015-0181591,Davidson,Nashville,2/23/2015 2:10:00 PM,2,0,0,36.074240,-86.638780,RURAL HILL RD,,,,99.00,Feet,South,US HWY 41,,,,0.00,N,Not at Intersection, ,Non-Junction,None,,,         ,Brandon,O'Guin,Clear,"Sideswipe, Same Direction",no,no,no,no,no,False
100752052,METROPOLITAN NASHVILLE POLICE DEPT,20150181784,Davidson,Nashville,2/23/2015 3:27:00 PM,2,0,0,36.169010,-86.606580,I 40,,,,0.00,,,,,,,220.50,N,Not at Intersection,N,Non-Junction,None,,,         ,David,Stanley,Clear,"Sideswipe, Same Direction",no,no,no,no,yes,False
100752067,METROPOLITAN NASHVILLE POLICE DEPT,2015-0181397,Davidson,Not in City Limit,2/23/2015 1:10:00 PM,2,0,0,36.260990,-86.712640,US HWY 31E,,,,102.00,Feet,South,MAPLE ST,,,,0.00,N,Not at Intersection,N,Non-Junction,None,,,         ,Matthew,Johnson,Cloudy,Angle,no,no,no,yes,no,False
100752068,METROPOLITAN NASHVILLE POLICE DEPT,20150181864,Davidson,Nashville,2/23/2015 3:40:00 PM,2,0,0,36.126670,-86.711180,US HWY 41,,,,0.00,,,THOMPSON LN,,,,0.00,Y,Four-Way, ,Intersection,None,,,         ,David,Abbott,Cloudy,Front to Rear,no,no,no,no,no,False
100752070,METROPOLITAN NASHVILLE POLICE DEPT,20150181773,Davidson,Nashville,2/23/2015 3:20:00 PM,2,0,0,36.140890,-86.794890,17TH AVE S,,,,0.00,,,HORTON AVE,,,,0.00,Y,Four-Way, ,Intersection,None,,,         ,Charles,Griffin,Clear,Angle,no,no,no,no,no,False
100752076,METROPOLITAN NASHVILLE POLICE DEPT,20150182000,Davidson,Nashville,2/23/2015 4:25:00 PM,2,0,0,36.230400,-86.745430,-- UNKNOWN RAMP/ROAD --,,,,0.00,,,BROADMOOR DR,,,,0.00,Y,Four-Way, ,,None,,,         ,Justin,Coyle,,,no,no,no,no,no,False
100752079,METROPOLITAN NASHVILLE POLICE DEPT,20150182057,Davidson,Nashville,2/23/2015 4:49:00 PM,2,3,0,36.156570,-86.787470,12TH AVE S,,,,0.00,,,US HWY 70,,,,0.00,Y,Four-Way,N,Intersection,None,,,         ,Blaze,Williams,Clear,Angle,yes,no,no,no,no,False
100752088,METROPOLITAN NASHVILLE POLICE DEPT,20150182152,Davidson,Nashville,2/23/2015 5:15:00 PM,2,1,0,36.135640,-86.698520,STATE HWY 155,,,,150.00,Feet,South,CORPORATE DR,,,,0.00,N,Not at Intersection,N,Non-Junction,None,,,         ,Thomas,Barnes,Clear,Front to Rear,no,no,no,no,yes,False
100752090,METROPOLITAN NASHVILLE POLICE DEPT,20150181883,Davidson,Antioch,2/23/2015 4:15:00 PM,2,0,0,36.014720,-86.608310,HEIL QUAKER BLVD,,,,1018.00,Feet,East,CORPORATE PL,,,,0.00,N,Not at Intersection, ,Non-Junction,None,,,         ,Jessie,Meadows,Clear,Front to Rear,no,no,no,no,no,False
100752091,METROPOLITAN NASHVILLE POLICE DEPT,20150182020,Davidson,Nashville,2/23/2015 5:15:00 PM,2,0,0,36.045690,-86.713400,US HWY 31 ALT,,,,104.00,Feet,North,STATE HWY 254,,,,0.00,N,Not at Intersection,N,Non-Junction,None,,,         ,Jessie,Meadows,Clear,"Sideswipe, Same Direction",no,no,no,no,yes,False
100752093,BERRY HILL POLICE DEPT,15-0707,Davidson,Nashville,2/23/2015 8:00:00 AM,1,0,0,36.133320,-86.776660,ROYCROFT PL,,,,0.00,,,RIDLEY BLVD,,,,0.00,Y,T-Intersection, ,Intersection,None,,,         ,John,Gleixner,Clear,Not Collision with Motor Vehicle in Transport,no,no,no,no,no,False
100752096,METROPOLITAN NASHVILLE POLICE DEPT,2015-0177215,Davidson,Nashville,2/23/2015 4:15:00 PM,2,0,0,36.152200,-86.785780,PINE ST,,,,303.00,Feet,West,-- UNKNOWN RAMP/ROAD --,,,,0.00,N,Not at Intersection, ,Non-Junction,None,,,         ,Blaze,Williams,Clear,Unknown,no,no,no,yes,yes,False
100752097,METROPOLITAN NASHVILLE POLICE DEPT,2015-0182086,Davidson,Nashville,2/23/2015 4:19:00 PM,2,0,0,36.139830,-86.887800,I 40,,,,0.00,,,,,,,202.00,N,Not at Intersection, ,Non-Junction,None,,,         ,Walter,Gray II,Cloudy,Front to Rear,no,no,no,no,no,False
100752098,METROPOLITAN NASHVILLE POLICE DEPT,20150181972,Davidson,Nashville,2/23/2015 3:57:00 PM,2,0,0,36.104360,-86.808920,RICHARD JONES RD,,,,1.00,Feet,East,HILLMONT DR,,,,0.00,N,Not at Intersection,N,OtherLocation,None,,,         ,Tien,Nguyen,Clear,"Sideswipe, Same Direction",no,no,no,no,yes,False
100752100,METROPOLITAN NASHVILLE POLICE DEPT,20150182118,Davidson,Nashville,2/23/2015 6:19:00 PM,2,0,0,36.124960,-86.696330,STATE HWY 155,,,,247.00,Feet,North,VULTEE BLVD,,,,0.00,N,Not at Intersection, ,,None,,,         ,Thomas,Barnes,,,no,no,no,no,no,False
100752122,METROPOLITAN NASHVILLE POLICE DEPT,20150182283,Davidson,Nashville,2/23/2015 5:12:00 PM,2,0,0,36.083170,-86.761560,SIDCO DR,,,,55.00,Feet,South,CSX DR,,,,0.00,N,Not at Intersection, ,Non-Junction,None,,,         ,Tien,Nguyen,Clear,Angle,no,no,no,no,no,False
100752123,METROPOLITAN NASHVILLE POLICE DEPT,20150182253,Davidson,Nashville,2/23/2015 6:00:00 PM,2,0,0,36.143640,-86.689710,I 40,,,,0.00,,,,,,,215.30,N,Not at Intersection,N,Non-Junction,None,,,         ,Russell,Freeman,Clear,Front to Rear,no,no,no,no,yes,False
100752130,METROPOLITAN NASHVILLE POLICE DEPT,20150182102,Davidson,Not in City Limit,2/23/2015 5:07:00 PM,2,0,0,36.283290,-86.730670,I 65,,,,0.00,,,,,,,93.60,N,Not at Intersection, ,Non-Junction,None,,,         ,Codey,Mullins,Clear,Other,no,no,no,no,yes,False
100752142,METROPOLITAN NASHVILLE POLICE DEPT,20150182466,Davidson,Nashville,2/23/2015 7:09:00 PM,2,0,0,36.150630,-86.758100,CANNON ST,,,,0.00,,,LEWIS ST,,,,0.00,Y,Four-Way, ,Intersection-Related,None,,,         ,Leslie,Hale,Clear,Front to Rear,no,no,no,no,no,False
100752144,METROPOLITAN NASHVILLE POLICE DEPT,20150182520,Davidson,Nashville,2/23/2015 7:27:00 PM,2,0,0,36.153870,-86.801200,20TH AVE N,,,,0.00,,,CHURCH STREET ALY,,,,0.00,Y,Four-Way, ,Non-Junction,None,,,         ,Tien,Nguyen,Clear,Angle,no,no,no,no,no,False
100752149,METROPOLITAN NASHVILLE POLICE DEPT,2015-0181775,Davidson,Nashville,2/23/2015 12:00:00 AM,1,0,0,36.129550,-86.904590,US HWY 70,,,,0.00,,,,,,,0.00,,,N,OtherLocation,None,,,         ,Michael,Rogers,Unknown,Unknown,no,no,no,yes,yes,False
100752151,METROPOLITAN NASHVILLE POLICE DEPT,20150181999,Davidson,Nashville,2/23/2015 4:00:00 PM,2,0,0,36.156150,-86.631720,-- UNKNOWN RAMP/ROAD --,,,,0.00,,,I 40,,,,0.00,Y,Y-Intersection,Y,Entrance/Exit Ramp Related,None,,,         ,John,Kelley,Clear,Front to Rear,no,no,no,no,yes,False
100752169,METROPOLITAN NASHVILLE POLICE DEPT,20150182388,Davidson,Not in City Limit,2/23/2015 4:55:00 PM,1,0,0,36.368310,-86.888580,US HWY 431,,,,0.00,,,,,,,0.00,,,N,Non-Junction,None,,,         ,Brian,Smith,Clear,Not Collision with Motor Vehicle in Transport,no,no,no,no,no,False
100752172,METROPOLITAN NASHVILLE POLICE DEPT,20150182451,Davidson,Nashville,2/23/2015 3:45:00 PM,2,0,0,36.171930,-86.796790,JEFFERSON ST,,,,88.00,Feet,East,11TH AVE N,,,,0.00,N,Not at Intersection,N,Non-Junction,None,,,         ,Ashton,Hill,Clear,"Sideswipe, Opposite Direction",no,no,no,yes,yes,False
100752173,METROPOLITAN NASHVILLE POLICE DEPT,20150182302,Davidson,Nashville,2/23/2015 6:47:00 PM,2,0,0,36.050860,-86.646750,STATE HWY 254,,,,57.00,Feet,East,BELL FORGE LN E,,,,0.00,N,Not at Intersection,N,Non-Junction,None,,,         ,Jessie,Meadows,Clear,Front to Rear,no,no,no,no,no,False
100752174,METROPOLITAN NASHVILLE POLICE DEPT,20150182585,Davidson,Nashville,2/23/2015 8:13:00 PM,2,0,0,36.130400,-86.727640,I 24,,,,0.00,,,,,,,51.15,N,Not at Intersection,N,Non-Junction,None,,,         ,Jessie,Meadows,Clear,Front to Rear,no,no,no,no,no,False
100752179,METROPOLITAN NASHVILLE POLICE DEPT,20150166877,Davidson,Nashville,2/19/2015 3:30:00 PM,1,0,0,36.150560,-86.828940,ELKINS AVE,,,,145.00,Feet,East,CHAMBERLIN ST,,,,0.00,N,Not at Intersection, ,"Driveway, Alley Access, etc",None,,,         ,Torian,Cox,Sleet/Hail,Not Collision with Motor Vehicle in Transport,no,no,no,no,yes,False
100752181,METROPOLITAN NASHVILLE POLICE DEPT,20150182483,Davidson,Nashville,2/23/2015 8:15:00 PM,1,1,0,36.129510,-86.714810,US HWY 41,,,,30.00,Feet,West,MILLWOOD DR,,,,0.00,N,Not at Intersection,N,Non-Junction,None,,,         ,Jessie,Meadows,Clear,Not Collision with Motor Vehicle in Transport,yes,no,no,yes,yes,False
100752185,METROPOLITAN NASHVILLE POLICE DEPT,20150182435,Davidson,Nashville,2/23/2015 6:54:00 PM,3,2,0,36.056020,-86.675740,I 24,,,,0.00,,,,,,,58.20,N,Not at Intersection,N,Non-Junction,None,,,         ,Oscar,Gomez,Clear,Front to Rear,no,no,no,no,no,False
100752200,METROPOLITAN NASHVILLE POLICE DEPT,20150182281,Davidson,Nashville,2/23/2015 6:00:00 PM,2,0,0,36.180390,-86.749770,GALLATIN AVE,,,,106.00,Feet,South,ORDWAY PL,,,,0.00,N,Not at Intersection, ,Non-Junction,None,,,         ,Clinton,Schroeder,Clear,"Sideswipe, Same Direction",no,no,no,no,no,False
100752202,METROPOLITAN NASHVILLE POLICE DEPT,20150182740,Davidson,Antioch,2/23/2015 8:00:00 PM,2,0,0,36.048780,-86.613020,MURFREESBORO,PIKE,US41,,0.00,,,PIN HOOK,RD,,,0.00,Y,T-Intersection, ,Intersection-Related,None,,,         ,Ryan,Hampton,Clear,"Sideswipe, Same Direction",no,no,no,no,no,False
100752206,METROPOLITAN NASHVILLE POLICE DEPT,20150182831,Davidson,Not in City Limit,2/23/2015 9:06:00 PM,1,0,0,36.383710,-86.782480,GREER RD,,,,0.67,Miles,East,TIMBER TRAIL RD,,,,0.00,N,Not at Intersection, ,Non-Junction,None,,,         ,Luis,Lopez,Snow,Not Collision with Motor Vehicle in Transport,no,no,no,no,no,False
100752217,METROPOLITAN NASHVILLE POLICE DEPT,20150182912,Davidson,Not in City Limit,2/23/2015 9:37:00 PM,2,0,0,36.337280,-86.912580,I 24,,,,0.00,,,,,,,32.20,N,Not at Intersection,N,Non-Junction,None,,,         ,Timothy,Morgan,Clear,Front to Rear,no,no,no,no,no,False
100752221,METROPOLITAN NASHVILLE POLICE DEPT,20150182986,Davidson,Nashville,2/23/2015 9:43:00 PM,3,0,0,36.100270,-86.816790,GALBRAITH DR,,,,247.00,Feet,East,OVERHILL DR,,,,0.00,N,Not at Intersection,N,Non-Junction,None,,,         ,Nicholas,Smith,Clear,HeadOn,no,no,no,no,no,False
100752229,METROPOLITAN NASHVILLE POLICE DEPT,20150183150,Davidson,Nashville,2/23/2015 10:20:00 PM,2,0,0,36.072530,-86.724150,US HWY 31 ALT,,,,36.00,Feet,South,ALICE AVE,,,,0.00,N,Not at Intersection,N,Non-Junction,None,,,         ,Jarred,Frazier,Clear,Angle,no,no,no,no,no,False
100752232,METROPOLITAN NASHVILLE POLICE DEPT,2015-0177777,Davidson,Nashville,2/22/2015 2:10:00 AM,1,0,0,36.031440,-86.677880,STREAMDALE PT E,,,,142.00,Feet,East,CREEKEDGE CT,,,,0.00,N,Not at Intersection, ,Non-Junction,None,,,         ,Jarred,Frazier,Snow,Not Collision with Motor Vehicle in Transport,no,no,no,no,yes,False
100752234,METROPOLITAN NASHVILLE POLICE DEPT,2015-0182768,Davidson,Nashville,2/23/2015 6:40:00 PM,2,0,0,36.094380,-86.653330,FRANKLIN LIMESTONE RD,,,,0.00,,,US HWY 41,,,,0.00,Y,Four-Way, ,Intersection-Related,None,,,         ,Douglas,Atwood,Clear,Front to Rear,no,no,no,no,no,False
100752241,METROPOLITAN NASHVILLE POLICE DEPT,20150183355,Davidson,Antioch,2/23/2015 11:53:00 PM,1,1,0,36.049560,-86.602240,PIN HOOK RD,,,,671.00,Feet,West,STATE HWY 171,,,,0.00,N,Not at Intersection,N,Non-Junction,None,,,         ,Elizabeth,Berry-Loucks,Clear,Not Collision with Motor Vehicle in Transport,no,no,no,no,no,False
100752254,GOODLETTSVILLE POLICE DEPT,15-07539,Davidson,Goodlettsville,2/24/2015 2:15:00 AM,2,0,0,36.310040,-86.702960,I 65,,,,0.00,,,,,,,96.00,N,Not at Intersection,N,Non-Junction,None,,,         ,Charles,Hauskin,Clear,"Sideswipe, Same Direction",no,no,no,no,no,False
100752256,METROPOLITAN NASHVILLE POLICE DEPT,2015-0157412,Davidson,Nashville,2/14/2015 11:50:00 PM,2,0,0,36.030440,-86.743920,EDMONDSON PIKE,,,,0.00,,,CLOVERLAND DR,,,,0.00,Y,T-Intersection, ,Intersection,None,,,         ,David,Barras,Clear,Front to Rear,no,no,no,no,no,False
100752273,METROPOLITAN NASHVILLE POLICE DEPT,20150181651,Davidson,Nashville,2/24/2015 2:45:00 PM,2,0,0,36.177950,-86.773340,I 24,,,,0.00,,,,,,,47.85,N,Not at Intersection, ,,None,,,         ,Bryan,Birdwell,,,no,no,no,no,no,False
100752283,METROPOLITAN NASHVILLE POLICE DEPT,20150173943,Davidson,Nashville,2/20/2015 5:00:00 PM,1,0,0,36.275290,-86.721200,GRAYLAND DR,,,,0.00,,,HIGHLAND CIR,,,,0.00,Y,Four-Way, ,Non-Junction,None,,,         ,William,Cleek,Snow,Not Collision with Motor Vehicle in Transport,no,no,no,no,no,False
100752292,METROPOLITAN NASHVILLE POLICE DEPT,20150184100,Davidson,Nashville,2/24/2015 6:45:00 AM,1,0,0,36.231960,-86.788280,EWING DR,,,,560.00,Feet,East,EWING LN,,,,0.00,N,Not at Intersection, ,Non-Junction,None,,,         ,Michael,Parman,Cloudy,Not Collision with Motor Vehicle in Transport,no,no,no,yes,no,False
100752314,METROPOLITAN NASHVILLE POLICE DEPT,2015-0184285,Davidson,Nashville,2/24/2015 12:00:00 AM,2,0,0,36.145610,-86.838390,WYOMING AVE,,,,115.00,Feet,West,43RD AVE N,,,,0.00,N,Not at Intersection, ,Non-Junction,None,,,         ,Curtis,Rich,Unknown,"Sideswipe, Same Direction",no,no,no,no,yes,False
100752326,METROPOLITAN NASHVILLE POLICE DEPT,20150184368,Davidson,Nashville,2/24/2015 8:34:00 AM,2,0,0,36.138020,-86.809830,BLAKEMORE AVE,,,,325.00,Feet,East,NATCHEZ TRC,,,,0.00,N,Not at Intersection, ,,None,,,         ,Nathan,Kemp,,,no,no,no,yes,no,Campus
100752330,METROPOLITAN NASHVILLE POLICE DEPT,20150184312,Davidson,Nashville,2/24/2015 12:00:00 AM,2,0,0,0.000000,0.000000,601 KOREAN VETERANS BLVD,,,,100.00,Feet,East,7TH AVE SO,,,,0.00,N,Not at Intersection, ,Non-Junction,None,,,         ,Wesley,Henderson,Snow,Unknown,no,no,no,yes,yes,False
100752335,METROPOLITAN NASHVILLE POLICE DEPT,2015-0181512,Davidson,Nashville,2/23/2015 1:48:00 PM,2,0,0,36.153670,-86.808190,23RD AVE N,,,,0.00,,,MURPHY AVE,,,,0.00,Y,T-Intersection,N,Intersection,None,,,         ,Marc,Lemcke,Cloudy,"Sideswipe, Same Direction",no,no,no,no,yes,False
100752348,METROPOLITAN NASHVILLE POLICE DEPT,20150184195,Davidson,Nashville,2/24/2015 7:22:00 AM,2,0,0,36.242630,-86.757020,US HWY 31W,,,,0.00,,,DOVERSIDE DR,,,,0.00,Y,Four-Way,N,Intersection,None,,,         ,James,Smith,Cloudy,Front to Rear,no,no,no,no,no,False
100752349,METROPOLITAN NASHVILLE POLICE DEPT,20150184328,Davidson,Nashville,2/24/2015 8:22:00 AM,2,0,0,36.239710,-86.753340,I 65,,,,0.00,,,,,,,90.25,N,Not at Intersection, ,Non-Junction,Construction Zone,,,         ,Kevin,Reynolds,Clear,"Sideswipe, Same Direction",no,no,no,no,no,False
100752352,METROPOLITAN NASHVILLE POLICE DEPT,2015-0184272,Davidson,Not in City Limit,2/24/2015 8:08:00 AM,2,3,0,36.012380,-86.688110,CULBERTSON RD,,,,772.00,Feet,North,STECOAH ST,,,,0.00,N,Not at Intersection,N,Non-Junction,None,,,         ,William,Whitworth,Cloudy,HeadOn,no,no,no,no,no,False