master_record_number,agency,agency_tracking_number,county,city,collision_date,vehicles_involved,number_injured,number_dead,latitude,longitude,roadway_name,roadway_suffix,roadway_number,roadway_local_id,distance_from_reference,miles-feet_indicator,direction_from_reference,intersection_road_name,intersection_road_name_suffix,intersection_road_number,intersection_local_id,mile_marker,intersection_indicator,intersect_type,interchange_related_indicator,relation_to_junction,work_zone_type,construction_maintenance_zone,construction_maintenance_zone_location,fatal_case_number,officer_first_name,officer_last_name,weather_condition(s),manner_of_crash,pedestrian,bicycle,scooter,parking,hitrun,mou
100752354,METROPOLITAN NASHVILLE POLICE DEPT,2015-0184426,Davidson,Nashville,2/24/2015 8:45:00 AM,1,0,0,36.157860,-86.788560,GRUNDY ST,,,,0.00,,,12TH AVE N,,,,0.00,Y,T-Intersection, ,Intersection-Related,None,,,         ,Charles,Coe,Cloudy,Not Collision with Motor Vehicle in Transport,no,no,no,no,no,False
100752356,METROPOLITAN NASHVILLE POLICE DEPT,2015-0184553,Davidson,Not in City Limit,2/24/2015 9:22:00 AM,2,0,0,36.044930,-86.956320,OLD HARDING PIKE,,,,175.00,Feet,North,STATE HWY 100,,,,0.00,N,Not at Intersection, ,Non-Junction,None,,,         ,Curtis,Rich,Cloudy,Front to Rear,no,no,no,no,no,False
100752365,METROPOLITAN NASHVILLE POLICE DEPT,20150184578,Davidson,Nashville,2/24/2015 9:40:00 AM,2,0,0,36.151540,-86.795890,US HWY 431,,,,255.00,Feet,South,18TH AVE S,,,,0.00,N,Not at Intersection, ,Non-Junction,None,,,         ,Nathan,Kemp,Clear,Front to Rear,no,no,no,no,no,False
100752366,METROPOLITAN NASHVILLE POLICE DEPT,20150184512,Davidson,Nashville,2/24/2015 9:10:00 AM,2,0,0,36.150920,-86.782820,DIVISION ST,,,,92.00,Feet,East,MAGAZINE ST,,,,0.00,N,Not at Intersection, ,,None,,,         ,Catherine,Poole,,,no,no,no,no,no,False
100752372,METROPOLITAN NASHVILLE POLICE DEPT,20150184573,Davidson,Nashville,2/24/2015 9:39:00 AM,2,0,0,36.040440,-86.780400,STATE HWY 254,,,,18.00,Feet,West,-- UNKNOWN RAMP/ROAD --,,,,0.00,N,Not at Intersection, ,Non-Junction,None,,,         ,Tony,Folad,Cloudy,Front to Rear,no,no,no,no,no,False
100752374,METROPOLITAN NASHVILLE POLICE DEPT,20150184612,Davidson,Nashville,2/24/2015 9:55:00 AM,2,0,0,36.167150,-86.791260,10TH AVE N,,,,42.00,Feet,South,HARRISON ST,,,,0.00,N,Not at Intersection, ,Non-Junction,None,,,         ,Michael,Johnson,Cloudy,Front to Rear,no,no,no,no,no,False
100752395,METROPOLITAN NASHVILLE POLICE DEPT,2015-0184608,Davidson,Nashville,2/24/2015 9:51:00 AM,2,0,0,36.148490,-86.766490,US HWY 31 ALT,,,,0.00,,,CAMERON ST,,,,0.00,Y,T-Intersection, ,Intersection,None,,,         ,William,Whitworth,Cloudy,Angle,no,no,no,no,no,False
100752407,BRENTWOOD POLICE DEPT,201500005135,Davidson,Nashville,2/24/2015 8:00:00 AM,2,0,0,36.027030,-86.784350,I 65,,,,0.00,,,,,,,73.75,N,Not at Intersection, ,Non-Junction,None,,,         ,Matt,Matheney,Cloudy,Front to Rear,no,no,no,no,no,False
100752411,METROPOLITAN NASHVILLE POLICE DEPT,2015-0184756,Davidson,Not in City Limit,2/24/2015 10:45:00 AM,2,0,0,36.074750,-86.937920,US HWY 70S,,,,778.00,Feet,East,BELLEVUE RD,,,,0.00,N,Not at Intersection,N,Non-Junction,None,,,         ,Walter,Gray II,Cloudy,Angle,no,no,no,no,no,False
100752413,METROPOLITAN NASHVILLE POLICE DEPT,2015-0184848,Davidson,Nashville,2/24/2015 11:00:00 AM,2,0,0,36.162920,-86.776870,3RD AVE N,,,,0.00,,,COMMERCE ST,,,,0.00,Y,Four-Way, ,,None,,,         ,Charles,Coe,,,no,no,no,no,no,False
100752415,METROPOLITAN NASHVILLE POLICE DEPT,20150184509,Davidson,Nashville,2/24/2015 9:15:00 AM,2,0,0,36.102500,-86.760430,ARMORY DR,,,,65.00,Feet,West,RAMP,,,,0.00,N,Not at Intersection, ,Non-Junction,None,,,         ,Joshua,Dickall,Cloudy,Angle,no,no,no,no,no,False
100752428,METROPOLITAN NASHVILLE POLICE DEPT,20150184225,Davidson,Nashville,2/24/2015 7:51:00 AM,4,0,0,36.201500,-86.751190,US HWY 31E,,,,0.00,,,-- UNKNOWN RAMP/ROAD --,,,,0.00,Y,OTHER,N,Non-Junction,None,,,         ,Martin,Gonzalez,Cloudy,Front to Rear,no,no,no,no,yes,False
100752432,METROPOLITAN NASHVILLE POLICE DEPT,2015-0184981,Davidson,Nashville,2/24/2015 12:22:00 PM,2,0,0,36.101530,-86.818100,US HWY 431,,,,156.00,Feet,South,HILLSBORO DR,,,,0.00,N,Not at Intersection, ,Non-Junction,None,,,         ,Curtis,Rich,Cloudy,Front to Rear,no,no,no,no,no,False
100752445,METROPOLITAN NASHVILLE POLICE DEPT,20150185017,Davidson,Nashville,2/24/2015 12:05:00 PM,2,0,0,36.168250,-86.765780,I 24,,,,0.00,,,,,,,48.80,N,Not at Intersection, ,Entrance/Exit Ramp Related,None,,,         ,John,Joyce,Cloudy,"Sideswipe, Same Direction",no,no,no,no,no,False
100752446,METROPOLITAN NASHVILLE POLICE DEPT,20150176035,Davidson,Nashville,2/24/2015 1:00:00 PM,1,0,0,36.156220,-86.768970,LEA AVE,,,,70.00,Feet,South,US HWY 70,,,,0.00,N,Not at Intersection, ,Non-Junction,None,,,         ,William,Vincion,Rain,Not Collision with Motor Vehicle in Transport,no,no,no,no,no,False
100752447,METROPOLITAN NASHVILLE POLICE DEPT,20150185064,Davidson,Nashville,2/24/2015 12:08:00 PM,2,0,0,36.133530,-86.758590,RAMP,,,,0.00,,,US HWY 31 ALT,,,,0.00,Y,Four-Way, ,Intersection-Related,None,,,         ,Joshua,Dickall,Cloudy,Front to Rear,no,no,no,no,no,False
100752456,METROPOLITAN NASHVILLE POLICE DEPT,2015-0184876,Davidson,Nashville,2/24/2015 11:10:00 AM,3,0,0,36.134380,-86.781180,WEDGEWOOD AVE,,,,0.00,,,ACKLEN AVE,,,,0.00,Y,Y-Intersection,N,Intersection-Related,None,,,         ,Marc,Lemcke,Cloudy,Front to Rear,no,no,no,no,no,False
100752460,METROPOLITAN NASHVILLE POLICE DEPT,2015-0185086,Davidson,Nashville,2/24/2015 12:24:00 PM,2,0,0,36.116790,-86.839490,STATE HWY 155,,,,35.00,Feet,East,WOODMONT LN,,,,0.00,N,Not at Intersection, ,Non-Junction,None,,,         ,Walter,Gray II,Cloudy,Front to Rear,no,no,no,no,no,False
100752461,GOODLETTSVILLE POLICE DEPT,15-07590,Davidson,Goodlettsville,2/24/2015 1:02:00 PM,2,1,0,36.306840,-86.694510,CONFERENCE DR,,,,0.00,,,STATE HWY 386,,,,0.00,Y,Four-Way,N,Intersection-Related,None,,,         ,John,Doble,Cloudy,Front to Rear,no,no,no,no,no,False
100752467,METROPOLITAN NASHVILLE POLICE DEPT,20150185346,Davidson,Nashville,2/24/2015 1:51:00 PM,2,0,0,36.142590,-86.812430,29TH AVE S,,,,113.00,Feet,North,VANDERBILT PL,,,,0.00,N,Not at Intersection, ,,None,,,         ,Nathan,Kemp,,,no,no,no,no,no,Campus
100752472,VANDERBILT UNIVERSITY POLICE,15-0185190,Davidson,Nashville,2/24/2015 12:18:00 PM,2,0,0,36.107600,-86.763180,POWELL AVE,,,,0.00,,,,,,,0.00,,, ,,,,,         ,Fred,Oakley,,,no,no,no,yes,no,OHO
100752479,METROPOLITAN NASHVILLE POLICE DEPT,20150185296,Davidson,Nashville,2/24/2015 1:10:00 PM,2,0,0,36.195410,-86.775560,I 65,,,,0.00,,,,,,,86.55,N,Not at Intersection, ,Non-Junction,Construction Zone,,,         ,Michael,Watkins,Cloudy,"Sideswipe, Same Direction",no,no,no,no,no,False
100752482,METROPOLITAN NASHVILLE POLICE DEPT,20150185219,Davidson,Nashville,2/24/2015 1:10:00 PM,2,0,0,36.110920,-86.745200,STATE HWY 155,,,,0.00,,,US HWY 31 ALT,,,,0.00,Y,Four-Way, ,Intersection-Related,None,,,         ,Michael,Dye,Cloudy,Front to Rear,no,no,no,no,no,False
100752487,METROPOLITAN NASHVILLE POLICE DEPT,20150185161,Davidson,Nashville,2/24/2015 12:42:00 PM,2,0,0,36.199890,-86.776310,I 65,,,,0.00,,,,,,,86.85,N,Not at Intersection, ,Non-Junction,Construction Zone,,,         ,Martin,Gonzalez,Cloudy,Front to Rear,no,no,no,no,no,False
100752489,METROPOLITAN NASHVILLE POLICE DEPT,20150171094,Davidson,Nashville,2/19/2015 9:04:00 PM,2,0,0,36.154320,-86.778360,RAMP,,,,0.00,,,US HWY 41,,,,0.00,Y,Roundabout, ,,None,,,         ,Caleb,Rogan,,,no,no,no,no,no,False
100752490,METROPOLITAN NASHVILLE POLICE DEPT,20150176893,Davidson,Nashville,2/21/2015 7:54:00 PM,2,0,0,36.154770,-86.779420,US HWY 41,,,,0.00,,,US HWY 31,,,,0.00,Y,Roundabout,N,Intersection-Related,None,,,         ,Caleb,Rogan,Cloudy,Angle,no,no,no,no,no,False
100752491,METROPOLITAN NASHVILLE POLICE DEPT,20150185214,Davidson,Nashville,2/24/2015 1:08:00 PM,2,0,0,36.165060,-86.820080,-- UNKNOWN RAMP/ROAD --,,,,0.00,,,I 40,,,,0.00,Y,Y-Intersection, ,Entrance/Exit Ramp Related,None,,,         ,Charles,Ward,Clear,Front to Rear,no,no,no,no,no,False
100752493,GOODLETTSVILLE POLICE DEPT,15-07595,Davidson,Goodlettsville,2/24/2015 2:20:00 PM,2,1,0,36.306640,-86.694390,CONFERENCE DR,,,,81.00,Feet,South,EXIT 1,,,,0.00,N,Not at Intersection,N,Non-Junction,None,,,         ,Benny,Alexander,Clear,Front to Rear,no,no,no,no,no,False
100752495,METROPOLITAN NASHVILLE POLICE DEPT,20150185352,Davidson,Nashville,2/24/2015 1:57:00 PM,2,0,0,36.150620,-86.765370,UNIVERSITY CT,,,,242.00,Feet,West,UNIVERSITY ST,,,,0.00,N,Not at Intersection, ,Non-Junction,None,,,         ,Wesley,Young,Cloudy,"Sideswipe, Same Direction",no,no,no,no,no,False
100752503,METROPOLITAN NASHVILLE POLICE DEPT,20150185480,Davidson,Nashville,2/24/2015 1:49:00 PM,2,0,0,36.174140,-86.770550,I 24,,,,0.00,,,,,,,48.15,N,Not at Intersection, ,Non-Junction,None,,,         ,Cressie,Prill,Clear,Front to Rear,no,no,no,no,yes,False
100752526,METROPOLITAN NASHVILLE POLICE DEPT,20150185466,Davidson,Nashville,2/24/2015 2:35:00 PM,2,0,0,0.000000,0.000000,20TH,AVE,,,0.00,,,MURHPY,AVE,,,0.00,Y,T-Intersection,N,Intersection,None,,,         ,Mekisha,Page,Clear,Angle,no,no,no,no,no,False
100752527,METROPOLITAN NASHVILLE POLICE DEPT,20150166062,Davidson,Not in City Limit,2/18/2015 12:15:00 PM,2,0,0,36.042710,-86.997870,GRIFFITH RD,,,,0.00,,,,,,,0.00,,,N,Non-Junction,None,,,         ,Daniel,Kordie,Clear,Front to Rear,no,no,no,no,no,False
100752528,METROPOLITAN NASHVILLE POLICE DEPT,20150185615,Davidson,Nashville,2/24/2015 4:04:00 PM,2,0,0,36.078660,-86.645420,EDGE O LAKE DR,,,,93.00,Feet,South,MARTWAY DR,,,,0.00,N,Not at Intersection, ,Non-Junction,None,,,         ,Jessie,Meadows,Clear,Rear to Rear,no,no,no,yes,yes,False
100752533,METROPOLITAN NASHVILLE POLICE DEPT,20150185477,Davidson,Nashville,2/24/2015 2:27:00 PM,2,0,0,36.153900,-86.757190,I 40,,,,0.00,,,,,,,211.15,N,Not at Intersection, ,Non-Junction,None,,,         ,Leslie,Hale,Clear,"Sideswipe, Same Direction",no,no,no,no,no,False
100752534,METROPOLITAN NASHVILLE POLICE DEPT,20150185719,Davidson,Nashville,2/24/2015 4:04:00 PM,2,0,0,36.159660,-86.774380,DEMONBREUN ST,,,,91.00,Feet,East,3RD AVE S,,,,0.00,N,Not at Intersection, ,Non-Junction,Construction Zone,,,         ,Blaze,Williams,Clear,"Sideswipe, Opposite Direction",no,no,no,no,no,False
100752538,METROPOLITAN NASHVILLE POLICE DEPT,20150185465,Davidson,Nashville,2/24/2015 2:45:00 PM,2,1,0,36.170860,-86.798160,I 40,,,,0.00,,,,,,,208.00,N,Not at Intersection,N,Entrance/Exit Ramp Related,None,,,         ,Isaac,Wood,Clear,Front to Rear,no,no,no,no,no,False
100752539,METROPOLITAN NASHVILLE POLICE DEPT,20150163406,Davidson,Nashville,2/17/2015 3:15:00 PM,1,0,0,36.162480,-86.827100,34TH AVE N,,,,228.00,Feet,South,ALBION ST,,,,0.00,N,Not at Intersection,N,Non-Junction,None,,,         ,Isaac,Wood,Snow,Not Collision with Motor Vehicle in Transport,no,no,no,no,yes,False
100752548,METROPOLITAN NASHVILLE POLICE DEPT,20150185844,Davidson,Nashville,2/24/2015 4:30:00 PM,2,0,0,36.140890,-86.794890,17TH AVE S,,,,0.00,,,HORTON AVE,,,,0.00,Y,Four-Way, ,,None,,,         ,Charles,Griffin,,,no,no,no,yes,no,False
100752551,METROPOLITAN NASHVILLE POLICE DEPT,20150185637,Davidson,Nashville,2/24/2015 3:53:00 PM,2,0,0,36.154460,-86.770370,2ND AVE S,,,,0.00,,,MIDDLETON ST,,,,0.00,Y,OTHER, ,Non-Junction,None,,,         ,Aaron,Thomas,Clear,"Sideswipe, Same Direction",no,no,no,no,no,False
100752552,METROPOLITAN NASHVILLE POLICE DEPT,20150185874,Davidson,Nashville,2/24/2015 5:06:00 PM,1,1,0,36.050290,-86.704390,COUNTRY DR,,,,276.00,Feet,East,ASH GROVE DR,,,,0.00,N,Not at Intersection,N,Non-Junction,None,,,         ,Jessie,Meadows,Clear,Not Collision with Motor Vehicle in Transport,yes,no,no,no,no,False
100752553,METROPOLITAN NASHVILLE POLICE DEPT,20150185593,Davidson,Madison,2/24/2015 3:35:00 PM,2,0,0,36.264240,-86.735590,-- UNKNOWN RAMP/ROAD --,,,,0.00,,,STATE HWY 45,,,,0.00,Y,OTHER, ,Intersection-Related,None,,,         ,Codey,Mullins,Clear,Front to Rear,no,no,no,no,no,False
100752555,METROPOLITAN NASHVILLE POLICE DEPT,20150185782,Davidson,Nashville,2/24/2015 3:30:00 PM,2,0,0,36.191750,-86.828080,US HWY 41 ALT,,,,365.00,Feet,East,CLIFF DR,,,,0.00,N,Not at Intersection, ,Non-Junction,None,,,         ,Brian,Smith,Clear,Front to Rear,no,no,no,no,no,False
100752570,METROPOLITAN NASHVILLE POLICE DEPT,20150185586,Davidson,Nashville,2/24/2015 3:20:00 PM,3,0,0,36.120690,-86.807970,LOMBARDY AVE,,,,0.00,Feet,,US HWY 431,,,,0.00,Y,Four-Way,N,Intersection-Related,None,,,         ,William,Taylor,Clear,Front to Rear,no,no,no,no,yes,False
100752571,METROPOLITAN NASHVILLE POLICE DEPT,20150174444,Davidson,Nashville,2/20/2015 8:09:00 PM,2,0,0,36.154770,-86.779420,US HWY 41,,,,0.00,,,US HWY 31,,,,0.00,Y,Roundabout,N,Intersection,None,,,         ,MIchael,Mihajlov,Sleet/Hail,Angle,no,no,no,no,no,False
100752573,METROPOLITAN NASHVILLE POLICE DEPT,2015-0185902,Davidson,Nashville,2/24/2015 5:04:00 PM,2,0,0,36.154200,-86.834780,I 40,,,,0.00,,,,,,,205.25,N,Not at Intersection,N,Non-Junction,None,,,         ,Walter,Gray II,Clear,"Sideswipe, Same Direction",no,no,no,no,no,False
100752574,METROPOLITAN NASHVILLE POLICE DEPT,20150185731,Davidson,Old Hickory,2/24/2015 4:15:00 PM,2,0,0,36.265690,-86.664260,STATE HWY 45,,,,98.00,Feet,North,HICKORY INDUSTRIAL DR,,,,0.00,N,Not at Intersection, ,Non-Junction,Maintenance Zone,,,         ,David,Stanley,Clear,Front to Rear,no,no,no,no,no,False
100752581,METROPOLITAN NASHVILLE POLICE DEPT,20150185708,Davidson,Nashville,2/24/2015 4:10:00 PM,2,0,0,36.164380,-86.763010,I 24,,,,0.00,,,,,,,49.15,N,Not at Intersection, ,Non-Junction,None,,,         ,Michael,Douglas,Clear,Front to Rear,no,no,no,no,no,False
100752584,METROPOLITAN NASHVILLE POLICE DEPT,20150186101,Davidson,Nashville,2/24/2015 6:00:00 PM,2,0,0,36.152390,-86.797220,US HWY 70S,,,,75.00,Feet,East,19TH AVE N,,,,0.00,N,Not at Intersection, ,,None,,,         ,Charles,Griffin,,,no,no,no,no,no,False
100752587,METROPOLITAN NASHVILLE POLICE DEPT,20150185513,Davidson,Nashville,2/24/2015 3:12:00 PM,2,1,0,36.159450,-86.796590,US HWY 70,,,,0.00,,,16TH AVE N,,,,0.00,Y,T-Intersection,N,Non-Junction,None,,,         ,Eric,Harvey,Clear,Front to Rear,no,no,no,no,no,False
100752588,METROPOLITAN NASHVILLE POLICE DEPT,20150186121,Davidson,Nashville,2/24/2015 6:00:00 PM,2,0,0,36.169340,-86.812000,I 40,,,,0.00,,,,,,,207.00,N,Not at Intersection,N,Non-Junction,None,,,         ,Eric,Harvey,Clear,"Sideswipe, Same Direction",no,no,no,no,yes,False
100752589,METROPOLITAN NASHVILLE POLICE DEPT,15-0185978,Davidson,Nashville,2/24/2015 12:00:00 AM,2,0,0,0.000000,0.000000,JACKSON ST,,,,100.00,Feet,West,,,,,10.00,N,Not at Intersection,N,Non-Junction,None,,,         ,Dejuan,Daniels,Clear,Unknown,no,no,no,yes,yes,False
100752590,METROPOLITAN NASHVILLE POLICE DEPT,20150185996,Davidson,Nashville,2/24/2015 5:20:00 PM,2,0,0,36.083670,-86.647200,US HWY 41,,,,0.00,,,BROOKSBORO TER,,,,0.00,Y,T-Intersection, ,,None,,,         ,Timothy,Mead,,,no,no,no,no,no,False
100752595,METROPOLITAN NASHVILLE POLICE DEPT,20150186011,Davidson,Nashville,2/24/2015 5:29:00 PM,2,0,0,36.110440,-86.719360,RAMP,,,,0.00,Feet,East,STATE HWY 155,,,,0.00,N,Not at Intersection, ,Entrance/Exit Ramp Related,None,,,         ,Paul,Goebel,Clear,"Sideswipe, Same Direction",no,no,no,no,no,False
100752597,METROPOLITAN NASHVILLE POLICE DEPT,20150185802,Davidson,Nashville,2/24/2015 3:58:00 PM,1,0,0,36.100970,-86.717930,BRIDGEWAY DR,,,,49.00,Feet,South,BRIDGEWAY CIR,,,,0.00,N,Not at Intersection,N,Non-Junction,None,,,         ,Daniel,Cayton,Clear,Not Collision with Motor Vehicle in Transport,no,no,no,yes,yes,False
100752598,METROPOLITAN NASHVILLE POLICE DEPT,20150186163,Davidson,Nashville,2/24/2015 6:26:00 PM,2,0,0,36.160400,-86.786530,CHURCH ST,,,,177.00,Feet,West,10TH AVE N,,,,0.00,N,Not at Intersection, ,,None,,,         ,Pedro,Rivera Chaparro,,,no,no,no,no,no,False
100752601,GOODLETTSVILLE POLICE DEPT,15-07620,Davidson,Goodlettsville,2/24/2015 5:30:00 PM,2,0,0,36.334180,-86.717170,US HWY 31W,,,,0.00,Feet,,FANNIN DR,,,,0.00,Y,T-Intersection,N,Non-Junction,None,,,         ,David,Read,Clear,"Sideswipe, Same Direction",no,no,no,no,yes,False
100752602,METROPOLITAN NASHVILLE POLICE DEPT,20150185931,Davidson,Nashville,2/24/2015 5:08:00 PM,2,0,0,36.074870,-86.919630,US HWY 70S,,,,406.00,Feet,East,STATE HWY 251,,,,0.00,N,Not at Intersection, ,"Driveway, Alley Access, etc",None,,,         ,John,Thomas,Clear,Angle,no,no,no,no,no,False
100752604,METROPOLITAN NASHVILLE POLICE DEPT,2015-0185863,Davidson,Nashville,2/24/2015 4:50:00 PM,2,0,0,36.196990,-86.742040,GALLATIN PIKE,,,,0.00,,,CAROLYN AVE,,,,0.00,Y,Four-Way,N,Intersection-Related,None,,,         ,Whitney,Arnold,Clear,Angle,no,no,no,no,no,False
100752606,METROPOLITAN NASHVILLE POLICE DEPT,20150186115,Davidson,Nashville,2/24/2015 6:09:00 PM,2,0,0,36.148940,-86.777150,I 40,,,,0.00,,,,,,,210.00,N,Not at Intersection, ,Non-Junction,None,,,         ,Aaron,Thomas,Clear,"Sideswipe, Same Direction",no,no,no,no,no,False
100752613,METROPOLITAN NASHVILLE POLICE DEPT,20150186032,Davidson,Nashville,2/24/2015 5:48:00 PM,2,0,0,36.078160,-86.695320,I 24,,,,0.00,,,,,,,56.35,N,Not at Intersection, ,Non-Junction,None,,,         ,Jessie,Meadows,Clear,"Sideswipe, Same Direction",no,no,no,no,no,False
100752618,METROPOLITAN NASHVILLE POLICE DEPT,20150186269,Davidson,Nashville,2/24/2015 6:19:00 PM,2,0,0,36.140180,-86.722880,I 40,,,,0.00,,,,,,,213.50,N,Not at Intersection, ,Non-Junction,None,,,         ,James,Tidwell,Clear,Front to Rear,no,no,no,no,no,False
100752624,METROPOLITAN NASHVILLE POLICE DEPT,20150186277,Davidson,Nashville,2/24/2015 6:56:00 PM,2,0,0,36.036700,-86.782660,-- UNKNOWN RAMP/ROAD --,,,,0.00,Feet,East,I 65,,,,0.00,N,Not at Intersection, ,Entrance/Exit Ramp Related,None,,,         ,Tien,Nguyen,Clear,Front to Rear,no,no,no,no,no,False
100752626,METROPOLITAN NASHVILLE POLICE DEPT,20150186136,Davidson,Nashville,2/24/2015 6:22:00 PM,2,0,0,36.132660,-86.727120,I 24,,,,0.00,,,,,,,52.00,N,Not at Intersection, ,Non-Junction,None,,,         ,Torrance,Bennett,Clear,Front to Rear,no,no,no,no,no,False
100752627,METROPOLITAN NASHVILLE POLICE DEPT,20150186188,Davidson,Nashville,2/24/2015 6:09:00 PM,2,0,0,0.000000,0.000000,NOLENSVILLE,PIKE,,,0.00,,,WOODYCREST,AVE,,,0.00,Y,T-Intersection,N,Intersection,None,,,         ,Mekisha,Page,Clear,Front to Rear,no,no,no,no,no,False
100752628,METROPOLITAN NASHVILLE POLICE DEPT,20150185606,Davidson,Nashville,2/24/2015 12:00:00 AM,2,0,0,36.146940,-86.820250,OMAN ST,,,,205.00,Feet,South,HOLMAN ST,,,,0.00,N,Not at Intersection,N,Non-Junction,None,,,         ,Austin,Kendrick,Clear,Unknown,no,no,no,no,yes,False
100752630,METROPOLITAN NASHVILLE POLICE DEPT,20150186112,Davidson,Nashville,2/24/2015 12:00:00 AM,3,0,0,36.144810,-86.777400,I 65,,,,0.00,,,,,,,82.15,N,Not at Intersection,N,Non-Junction,None,,,         ,Michael,Collazo,Clear,Front to Rear,no,no,no,no,no,False
100752631,METROPOLITAN NASHVILLE POLICE DEPT,20150186342,Davidson,Not in City Limit,2/24/2015 12:00:00 AM,1,0,0,36.318850,-86.866710,US HWY 431,,,,839.00,Feet,South,GIFFORD PL,,,,0.00,N,Not at Intersection,N,Non-Junction,None,,,         ,Timothy,Morgan,Clear,Unknown,no,no,no,yes,yes,False
100752635,METROPOLITAN NASHVILLE POLICE DEPT,20150186384,Davidson,Madison,2/24/2015 7:40:00 PM,2,0,0,36.263800,-86.711640,US HWY 31E,,,,300.00,Feet,North,STATE HWY 45,,,,0.00,N,Not at Intersection, ,Non-Junction,None,,,         ,Nathan,Dungan,Clear,Front to Rear,no,no,no,no,no,False
100752665,METROPOLITAN NASHVILLE POLICE DEPT,20150186594,Davidson,Nashville,2/24/2015 9:18:00 PM,2,0,0,36.085250,-86.706320,LINBAR DR,,,,126.00,Feet,South,SUNLIGHT DR,,,,0.00,N,Not at Intersection, ,Non-Junction,None,,,         ,Jessie,Meadows,Clear,Rear to Rear,no,no,no,no,no,False
100752666,METROPOLITAN NASHVILLE POLICE DEPT,20150185728,Davidson,Nashville,2/24/2015 4:14:00 PM,1,0,0,0.000000,0.000000,GRISSOM,DR,,,0.00,,,ROSEDALE,AVE,,,0.00,Y,T-Intersection, ,"Driveway, Alley Access, etc",None,,,         ,Mekisha,Page,Clear,Not Collision with Motor Vehicle in Transport,no,no,no,no,no,False
100752669,METROPOLITAN NASHVILLE POLICE DEPT,2015-0177599,Davidson,Nashville,2/22/2015 12:50:00 AM,2,0,0,36.161960,-86.779380,5TH AVE N,,,,35.00,Feet,South,COMMERCE ST,,,,0.00,N,Not at Intersection,N,Non-Junction,None,,,         ,Austin,Bass,Clear,Angle,no,no,no,no,yes,False
100752679,METROPOLITAN NASHVILLE POLICE DEPT,20150186110,Davidson,Nashville,2/21/2015 2:30:00 PM,2,0,0,36.189990,-86.752270,SHARPE AVE,,,,200.00,Feet,East,MCFERRIN AVE,,,,0.00,N,Not at Intersection,N,Non-Junction,None,,,         ,Matthew,Cammarn,Rain,Rear to Side,no,no,no,no,yes,False
100752680,METROPOLITAN NASHVILLE POLICE DEPT,20150185884,Davidson,Nashville,2/24/2015 4:53:00 PM,2,2,0,36.142900,-86.666720,STATE HWY 255,,,,0.00,,,CONNECTING ROAD,,,,0.00,Y,OTHER,N,Intersection,None,,,         ,Felipe,Pereira,Clear,Angle,no,no,no,no,no,False
100752681,METROPOLITAN NASHVILLE POLICE DEPT,20150186701,Davidson,Nashville,2/24/2015 9:32:00 PM,2,0,0,36.148790,-86.666350,ELM HILL PIKE,,,,0.00,,,STATE HWY 255,,,,0.00,Y,Four-Way,N,Intersection,None,,,         ,Felipe,Pereira,Clear,Angle,no,no,no,no,no,False
100752684,THP District 3 - Nashville,315008373,Davidson,Nashville,2/12/2015 7:23:00 PM,1,0,0,36.238470,-86.592550,REBEL RD,,,,150.00,Feet,East,GENERAL KERSHAW DR,,,,0.00,N,Not at Intersection,N,Non-Junction,None,,,         ,William,Gregory,Clear,Not Collision with Motor Vehicle in Transport,no,no,no,no,no,False
100752686,METROPOLITAN NASHVILLE POLICE DEPT,20150186851,Davidson,Nashville,2/24/2015 10:30:00 PM,1,1,0,36.135340,-86.893530,I 40,,,,0.00,,,,,,,201.55,N,Not at Intersection,N,Non-Junction,None,,,         ,Jackson,Smythe,Clear,Not Collision with Motor Vehicle in Transport,no,no,no,no,no,False
100752687,METROPOLITAN NASHVILLE POLICE DEPT,20150186568,Davidson,Nashville,2/24/2015 8:44:00 PM,1,0,0,0.000000,0.000000,,,I65,,5.00,Feet,South,,,,,74.00,N,Not at Intersection,N,Non-Junction,None,,,         ,Mekisha,Page,Clear,Not Collision with Motor Vehicle in Transport,no,no,no,no,no,False
100752696,METROPOLITAN NASHVILLE POLICE DEPT,20150186897,Davidson,Nashville,2/24/2015 10:50:00 PM,3,0,0,36.093920,-86.734830,NATCHEZ CT,,,,0.00,,,N NATCHEZ CT,,,,0.00,Y,Traffic Circle,N,OtherLocation,None,,,         ,richard,haley,Clear,Rear to Side,no,no,no,yes,yes,False
100752697,METROPOLITAN NASHVILLE POLICE DEPT,20150184029,Davidson,Not in City Limit,2/24/2015 6:01:00 AM,1,0,0,36.324720,-86.881270,BINKLEY RD,,,,1707.00,Feet,East,STAGNER RD,,,,0.00,N,Not at Intersection, ,Non-Junction,None,,,         ,Jarret,Sonnenberg,Cloudy,Not Collision with Motor Vehicle in Transport,no,no,no,no,no,False
100752702,METROPOLITAN NASHVILLE POLICE DEPT,20150186944,Davidson,Nashville,2/24/2015 11:08:00 PM,2,0,0,36.227290,-86.759700,US HWY 31W,,,,542.00,Feet,North,HILLHURST DR,,,,0.00,N,Not at Intersection, ,Non-Junction,None,,,         ,Robert,Crow,Clear,Angle,no,no,no,no,no,False