master_record_number,agency,agency_tracking_number,county,city,collision_date,vehicles_involved,number_injured,number_dead,latitude,longitude,roadway_name,roadway_suffix,roadway_number,roadway_local_id,distance_from_reference,miles-feet_indicator,direction_from_reference,intersection_road_name,intersection_road_name_suffix,intersection_road_number,intersection_local_id,mile_marker,intersection_indicator,intersect_type,interchange_related_indicator,relation_to_junction,work_zone_type,construction_maintenance_zone,construction_maintenance_zone_location,fatal_case_number,officer_first_name,officer_last_name,weather_condition(s),manner_of_crash,pedestrian,bicycle,scooter,parking,hitrun,mou
100753320,METROPOLITAN NASHVILLE POLICE DEPT,20150191958,Davidson,Nashville,2/26/2015 7:35:00 AM,2,0,0,36.150420,-86.798610,20TH AVE S,,,,0.00,,,TERRACE PL,,,,0.00,Y,T-Intersection,N,Intersection,None,,,         ,Randal,Owsley,Clear,"Sideswipe, Same Direction",no,no,no,no,no,Campus
100753326,METROPOLITAN NASHVILLE POLICE DEPT,20150192072,Davidson,Nashville,2/26/2015 7:50:00 AM,2,0,0,36.044600,-86.668380,ARBOR KNOLL BLVD,,,,86.00,Feet,South,STATE HWY 254,,,,0.00,N,Not at Intersection, ,Non-Junction,None,,,         ,David,Simmonds,Snow,Front to Rear,no,no,no,yes,no,False
100753327,METROPOLITAN NASHVILLE POLICE DEPT,2015-0191890,Davidson,Nashville,2/26/2015 7:05:00 AM,2,0,0,36.070040,-86.698790,HAYWOOD LN,,,,0.00,,,EAST RIDGE DR,,,,0.00,Y,Four-Way,N,Intersection,None,,,         ,Brandon,O'Guin,Clear,Angle,no,no,no,no,no,False
100753330,METROPOLITAN NASHVILLE POLICE DEPT,20150192230,Davidson,Nashville,2/26/2015 7:31:00 AM,6,0,0,36.045470,-86.719800,ZERMATT AVE,,,,50.00,Feet,South,STATE HWY 254,,,,0.00,N,Not at Intersection, ,,None,,,         ,Nathan,Kemp,,,no,no,no,no,no,False
100753331,METROPOLITAN NASHVILLE POLICE DEPT,20150192258,Davidson,Madison,2/26/2015 9:11:00 AM,2,0,0,36.279670,-86.733760,I 65,,,,0.00,,,,,,,93.30,N,Not at Intersection, ,Non-Junction,None,,,         ,David,Boone,Clear,Front to Rear,no,no,no,no,no,False
100753332,METROPOLITAN NASHVILLE POLICE DEPT,20150191934,Davidson,Nashville,2/26/2015 7:29:00 AM,2,0,0,36.148090,-86.806040,US HWY 70S,,,,142.00,Feet,East,24TH AVE S,,,,0.00,N,Not at Intersection, ,Non-Junction,None,,,         ,Paul,Joyner,Clear,"Sideswipe, Opposite Direction",no,no,no,no,no,Campus
100753350,METROPOLITAN NASHVILLE POLICE DEPT,2015-192198,Davidson,Nashville,2/26/2015 8:30:00 AM,2,1,0,36.057770,-86.636020,HAMILTON CHURCH RD,,,,1035.00,Feet,North,ZELIDA AVE,,,,0.00,N,Not at Intersection,Y,Non-Junction,None,,,         ,Jeff,Ha,Snow,Front to Rear,no,no,no,no,no,False
100753360,METROPOLITAN NASHVILLE POLICE DEPT,20150192180,Davidson,Nashville,2/26/2015 8:45:00 AM,2,1,0,36.148430,-86.766450,US HWY 31 ALT,,,,25.00,Feet,South,CAMERON ST,,,,0.00,N,Not at Intersection,N,Non-Junction,None,,,         ,George,Krukowski,Clear,Angle,no,no,no,no,no,False
100753362,METROPOLITAN NASHVILLE POLICE DEPT,20150192444,Davidson,Nashville,2/26/2015 10:15:00 AM,2,0,0,36.178140,-86.751650,S 10TH ST,,,,0.00,,,N 10TH ST,,,,0.00,Y,T-Intersection, ,Intersection-Related,None,,,         ,William,Crowe,Clear,Angle,no,no,no,no,no,False
100753368,METROPOLITAN NASHVILLE POLICE DEPT,2015-0192351,Davidson,Nashville,2/26/2015 9:45:00 AM,2,1,0,36.086730,-86.771760,US HWY 31,,,,0.00,,,STATE HWY 255,,,,0.00,Y,Four-Way,N,Intersection,None,,,         ,Aaron,Jones,Clear,Front to Rear,no,no,no,no,no,False
100753370,METROPOLITAN NASHVILLE POLICE DEPT,20150192523,Davidson,Nashville,2/26/2015 10:45:00 AM,2,0,0,36.220120,-86.597560,ANDREW JACKSON PKWY,,,,51.00,Feet,South,WEMBLEY DR,,,,0.00,N,Not at Intersection, ,Non-Junction,None,,,         ,Phillip,Black,Clear,"Sideswipe, Same Direction",no,no,no,yes,no,False
100753372,METROPOLITAN NASHVILLE POLICE DEPT,20150192153,Davidson,Not in City Limit,2/26/2015 8:38:00 AM,1,0,0,36.011930,-86.705010,HOLT RD,,,,454.00,Feet,West,US HWY 31 ALT,,,,0.00,N,Not at Intersection, ,,None,,,         ,Erik,Wagner,,,no,no,no,no,no,False
100753373,METROPOLITAN NASHVILLE POLICE DEPT,20150191963,Davidson,Not in City Limit,2/26/2015 7:14:00 AM,1,0,0,36.012090,-86.704260,HOLT RD,,,,226.00,Feet,West,US HWY 31 ALT,,,,0.00,N,Not at Intersection,N,Non-Junction,None,,,         ,Erik,Wagner,Cloudy,Not Collision with Motor Vehicle in Transport,no,no,no,no,no,False
100753374,METROPOLITAN NASHVILLE POLICE DEPT,20150191961,Davidson,Not in City Limit,2/26/2015 7:23:00 AM,2,0,0,36.012010,-86.704550,HOLT RD,,,,317.00,Feet,West,US HWY 31 ALT,,,,0.00,N,Not at Intersection, ,Non-Junction,None,,,         ,Erik,Wagner,Cloudy,Angle,no,no,no,no,no,False
100753386,METROPOLITAN NASHVILLE POLICE DEPT,20150192286,Davidson,Nashville,2/26/2015 9:15:00 AM,2,0,0,36.137870,-86.820630,US HWY 70S,,,,0.00,,,-- UNKNOWN RAMP/ROAD --,,,,0.00,Y,Y-Intersection, ,Intersection-Related,None,,,         ,Charles,Griffin,Clear,"Sideswipe, Same Direction",no,no,no,no,no,False
100753387,METROPOLITAN NASHVILLE POLICE DEPT,2015-0192666,Davidson,Nashville,2/26/2015 9:00:00 AM,2,0,0,36.127910,-86.843220,US HWY 70S,,,,229.00,Feet,East,BOSLEY SPRINGS RD,,,,0.00,N,Not at Intersection, ,Non-Junction,None,,,         ,Curtis,Rich,Clear,Front to Rear,no,no,no,no,yes,False
100753388,METROPOLITAN NASHVILLE POLICE DEPT,20150192081,Davidson,Nashville,2/26/2015 8:10:00 AM,2,1,0,36.152330,-86.681840,ELM HILL PIKE,,,,295.00,Feet,West,AIRWAYS CIR,,,,0.00,N,Not at Intersection,N,Non-Junction,None,,,         ,Josh,Baney,Clear,Angle,no,no,no,no,no,False
100753391,METROPOLITAN NASHVILLE POLICE DEPT,20150191950,Davidson,Nashville,2/26/2015 7:25:00 AM,1,0,0,36.184650,-86.798600,-- UNKNOWN RAMP/ROAD --,,,,0.00,Feet,East,I 65,,,,0.00,N,Not at Intersection,N,Non-Junction,None,,,         ,Ky,Luu,Clear,Not Collision with Motor Vehicle in Transport,no,no,no,no,no,False
100753403,METROPOLITAN NASHVILLE POLICE DEPT,20150192636,Davidson,Old Hickory,2/26/2015 11:40:00 AM,2,0,0,36.265480,-86.664050,STATE HWY 45,,,,0.00,,,HICKORY INDUSTRIAL DR,,,,0.00,Y,T-Intersection, ,Non-Junction,None,,,         ,Wesley,Young,Clear,"Sideswipe, Same Direction",no,no,no,no,no,False
100753415,METROPOLITAN NASHVILLE POLICE DEPT,20150192706,Davidson,Nashville,2/26/2015 12:00:00 AM,1,0,0,36.154110,-86.844680,-- UNKNOWN RAMP/ROAD --,,,,0.00,Feet,East,I 40,,,,0.00,N,Not at Intersection,Y,Non-Junction,None,,,         ,Daniel,Alford,Unknown,Not Collision with Motor Vehicle in Transport,no,no,no,no,yes,False
100753422,METROPOLITAN NASHVILLE POLICE DEPT,20150192681,Davidson,Nashville,2/26/2015 11:57:00 AM,2,0,0,36.073540,-86.920600,STATE HWY 251,,,,347.00,Feet,South,BELLE FOREST CIR,,,,0.00,N,Not at Intersection,N,"Driveway, Alley Access, etc",None,,,         ,Charles,Boles,Clear,Angle,no,no,no,no,no,False
100753423,METROPOLITAN NASHVILLE POLICE DEPT,2015-0192769,Davidson,Nashville,2/26/2015 12:10:00 PM,2,0,0,36.158980,-86.789510,12TH AVE N,,,,0.00,,,CHURCH ST,,,,0.00,Y,Four-Way, ,Intersection,None,,,         ,Charles,Coe,Cloudy,"Sideswipe, Same Direction",no,no,no,no,no,False
100753425,METROPOLITAN NASHVILLE POLICE DEPT,2015-0191924,Davidson,Not in City Limit,2/26/2015 7:23:00 AM,2,0,0,36.219640,-86.975570,CONNECTING ROAD,,,,0.00,,,STATE HWY 12,,,,0.00,Y,T-Intersection, ,Non-Junction,None,,,         ,William,Caillouette,Snow,Front to Rear,no,no,no,no,no,False
100753433,METROPOLITAN NASHVILLE POLICE DEPT,20150192060,Davidson,Not in City Limit,2/26/2015 7:39:00 AM,2,0,0,36.011080,-86.702670,US HWY 31 ALT,,,,0.00,,,LENOX CREEKSIDE DR,,,,0.00,Y,T-Intersection,N,Intersection,None,,,         ,Paul,Joyner,Clear,Angle,no,no,no,no,no,False
100753434,METROPOLITAN NASHVILLE POLICE DEPT,2015-0192856,Davidson,Nashville,2/26/2015 1:00:00 PM,2,0,0,36.107970,-86.820500,BEDFORD AVE,,,,416.00,Feet,West,CLEGHORN AVE,,,,0.00,N,Not at Intersection, ,,None,,,         ,Curtis,Rich,,,no,no,no,no,no,False
100753438,METROPOLITAN NASHVILLE POLICE DEPT,20150192782,Davidson,Nashville,2/26/2015 11:34:00 AM,2,1,0,36.157590,-86.801530,US HWY 70,,,,0.00,,,19TH AVE N,,,,0.00,Y,T-Intersection,N,Intersection,None,,,         ,Ky,Luu,Clear,Angle,no,no,no,no,no,False
100753443,METROPOLITAN NASHVILLE POLICE DEPT,20150192067,Davidson,Antioch,2/26/2015 7:42:00 AM,2,0,0,36.073820,-86.596460,HUNTINGBORO TRL,,,,0.00,,,COUNTRY WAY RD,,,,0.00,Y,T-Intersection, ,Intersection,None,,,         ,Carey,Steel,Snow,Angle,no,no,no,no,no,False
100753454,METROPOLITAN NASHVILLE POLICE DEPT,2015-0192371,Davidson,Nashville,2/26/2015 9:39:00 AM,1,0,0,36.061200,-86.921960,HARPETH BEND DR,,,,505.00,Feet,North,WHITEHEATH CT,,,,0.00,N,Not at Intersection,N,Non-Junction,None,,,         ,Patrick,Cuthbertson,Clear,Not Collision with Motor Vehicle in Transport,no,no,no,no,no,False
100753458,METROPOLITAN NASHVILLE POLICE DEPT,20150192656,Davidson,Goodlettsville,2/26/2015 11:47:00 AM,2,0,0,36.299950,-86.696300,US HWY 31E,,,,112.00,Feet,East,CUDE LN,,,,0.00,N,Not at Intersection, ,Non-Junction,None,,,         ,Charles,Holmes,Clear,Front to Rear,no,no,no,no,no,False
100753460,METROPOLITAN NASHVILLE POLICE DEPT,2015-0192061,Davidson,Not in City Limit,2/26/2015 8:05:00 AM,1,0,0,36.206730,-86.951340,STATE HWY 12,,,,232.00,Feet,West,CONNECTING ROAD,,,,0.00,N,Not at Intersection, ,Non-Junction,None,,,         ,William,Caillouette,Snow,Not Collision with Motor Vehicle in Transport,no,no,no,no,no,False
100753479,METROPOLITAN NASHVILLE POLICE DEPT,15-0192676,Davidson,Nashville,2/26/2015 11:56:00 AM,2,0,0,36.172640,-86.781860,2ND AVE N,,,,0.00,,,STOCKYARD BLVD,,,,0.00,Y,Four-Way,N,Intersection,None,,,         ,Frank,Campbell,Cloudy,Angle,no,no,no,no,no,False
100753481,METROPOLITAN NASHVILLE POLICE DEPT,2015-0193048,Davidson,Nashville,2/26/2015 1:51:00 PM,2,0,0,36.084120,-86.727730,NOLENSVILLE,,,,400.00,Feet,South,PARAGON MILLS,,,,0.00,N,Not at Intersection, ,Non-Junction,None,,,         ,William,Whitworth,Cloudy,Front to Rear,no,no,no,no,no,False
100753487,METROPOLITAN NASHVILLE POLICE DEPT,20150192125,Davidson,Nashville,2/26/2015 8:18:00 AM,2,0,0,36.255060,-86.786530,I 24,,,,0.00,,,,,,,42.20,N,Not at Intersection, ,,None,,,         ,Rodney,Clark,,,no,no,no,no,no,False
100753495,METROPOLITAN NASHVILLE POLICE DEPT,20150193139,Davidson,Nashville,2/26/2015 2:29:00 PM,2,0,0,36.040010,-86.743490,STATE HWY 254,,,,0.00,,,EDMONDSON PIKE,,,,0.00,Y,Four-Way, ,Intersection-Related,None,,,         ,Tien,Nguyen,Clear,Front to Rear,no,no,no,no,no,False
100753525,METROPOLITAN NASHVILLE POLICE DEPT,20150193362,Davidson,Nashville,2/26/2015 3:29:00 PM,2,1,0,36.087050,-86.693110,STATE HWY 255,,,,302.00,Feet,West,ANTIOCH PIKE,,,,0.00,N,Not at Intersection,N,Non-Junction,None,,,         ,Matthew,Johnson,Cloudy,Angle,no,no,no,no,no,False
100753529,METROPOLITAN NASHVILLE POLICE DEPT,20150193313,Davidson,Nashville,2/26/2015 3:15:00 PM,2,0,0,36.161210,-86.780860,COMMERCE ST,,,,50.00,Feet,West,6TH AVE N,,,,0.00,N,Not at Intersection, ,Non-Junction,None,,,         ,Tyler,Hutton,Cloudy,"Sideswipe, Same Direction",no,no,no,no,no,False
100753532,METROPOLITAN NASHVILLE POLICE DEPT,2015-0191925,Davidson,Nashville,2/26/2015 7:22:00 AM,2,0,0,36.159020,-86.775850,4TH AVE S,,,,0.00,,,DEMONBREUN ST,,,,0.00,Y,Four-Way, ,Intersection-Related,Construction Zone,,,         ,Allen,Bates,Clear,"Sideswipe, Same Direction",no,no,no,no,no,False
100753573,METROPOLITAN NASHVILLE POLICE DEPT,20150193355,Davidson,Nashville,2/26/2015 3:35:00 PM,2,1,0,0.000000,0.000000,EDMONDSON,PIKE,,,0.00,,,OLD HICKORY,BLVD,,,0.00,Y,T-Intersection,N,Intersection,None,,,         ,Mekisha,Page,Cloudy,Angle,no,no,no,no,no,False
100753579,METROPOLITAN NASHVILLE POLICE DEPT,2015-0192304,Davidson,Nashville,2/26/2015 9:27:00 AM,1,1,0,36.151070,-86.702730,ELM TREE DR,,,,709.00,Feet,East,APPLETON DR,,,,0.00,N,Not at Intersection,N,Non-Junction,None,,,         ,Jeb,Johnston,Clear,Not Collision with Motor Vehicle in Transport,no,no,no,no,yes,False
100753581,METROPOLITAN NASHVILLE POLICE DEPT,20150193776,Davidson,Old Hickory,2/26/2015 5:27:00 PM,2,2,0,36.255090,-86.652800,STATE HWY 45,,,,291.00,Feet,East,MERRITT ST,,,,0.00,N,Not at Intersection,N,Non-Junction,None,,,         ,Raymond,Heymann,Clear,"Sideswipe, Same Direction",no,no,no,no,no,False
100753587,METROPOLITAN NASHVILLE POLICE DEPT,20150193217,Davidson,Nashville,2/26/2015 3:10:00 PM,2,1,0,36.193620,-86.807980,US HWY 41 ALT,,,,189.00,Feet,West,10TH AVE N,,,,0.00,N,Not at Intersection,N,OtherLocation,None,,,         ,Jessica,Johnson,Cloudy,Front to Rear,no,no,no,no,no,False
100753588,METROPOLITAN NASHVILLE POLICE DEPT,20150193843,Davidson,Nashville,2/26/2015 6:03:00 PM,2,0,0,36.044250,-86.703470,CEDARMONT DR,,,,27.00,Feet,South,CEDAR DR,,,,0.00,N,Not at Intersection,N,Non-Junction,None,,,         ,Jessie,Meadows,Clear,Front to Rear,no,no,no,no,no,False
100753593,METROPOLITAN NASHVILLE POLICE DEPT,20150193942,Davidson,Nashville,2/26/2015 5:55:00 PM,3,0,0,36.198280,-86.620330,STATE HWY 45,,,,0.00,,,US HWY 70,,,,0.00,Y,Four-Way, ,Intersection,None,,,         ,Daniel,Motte,Clear,Front to Rear,no,no,no,no,yes,False
100753595,METROPOLITAN NASHVILLE POLICE DEPT,20150193962,Davidson,Nashville,2/26/2015 6:15:00 PM,2,0,0,36.255000,-86.715220,US HWY 31E,,,,0.00,,,MADISON SQ,,,,0.00,Y,Four-Way,N,"Driveway, Alley Access, etc",None,,,         ,Nathan,Dungan,Cloudy,Angle,no,no,no,no,no,False
100753597,METROPOLITAN NASHVILLE POLICE DEPT,20150193837,Davidson,Nashville,2/26/2015 5:44:00 PM,2,0,0,36.158760,-86.774150,MOLLOY ST,,,,0.00,,,3RD AVE S,,,,0.00,Y,Four-Way,N,Non-Junction,None,,,         ,Aaron,Thomas,Clear,Front to Rear,no,no,no,no,yes,False
100753601,METROPOLITAN NASHVILLE POLICE DEPT,20150193587,Davidson,Nashville,2/26/2015 4:27:00 PM,2,0,0,36.173280,-86.791380,US HWY 41 ALT,,,,0.00,,,JEFFERSON ST,,,,0.00,Y,Four-Way, ,Intersection,None,,,         ,Brian,Woodard,Clear,Front to Rear,no,no,no,no,no,False
100753602,METROPOLITAN NASHVILLE POLICE DEPT,20150193952,Davidson,Nashville,2/26/2015 6:06:00 PM,2,0,0,36.204540,-86.765940,EDWIN ST,,,,0.00,,,MERIDIAN ST,,,,0.00,Y,T-Intersection, ,,None,,,         ,Charles,Wakefield,,,no,no,no,no,no,False
100753604,METROPOLITAN NASHVILLE POLICE DEPT,20150194041,Davidson,Antioch,2/26/2015 5:47:00 PM,2,0,0,36.011910,-86.689440,CULBERTSON RD,,,,883.00,Feet,North,MANDAN DR,,,,0.00,N,Not at Intersection, ,Non-Junction,None,,,         ,William,Durham,Clear,"Sideswipe, Opposite Direction",no,no,no,no,no,False
100753606,METROPOLITAN NASHVILLE POLICE DEPT,20150193995,Davidson,Nashville,2/26/2015 6:24:00 PM,2,0,0,36.161580,-86.775980,US HWY 70,,,,0.00,,,3RD AVE N,,,,0.00,Y,Four-Way, ,Intersection,None,,,         ,Caleb,Rogan,Clear,"Sideswipe, Same Direction",no,no,no,no,no,False
100753610,METROPOLITAN NASHVILLE POLICE DEPT,20150193937,Davidson,Nashville,2/26/2015 6:03:00 PM,2,0,0,36.096860,-86.654150,SMITH SPRINGS RD,,,,120.00,Feet,East,OLD MURFREESBORO PIKE,,,,0.00,N,Not at Intersection,N,Non-Junction,None,,,         ,Tyler,Conrads,Clear,"Sideswipe, Same Direction",no,no,no,no,no,False
100753620,METROPOLITAN NASHVILLE POLICE DEPT,20150194021,Davidson,Nashville,2/26/2015 6:25:00 PM,2,0,0,36.132350,-86.727130,I 24,,,,0.00,,,,,,,52.00,N,Not at Intersection, ,Non-Junction,None,,,         ,Paul,Goebel,Clear,Front to Rear,no,no,no,no,no,False
100753622,METROPOLITAN NASHVILLE POLICE DEPT,20150194221,Davidson,Nashville,2/26/2015 7:45:00 PM,2,0,0,36.242640,-86.758670,DOVERSIDE DR,,,,778.00,Feet,West,US HWY 31W,,,,0.00,N,Not at Intersection, ,OtherLocation,None,,,         ,Nathan,Dungan,Cloudy,Angle,no,no,no,yes,yes,False
100753623,METROPOLITAN NASHVILLE POLICE DEPT,20150194110,Davidson,Nashville,2/26/2015 7:30:00 PM,2,0,0,36.122050,-86.727550,-- UNKNOWN RAMP/ROAD --,,,,0.00,Feet,East,I 24,,,,0.00,N,Not at Intersection, ,Non-Junction,None,,,         ,Oscar,Gomez,Clear,Front to Rear,no,no,no,no,no,False
100753628,METROPOLITAN NASHVILLE POLICE DEPT,20150193948,Davidson,Nashville,2/26/2015 7:22:00 PM,2,0,0,36.125800,-86.730860,-- UNKNOWN RAMP/ROAD --,,,,0.00,Feet,East,EXIT 53,,,,0.00,N,Not at Intersection, ,Non-Junction,None,,,         ,Jessie,Meadows,Clear,Front to Rear,no,no,no,no,no,False
100753629,METROPOLITAN NASHVILLE POLICE DEPT,20150193516,Davidson,Nashville,2/26/2015 4:10:00 PM,3,1,0,36.153690,-86.721530,SPENCE LN,,,,0.00,,,US HWY 70,,,,0.00,Y,Four-Way,Y,Intersection,None,,,         ,John,Kelley,Cloudy,Angle,no,no,no,no,no,False
100753638,METROPOLITAN NASHVILLE POLICE DEPT,20150193711,Davidson,Nashville,2/26/2015 5:19:00 PM,2,2,0,36.159140,-86.775940,4TH AVE S,,,,50.00,Feet,North,DEMONBREUN ST,,,,0.00,N,Not at Intersection,N,Non-Junction,Construction Zone,Lane Shift-Crossover,Transition Area,         ,Tyler,Hutton,Cloudy,Angle,no,no,no,no,no,False
100753640,METROPOLITAN NASHVILLE POLICE DEPT,20150194168,Davidson,Nashville,2/26/2015 7:30:00 PM,2,1,0,0.000000,0.000000,OLD HICKORY BLVD,,,,0.00,,,I 40 W ENTRANCE RAMP,,,,0.00,Y,Unknown,N,Intersection,None,,,         ,Jeremy,Huffine,Clear,Angle,no,no,no,no,no,False
100753641,GOODLETTSVILLE POLICE DEPT,15-07900,Davidson,Goodlettsville,2/26/2015 6:00:00 PM,3,1,0,36.306050,-86.701360,STATE HWY 386,,,,529.00,Feet,West,EXIT 1,,,,0.00,N,Not at Intersection,N,Non-Junction,None,,,         ,Jason,Ayers,Clear,Front to Rear,no,no,no,no,no,False
100753645,VANDERBILT UNIVERSITY POLICE,15-0194342,Davidson,Nashville,2/26/2015 8:35:00 PM,2,0,0,36.147810,-86.806620,US HWY 70S,,,,55.00,Feet,West,24TH AVE S,,,,0.00,N,Not at Intersection, ,Unknown,None,,,         ,Alan,Reed,Clear,Front to Rear,no,no,no,no,no,Campus
100753646,METROPOLITAN NASHVILLE POLICE DEPT,20150193801,Davidson,Nashville,2/26/2015 5:36:00 PM,2,0,0,36.153730,-86.721210,US HWY 70,,,,96.00,Feet,East,SPENCE LN,,,,0.00,N,Not at Intersection,N,Non-Junction,None,,,         ,John,Kelley,Cloudy,Front to Rear,no,no,no,no,no,False
100753656,METROPOLITAN NASHVILLE POLICE DEPT,20150194417,Davidson,Nashville,2/26/2015 8:58:00 PM,1,0,0,36.080420,-86.722100,STATE HWY 255,,,,368.00,Feet,East,HARDING MALL DR,,,,0.00,N,Not at Intersection, ,Non-Junction,None,,,         ,Jared,Jenkins,Clear,Not Collision with Motor Vehicle in Transport,no,no,no,no,no,False
100753657,METROPOLITAN NASHVILLE POLICE DEPT,20150194169,Davidson,Nashville,2/26/2015 6:57:00 PM,2,0,0,36.067680,-86.631500,US HWY 41,,,,134.00,Feet,North,FOREST VIEW DR,,,,0.00,N,Not at Intersection, ,Non-Junction,None,,,         ,Jason,Door,Clear,"Sideswipe, Same Direction",no,no,no,no,no,False
100753663,METROPOLITAN NASHVILLE POLICE DEPT,20150194056,Davidson,Nashville,2/26/2015 6:36:00 PM,2,0,0,36.110750,-86.923650,I 40,,,,0.00,,,,,,,199.25,N,Not at Intersection, ,Non-Junction,None,,,         ,Jeremy,Huffine,Clear,"Sideswipe, Same Direction",no,no,no,no,no,False
100753664,METROPOLITAN NASHVILLE POLICE DEPT,2015-0190227,Davidson,Nashville,2/26/2015 7:20:00 PM,1,0,0,36.182770,-86.812350,CLAY ST,,,,0.00,,,DR DB TODD JR BLVD,,,,0.00,Y,Unknown, ,Non-Junction,None,,,         ,Brian,Woodard,Cloudy,Not Collision with Motor Vehicle in Transport,no,no,no,yes,yes,False
100753672,METROPOLITAN NASHVILLE POLICE DEPT,20150194436,Davidson,Nashville,2/26/2015 9:06:00 PM,1,1,0,36.192440,-86.616170,JUAREZ DR,,,,0.00,,,STATE HWY 45,,,,0.00,Y,OTHER,N,Intersection,None,,,         ,Daniel,Motte,Snow,Not Collision with Motor Vehicle in Transport,yes,no,no,no,yes,False
100753685,METROPOLITAN NASHVILLE POLICE DEPT,20150194477,Davidson,Nashville,2/26/2015 8:30:00 PM,2,1,0,36.195720,-86.619290,STATE HWY 45,,,,0.00,Feet,,CONNECTING ROAD,,,,0.00,Y,T-Intersection,N,Intersection,None,,,         ,Shawn,Taylor,Clear,Angle,no,no,no,no,yes,False
100753686,METROPOLITAN NASHVILLE POLICE DEPT,20150194597,Davidson,Nashville,2/26/2015 10:03:00 PM,1,0,0,36.119220,-86.703020,GLENGARRY DR,,,,0.00,,,,,,,0.00,,,N,Non-Junction,None,,,         ,Kevin,Keating,Clear,Not Collision with Motor Vehicle in Transport,no,no,no,yes,yes,False
100753688,METROPOLITAN NASHVILLE POLICE DEPT,20150193947,Davidson,Nashville,2/26/2015 5:30:00 PM,2,0,0,36.242270,-86.760310,DOVERSIDE DR,,,,598.00,Feet,East,-- UNKNOWN RAMP/ROAD --,,,,0.00,N,Not at Intersection, ,Non-Junction,None,,,         ,Jerry,Pirtle,Cloudy,Other,no,no,no,yes,yes,False
100753701,METROPOLITAN NASHVILLE POLICE DEPT,20150194321,Davidson,Nashville,2/26/2015 8:29:00 PM,2,0,0,36.156550,-86.631220,STEWARTS FERRY PIKE,,,,0.00,,,EXIT 219,,,,0.00,Y,Four-Way, ,Entrance/Exit Ramp Related,None,,,         ,Geoffery,Odom,Cloudy,Front to Rear,no,no,no,no,no,False
100753718,METROPOLITAN NASHVILLE POLICE DEPT,20150195088,Davidson,Nashville,2/27/2015 1:00:00 AM,1,0,0,36.081770,-86.931210,POST CREEK RD,,,,0.00,,,HICKS RD,,,,0.00,Y,T-Intersection,N,Non-Junction,None,,,         ,Jackson,Smythe,Clear,Not Collision with Motor Vehicle in Transport,no,no,no,no,no,False
100753729,GOODLETTSVILLE POLICE DEPT,15-07926,Davidson,Goodlettsville,2/26/2015 11:28:00 PM,1,0,0,36.298570,-86.713040,I 65,,,,0.00,,,,,,,95.00,N,Not at Intersection,N,Non-Junction,Construction Zone,Work On Shoulder Or Median,Activity Area,         ,Andre,Sanders,Clear,Not Collision with Motor Vehicle in Transport,no,no,no,no,no,False
100753734,METROPOLITAN NASHVILLE POLICE DEPT,20150191779,Davidson,Nashville,2/26/2015 12:45:00 AM,2,0,0,36.089530,-86.633860,VILLAGE GREEN DR,,,,0.00,,,NASHBORO BLVD,,,,0.00,Y,OTHER, ,Non-Junction,None,,,         ,Charles,Shaw,Clear,Angle,no,no,no,yes,yes,False
100753737,METROPOLITAN NASHVILLE POLICE DEPT,20150194680,Davidson,Nashville,2/26/2015 11:00:00 PM,2,0,0,36.152330,-86.771570,4TH AVE S,,,,0.00,,,ASH ST,,,,0.00,Y,Four-Way,N,Non-Junction,None,,,         ,James,Jensen,Clear,"Sideswipe, Same Direction",no,no,no,no,yes,False
100753739,METROPOLITAN NASHVILLE POLICE DEPT,20150191717,Davidson,Nashville,2/26/2015 5:18:00 AM,1,0,0,36.148300,-86.866400,US HWY 70,,,,0.00,,,,,,,0.00,,Not at Intersection, ,Non-Junction,None,,,         ,Michael,Brickman,Other,Not Collision with Motor Vehicle in Transport,no,no,no,yes,no,False
100753750,METROPOLITAN NASHVILLE POLICE DEPT,20150195500,Davidson,Nashville,2/27/2015 3:48:00 AM,1,0,0,36.109600,-86.715540,RAMP,,,,0.00,,,AVERITT EXPRESS DR,,,,0.00,Y,Y-Intersection,N,Entrance/Exit Ramp Related,None,,,         ,James,Jensen,Clear,Not Collision with Motor Vehicle in Transport,no,no,no,no,no,False
100753764,METROPOLITAN NASHVILLE POLICE DEPT,2015-0191927,Davidson,Nashville,2/26/2015 7:23:00 AM,1,0,0,36.161450,-86.619850,I 40,,,,0.00,,,,,,,219.65,N,Not at Intersection,N,Non-Junction,None,,,         ,Jeb,Johnston,Clear,Not Collision with Motor Vehicle in Transport,no,no,no,no,no,False
100753771,METROPOLITAN NASHVILLE POLICE DEPT,20150193000,Davidson,Nashville,2/26/2015 1:53:00 PM,2,0,0,36.063590,-86.813520,GRANNY WHITE PIKE,,,,79.00,Feet,South,ROBERT E LEE DR,,,,0.00,N,Not at Intersection,N,Non-Junction,None,,,         ,Arthur,Hummell,Cloudy,Front to Rear,no,no,no,no,no,False
100753779,BERRY HILL POLICE DEPT,15-0785,Davidson,Berry Hill,2/26/2015 3:57:00 PM,1,0,0,36.120870,-86.775320,US HWY 31,,,,180.00,Feet,South,KIRKWOOD AVE,,,,0.00,N,Not at Intersection,N,Non-Junction,None,,,         ,John,Gleixner,Cloudy,Not Collision with Motor Vehicle in Transport,no,no,no,yes,yes,False
100753782,METROPOLITAN NASHVILLE POLICE DEPT,2015-0195847,Davidson,Nashville,2/27/2015 7:22:00 AM,2,1,0,36.053060,-86.896080,STATE HWY 254,,,,832.00,Feet,East,VAUGHN RD,,,,0.00,N,Not at Intersection,N,Non-Junction,None,,,         ,Curtis,Rich,Clear,Front to Rear,no,no,no,no,no,False