master_record_number,agency,agency_tracking_number,county,city,collision_date,vehicles_involved,number_injured,number_dead,latitude,longitude,roadway_name,roadway_suffix,roadway_number,roadway_local_id,distance_from_reference,miles-feet_indicator,direction_from_reference,intersection_road_name,intersection_road_name_suffix,intersection_road_number,intersection_local_id,mile_marker,intersection_indicator,intersect_type,interchange_related_indicator,relation_to_junction,work_zone_type,construction_maintenance_zone,construction_maintenance_zone_location,fatal_case_number,officer_first_name,officer_last_name,weather_condition(s),manner_of_crash,pedestrian,bicycle,scooter,parking,hitrun,mou
100756071,METROPOLITAN NASHVILLE POLICE DEPT,20150210686,Davidson,Nashville,3/3/2015 7:01:00 PM,2,0,0,36.167610,-86.795830,I 40,,,,0.00,,,,,,,208.20,N,Not at Intersection,N,Non-Junction,None,,,         ,Seth,Oden,Rain,Front to Rear,no,no,no,no,no,False
100756076,METROPOLITAN NASHVILLE POLICE DEPT,20150210389,Davidson,Nashville,3/3/2015 5:01:00 PM,2,0,0,36.174140,-86.765770,US HWY 31W,,,,285.00,Feet,South,-- UNKNOWN RAMP/ROAD --,,,,0.00,N,Not at Intersection, ,Entrance/Exit Ramp Related,None,,,         ,Robert,Croteau,Rain,Front to Rear,no,no,no,no,no,False
100756080,METROPOLITAN NASHVILLE POLICE DEPT,20150210248,Davidson,Nashville,3/3/2015 4:45:00 PM,2,0,0,36.204140,-86.776520,I 65,,,,0.00,,,,,,,87.15,N,Not at Intersection, ,Non-Junction,Construction Zone,,,         ,Justin,Coyle,Rain,"Sideswipe, Same Direction",no,no,no,no,no,False
100756081,METROPOLITAN NASHVILLE POLICE DEPT,20150210570,Davidson,Nashville,3/3/2015 6:00:00 PM,2,0,0,36.203370,-86.776600,I 65,,,,0.00,,,,,,,87.10,N,Not at Intersection,N,Entrance/Exit Ramp Related,None,,,         ,Justin,Coyle,Rain,"Sideswipe, Same Direction",no,no,no,no,yes,False
100756082,METROPOLITAN NASHVILLE POLICE DEPT,20150210639,Davidson,Nashville,3/3/2015 6:37:00 PM,2,0,0,36.200180,-86.769890,GATEWOOD AVE,,,,0.00,,,US HWY 31W,,,,0.00,Y,T-Intersection, ,Intersection-Related,None,,,         ,Justin,Coyle,Rain,Angle,no,no,no,no,yes,False
100756085,METROPOLITAN NASHVILLE POLICE DEPT,20150210653,Davidson,Nashville,3/3/2015 6:15:00 PM,2,0,0,36.201810,-86.776580,I 65,,,,0.00,,,,,,,87.00,N,Not at Intersection, ,Non-Junction,None,,,         ,Kelly,Cantrell,Rain,"Sideswipe, Same Direction",no,no,no,no,no,False
100756089,METROPOLITAN NASHVILLE POLICE DEPT,20150210791,Davidson,Nashville,3/3/2015 7:46:00 PM,2,0,0,36.211000,-86.838920,US HWY 41 ALT,,,,0.00,,,FAIRVIEW DR,,,,0.00,Y,Unknown,N,Non-Junction,None,,,         ,Michael,Brooks,Rain,"Sideswipe, Same Direction",no,no,no,yes,yes,False
100756094,METROPOLITAN NASHVILLE POLICE DEPT,20150210595,Davidson,Nashville,3/3/2015 6:06:00 PM,2,0,0,36.077010,-86.725720,EDMONDSON PIKE,,,,56.00,Feet,West,RAMP,,,,0.00,N,Not at Intersection, ,Non-Junction,None,,,         ,Jessie,Meadows,Rain,"Sideswipe, Same Direction",no,no,no,no,no,False
100756095,METROPOLITAN NASHVILLE POLICE DEPT,20150210510,Davidson,Nashville,3/3/2015 6:23:00 PM,2,0,0,36.144860,-86.711050,MASSMAN DR,,,,0.00,,,ELM HILL PIKE,,,,0.00,Y,Four-Way,N,Intersection,None,,,         ,Leslie,Hale,Rain,Angle,no,no,no,no,yes,False
100756099,METROPOLITAN NASHVILLE POLICE DEPT,20150210088,Davidson,Nashville,3/3/2015 3:28:00 PM,2,1,0,36.167260,-86.765180,I 24,,,,0.00,,,,,,,48.90,N,Not at Intersection,N,Non-Junction,None,,,         ,Clinton,Schroeder,Cloudy,"Sideswipe, Same Direction",no,no,no,no,yes,False
100756102,METROPOLITAN NASHVILLE POLICE DEPT,20150210492,Davidson,Nashville,3/3/2015 5:46:00 PM,2,0,0,36.174140,-86.765770,US HWY 31W,,,,285.00,Feet,South,-- UNKNOWN RAMP/ROAD --,,,,0.00,N,Not at Intersection, ,Entrance/Exit Ramp Related,None,,,         ,Robert,Croteau,Rain,Front to Rear,no,no,no,no,yes,False
100756103,METROPOLITAN NASHVILLE POLICE DEPT,20150210228,Davidson,Nashville,3/3/2015 3:49:00 PM,2,1,0,36.166560,-86.820440,28TH AVE N,,,,0.00,,,MEHARRY BLVD,,,,0.00,Y,T-Intersection,N,Intersection,None,,,         ,Jessie,Freeland,Rain,Angle,no,no,no,no,no,False
100756112,VANDERBILT UNIVERSITY POLICE,15-210581,Davidson,Nashville,3/3/2015 5:45:00 PM,2,0,0,36.150420,-86.798610,20TH AVE S,,,,0.00,,,TERRACE PL,,,,0.00,Y,T-Intersection,N,Non-Junction,None,,,         ,Yasemine,Lomax,Rain,"Sideswipe, Same Direction",no,no,no,no,no,Campus
100756113,METROPOLITAN NASHVILLE POLICE DEPT,20150210766,Davidson,Nashville,3/3/2015 6:10:00 PM,2,0,0,36.153380,-86.822800,I 440,,,,0.00,,,,,,,0.70,N,Not at Intersection, ,Entrance/Exit Ramp Related,None,,,         ,Brent,Hedgcoth,Cloudy,Other,no,no,no,no,no,False
100756114,METROPOLITAN NASHVILLE POLICE DEPT,20150210755,Davidson,Nashville,3/3/2015 7:30:00 PM,3,0,0,36.151890,-86.798230,US HWY 70S,,,,50.00,Feet,East,LYLE AVE,,,,0.00,N,Not at Intersection, ,"Driveway, Alley Access, etc",None,,,         ,Charles,Griffin,Rain,Angle,no,no,no,no,no,False
100756117,METROPOLITAN NASHVILLE POLICE DEPT,20150210876,Davidson,Nashville,3/3/2015 7:30:00 PM,1,0,0,36.234220,-86.812090,-- UNKNOWN RAMP/ROAD --,,,,0.00,Feet,East,STATE HWY 155,,,,0.00,N,Not at Intersection, ,Non-Junction,None,,,         ,Jerry,Pirtle,Rain,Not Collision with Motor Vehicle in Transport,no,no,no,no,no,False
100756128,METROPOLITAN NASHVILLE POLICE DEPT,20150210812,Davidson,Nashville,3/3/2015 6:19:00 PM,2,0,0,36.087090,-86.771900,US HWY 31,,,,0.00,,,RAMP,,,,0.00,Y,Four-Way, ,Intersection-Related,None,,,         ,Tien,Nguyen,Rain,Front to Rear,no,no,no,no,no,False
100756131,METROPOLITAN NASHVILLE POLICE DEPT,20150210797,Davidson,Nashville,3/3/2015 7:49:00 PM,1,1,0,36.040310,-86.782190,-- UNKNOWN RAMP/ROAD --,,,,0.00,,,I 65,,,,0.00,Y,Unknown,Y,Entrance/Exit Ramp Related,None,,,         ,Kevin,Wiles,Rain,Not Collision with Motor Vehicle in Transport,no,no,no,no,no,False
100756134,METROPOLITAN NASHVILLE POLICE DEPT,20150210950,Davidson,Nashville,3/3/2015 6:19:00 PM,2,0,0,36.158250,-86.771820,US HWY 70,,,,0.00,,,GATEWAY BLVD,,,,0.00,Y,Four-Way,N,Intersection-Related,None,,,         ,Samuel,Miller,Unknown,Front to Rear,no,no,no,no,yes,False
100756139,GOODLETTSVILLE POLICE DEPT,15-08577,Davidson,Goodlettsville,3/3/2015 8:44:00 PM,1,0,0,36.300860,-86.711080,STATE HWY 386,,,,0.00,,,I 65,,,,0.00,Y,Y-Intersection,N,Non-Junction,Construction Zone,Work On Shoulder Or Median,Unknown,         ,Ashley,Akers,Rain,Not Collision with Motor Vehicle in Transport,no,no,no,no,no,False
100756146,METROPOLITAN NASHVILLE POLICE DEPT,20150211006,Davidson,Nashville,3/3/2015 9:16:00 PM,2,0,0,36.151880,-86.805240,LOUISE AVE,,,,202.00,Feet,South,STATE ST,,,,0.00,N,Not at Intersection, ,Non-Junction,None,,,         ,Mekisha,Page,Rain,Angle,no,no,no,no,yes,False
100756152,METROPOLITAN NASHVILLE POLICE DEPT,20150211148,Davidson,Nashville,3/3/2015 9:15:00 PM,2,0,0,36.148420,-86.745490,I 40,,,,0.00,,,,,,,211.90,N,Not at Intersection,Y,Entrance/Exit Ramp Related,None,,,         ,James,Tidwell,Rain,"Sideswipe, Same Direction",no,no,no,no,yes,False
100756153,METROPOLITAN NASHVILLE POLICE DEPT,20150210104,Davidson,Nashville,3/3/2015 3:35:00 PM,2,0,0,36.191650,-86.785020,I 65,,,,0.00,,,,,,,86.00,N,Not at Intersection,N,Non-Junction,None,,,         ,Ethan,Luffman,Rain,Front to Rear,no,no,no,no,no,False
100756154,METROPOLITAN NASHVILLE POLICE DEPT,20150210374,Davidson,Nashville,3/3/2015 4:55:00 PM,2,0,0,36.191880,-86.780660,I 65,,,,0.00,,,,,,,86.30,N,Not at Intersection,N,Non-Junction,None,,,         ,Ethan,Luffman,Rain,Angle,no,no,no,no,yes,False
100756169,METROPOLITAN NASHVILLE POLICE DEPT,20150210524,Davidson,Nashville,3/3/2015 5:50:00 PM,2,0,0,36.116000,-86.781630,I 440,,,,0.00,,,,,,,4.45,N,Not at Intersection, ,Non-Junction,None,,,         ,William,Taylor,Rain,Front to Rear,no,no,no,no,no,False
100756174,METROPOLITAN NASHVILLE POLICE DEPT,20150211304,Davidson,Nashville,3/3/2015 11:05:00 PM,1,0,0,36.149730,-86.747680,I 40,,,,0.00,,,,,,,211.75,N,Not at Intersection,N,Non-Junction,None,,,         ,Evan,Hibschman,Rain,Not Collision with Motor Vehicle in Transport,no,no,no,no,no,False
100756175,METROPOLITAN NASHVILLE POLICE DEPT,20150211271,Davidson,Nashville,3/3/2015 11:05:00 PM,1,0,0,0.000000,0.000000,,,I40,,10.00,Feet,West,,,,,212.00,N,Not at Intersection,N,Non-Junction,None,,,         ,Justin,Chisholm,Rain,Not Collision with Motor Vehicle in Transport,no,no,no,no,no,False
100756177,METROPOLITAN NASHVILLE POLICE DEPT,20150211358,Davidson,Madison,3/3/2015 11:13:00 PM,2,0,0,36.256790,-86.676850,CHEYENNE BLVD,,,,353.00,Feet,South,MANZANO RD,,,,0.00,N,Not at Intersection, ,Non-Junction,None,,,         ,Jason,Sweeney,Rain,Angle,no,no,no,no,no,False
100756202,METROPOLITAN NASHVILLE POLICE DEPT,20150211264,Davidson,Nashville,3/3/2015 11:00:00 PM,2,1,0,36.045420,-86.713170,US HWY 31 ALT,,,,0.00,,,STATE HWY 254,,,,0.00,Y,Four-Way,Y,Intersection,None,,,         ,Benjamin,Hadden,Rain,Angle,no,no,no,no,no,False
100756206,METROPOLITAN NASHVILLE POLICE DEPT,20150211543,Davidson,Nashville,3/4/2015 12:50:00 AM,2,0,0,36.164490,-86.781070,5TH AVE N,,,,0.00,,,UNION ST,,,,0.00,Y,Four-Way, ,Intersection,None,,,         ,William,Thorowgood,Rain,Angle,no,no,no,no,no,False
100756213,METROPOLITAN NASHVILLE POLICE DEPT,20150211782,Davidson,Nashville,3/4/2015 2:30:00 AM,1,0,0,36.174430,-86.770980,I 24,,,,0.00,,,,,,,48.10,N,Not at Intersection,N,Non-Junction,None,,,         ,Jackson,Smythe,Rain,Not Collision with Motor Vehicle in Transport,no,no,no,no,no,False
100756227,METROPOLITAN NASHVILLE POLICE DEPT,20150211613,Davidson,Nashville,3/4/2015 1:30:00 AM,1,0,0,36.105740,-86.717960,I 24,,,,0.00,,,,,,,54.05,N,Not at Intersection,N,Non-Junction,None,,,         ,Brian,Penny,Rain,Not Collision with Motor Vehicle in Transport,no,no,no,no,no,False
100756243,METROPOLITAN NASHVILLE POLICE DEPT,20150205124,Davidson,Nashville,3/2/2015 6:48:00 AM,2,1,0,36.146650,-86.697120,AIR LANE DR,,,,634.00,Feet,West,AIR LANE DR,,,,0.00,N,Not at Intersection,N,Non-Junction,None,,,         ,Jeb,Johnston,Cloudy,HeadOn,no,no,no,no,no,False
100756250,METROPOLITAN NASHVILLE POLICE DEPT,15-0211793,Davidson,Nashville,3/4/2015 2:54:00 AM,1,1,0,36.169830,-86.587870,I 40,,,,0.00,,,,,,,221.55,N,Not at Intersection,N,Non-Junction,None,,,         ,William,Kautzman,Rain,Not Collision with Motor Vehicle in Transport,no,no,no,no,no,False
100756258,METROPOLITAN NASHVILLE POLICE DEPT,20150211927,Davidson,Nashville,3/4/2015 3:35:00 AM,1,0,0,36.179050,-86.834450,HYDES FERRY RD,,,,0.00,,,VIKING RD,,,,0.00,Y,T-Intersection,N,Non-Junction,None,,,         ,Jarret,Sonnenberg,Rain,Not Collision with Motor Vehicle in Transport,no,no,no,no,no,False
100756266,METROPOLITAN NASHVILLE POLICE DEPT,2015-0208755,Davidson,Nashville,3/3/2015 8:00:00 AM,2,0,0,36.086540,-86.691510,ANTIOCH PIKE,,,,379.00,Feet,South,STATE HWY 255,,,,0.00,N,Not at Intersection,N,"Driveway, Alley Access, etc",None,,,         ,Erik,Dabbs,Cloudy,Angle,no,no,no,no,no,False
100756279,Nashville Airport Police,2015-00404,Davidson,Nashville,3/1/2015 11:44:00 AM,1,0,0,36.109690,-86.671390,COUCHVILLE PIKE,,,,0.00,,,STATE HWY 255,,,,0.00,Y,Four-Way,N,Non-Junction,None,,,         ,Brian,Wolters,Rain,Not Collision with Motor Vehicle in Transport,no,no,no,no,no,False
100756292,METROPOLITAN NASHVILLE POLICE DEPT,20150212332,Davidson,Nashville,3/4/2015 7:04:00 AM,2,0,0,36.044580,-86.780040,-- UNKNOWN RAMP/ROAD --,,,,0.00,,,I 65,,,,0.00,Y,Y-Intersection,N,Entrance/Exit Ramp Related,None,,,         ,Nathan,Kemp,Clear,"Sideswipe, Same Direction",no,no,no,no,yes,False
100756306,METROPOLITAN NASHVILLE POLICE DEPT,20150212400,Davidson,Nashville,3/4/2015 7:40:00 AM,2,0,0,36.109160,-86.922480,STATE HWY 251,,,,254.00,Feet,South,SONYA DR,,,,0.00,N,Not at Intersection,N,Non-Junction,None,,,         ,Wesley,Tilley,Rain,Front to Rear,no,no,no,no,no,False
100756308,METROPOLITAN NASHVILLE POLICE DEPT,20150212313,Davidson,Madison,3/4/2015 6:24:00 AM,2,2,0,0.000000,0.000000,GALLATIN PIKE SOUTH,,,NEELY'S BEND,1.00,Feet,West,,,,,1.00,N,Not at Intersection,N,Non-Junction,None,,,         ,Faye,Denson,Clear,Front to Rear,no,no,no,no,no,False
100756313,METROPOLITAN NASHVILLE POLICE DEPT,20150202487,Davidson,Nashville,3/1/2015 3:38:00 AM,1,0,0,36.257220,-86.724330,NORMAN DR,,,,0.00,,,VANTREASE RD,,,,0.00,Y,T-Intersection,Y,Non-Junction,None,,,         ,Craig,Amabile,Clear,Not Collision with Motor Vehicle in Transport,no,no,no,no,yes,False
100756314,METROPOLITAN NASHVILLE POLICE DEPT,2015-0212423,Davidson,Not in City Limit,3/4/2015 8:00:00 AM,2,1,0,36.062320,-86.942740,BEECH BEND DR,,,,0.00,,,OLD HARDING PIKE,,,,0.00,Y,Four-Way,N,Intersection,None,,,         ,Curtis,Rich,Rain,Angle,no,no,no,no,no,False
100756315,METROPOLITAN NASHVILLE POLICE DEPT,2015 0212350,Davidson,Nashville,3/4/2015 7:10:00 AM,2,1,0,36.011800,-86.617770,I 24,,,,0.00,,,,,,,62.75,N,Not at Intersection,N,Non-Junction,None,,,         ,James,Grady,Rain,"Sideswipe, Same Direction",no,no,no,no,no,False
100756329,METROPOLITAN NASHVILLE POLICE DEPT,20150212449,Davidson,Nashville,3/4/2015 7:58:00 AM,2,0,0,36.149560,-86.800570,21ST AVE S,,,,41.00,Feet,North,TERRACE PL,,,,0.00,N,Not at Intersection,N,Non-Junction,None,,,         ,Phillip,Murphy,Rain,"Sideswipe, Same Direction",no,no,no,no,no,Campus
100756336,METROPOLITAN NASHVILLE POLICE DEPT,2015-0212519,Davidson,Nashville,3/4/2015 8:30:00 AM,2,1,0,36.160660,-86.786020,CHURCH ST,,,,0.00,,,10TH AVE N,,,,0.00,Y,OTHER,N,Non-Junction,None,,,         ,Charles,Coe,Rain,Front to Rear,no,no,no,no,no,False
100756345,METROPOLITAN NASHVILLE POLICE DEPT,20150212422,Davidson,Nashville,3/4/2015 7:47:00 AM,1,0,0,36.239180,-86.738720,-- UNKNOWN RAMP/ROAD --,,,,0.00,,,EXIT 15B,,,,0.00,Y,OTHER,N,Entrance/Exit Ramp Related,None,,,         ,Tyler,McDaniel,Rain,Not Collision with Motor Vehicle in Transport,no,no,no,no,no,False
100756348,METROPOLITAN NASHVILLE POLICE DEPT,20150212702,Davidson,Nashville,3/4/2015 9:18:00 AM,1,0,0,36.155000,-86.759330,US HWY 70,,,,295.00,Feet,West,DRIFTWOOD ST,,,,0.00,N,Not at Intersection,N,Non-Junction,None,,,         ,Mitchell,McClay,Rain,Not Collision with Motor Vehicle in Transport,no,no,no,no,no,False
100756349,METROPOLITAN NASHVILLE POLICE DEPT,2015-0212591,Davidson,Nashville,3/4/2015 8:49:00 AM,2,0,0,36.082300,-86.697620,I 24,,,,0.00,,,,,,,56.00,N,Not at Intersection, ,,,,,         ,Stanley,Collins,,,no,no,no,no,no,False
100756354,METROPOLITAN NASHVILLE POLICE DEPT,2015-0212361,Davidson,Nashville,3/4/2015 7:22:00 AM,1,1,0,36.118800,-86.704430,WINTHORNE DR,,,,0.00,,,GLENGARRY DR,,,,0.00,Y,Four-Way,N,Intersection,None,,,         ,William,Whitworth,Rain,Not Collision with Motor Vehicle in Transport,yes,no,no,no,no,False
100756355,METROPOLITAN NASHVILLE POLICE DEPT,2015-0212435,Davidson,Nashville,3/4/2015 7:55:00 AM,2,0,0,36.107150,-86.672470,STATE HWY 255,,,,0.00,,,RAMP,,,,0.00,Y,Four-Way, ,Intersection-Related,None,,,         ,John,Neely,Rain,Front to Rear,no,no,no,no,no,False
100756360,METROPOLITAN NASHVILLE POLICE DEPT,20150212652,Davidson,Nashville,3/4/2015 9:08:00 AM,2,0,0,36.032920,-86.772350,CHURCH ST E,,,,927.00,Feet,East,CLOVERLAND DR,,,,0.00,N,Not at Intersection, ,Non-Junction,None,,,         ,Marc,Haugen,Rain,Front to Rear,no,no,no,no,no,False
100756361,METROPOLITAN NASHVILLE POLICE DEPT,20150212629,Davidson,Nashville,3/4/2015 12:00:00 AM,2,2,0,36.139760,-86.732540,ARLINGTON AVE,,,,260.00,Feet,North,MAPLE AVE,,,,0.00,N,Not at Intersection,N,"Driveway, Alley Access, etc",None,,,         ,Johnathan,Carlisle,Rain,Angle,no,no,no,no,no,False
100756362,METROPOLITAN NASHVILLE POLICE DEPT,20150212745,Davidson,Nashville,3/4/2015 9:44:00 AM,2,0,0,36.072020,-86.769660,I 65,,,,0.00,,,,,,,77.10,N,Not at Intersection,N,Non-Junction,None,,,         ,Nathan,Kemp,Clear,Front to Rear,no,no,no,no,no,False
100756370,METROPOLITAN NASHVILLE POLICE DEPT,20150212493,Davidson,Nashville,3/4/2015 8:10:00 AM,2,1,0,36.140370,-86.887060,I 40,,,,0.00,,,,,,,202.05,N,Not at Intersection,N,Non-Junction,None,,,         ,Charles,Boles,Rain,"Sideswipe, Same Direction",no,no,no,no,yes,False
100756371,METROPOLITAN NASHVILLE POLICE DEPT,20150212568,Davidson,Nashville,3/4/2015 8:40:00 AM,2,0,0,36.255720,-86.738570,I 65,,,,0.00,,,,,,,91.65,N,Not at Intersection, ,Non-Junction,None,,,         ,William,Estes,Rain,Front to Rear,no,no,no,no,no,False
100756377,METROPOLITAN NASHVILLE POLICE DEPT,20150205985,Davidson,Nashville,3/2/2015 12:15:00 PM,2,0,0,36.151430,-86.768630,I 40,,,,0.00,,,,,,,210.50,N,Not at Intersection,N,Non-Junction,None,,,         ,Jason,Smith,Clear,Front to Rear,no,no,no,no,no,False
100756380,METROPOLITAN NASHVILLE POLICE DEPT,2015-0212818,Davidson,Nashville,3/4/2015 10:15:00 AM,2,0,0,36.171370,-86.769000,INTERSTATE DR,,,,0.00,,,US HWY 31,,,,0.00,Y,Four-Way, ,Intersection,None,,,         ,Charles,Coe,Rain,Front to Rear,no,no,no,no,no,False
100756384,METROPOLITAN NASHVILLE POLICE DEPT,2015-0212829,Davidson,Nashville,3/4/2015 10:43:00 AM,2,0,0,36.140370,-86.882220,ANNEX AVE,,,,681.00,Feet,West,US HWY 70,,,,0.00,N,Not at Intersection,N,Non-Junction,None,,,         ,Colby,Mathis,Rain,"Sideswipe, Same Direction",no,no,no,yes,yes,False
100756405,METROPOLITAN NASHVILLE POLICE DEPT,20150212859,Davidson,Nashville,3/4/2015 9:42:00 AM,2,1,0,36.144660,-86.744040,ELM HILL PIKE,,,,0.00,,,FESSLERS LN,,,,0.00,Y,Four-Way,N,Intersection-Related,None,,,         ,Wesley,Young,Rain,Front to Rear,no,no,no,no,no,False
100756409,METROPOLITAN NASHVILLE POLICE DEPT,2015-0212633,Davidson,Nashville,3/4/2015 8:30:00 AM,2,0,0,36.037730,-86.646390,I 24,,,,0.00,,,,,,,60.30,N,Not at Intersection,N,Non-Junction,None,,,         ,James,Grady,Rain,Front to Rear,no,no,no,no,yes,False
100756425,METROPOLITAN NASHVILLE POLICE DEPT,20150212421,Davidson,Nashville,3/4/2015 7:40:00 AM,2,0,0,36.158720,-86.818530,28TH AVE N,,,,0.00,,,CLIFTON AVE,,,,0.00,Y,Four-Way,N,Intersection-Related,None,,,         ,Steven,Spillers,Rain,Angle,no,no,no,no,no,False
100756438,METROPOLITAN NASHVILLE POLICE DEPT,20150212998,Davidson,Not in City Limit,3/4/2015 11:45:00 AM,2,0,0,36.264230,-86.735590,-- UNKNOWN RAMP/ROAD --,,,,0.00,,,STATE HWY 45,,,,0.00,Y,OTHER, ,Entrance/Exit Ramp Related,None,,,         ,Jeffery,Burnette,Rain,Front to Rear,no,no,no,no,no,False
100756441,METROPOLITAN NASHVILLE POLICE DEPT,20150212625,Davidson,Nashville,3/4/2015 9:01:00 AM,1,2,0,36.039690,-86.760490,STATE HWY 254,,,,192.00,Feet,West,BRENTWOOD CHASE DR,,,,0.00,N,Not at Intersection,N,Non-Junction,None,,,         ,Arthur,Hummell,Rain,Not Collision with Motor Vehicle in Transport,no,no,no,no,no,False
100756454,METROPOLITAN NASHVILLE POLICE DEPT,2015-0208896,Davidson,Nashville,3/3/2015 8:48:00 AM,2,0,0,36.159390,-86.780920,7TH AVE S,,,,0.00,,,US HWY 70,,,,0.00,Y,Four-Way, ,,None,,,         ,Allen,Bates,,,no,no,no,no,no,False
100756460,METROPOLITAN NASHVILLE POLICE DEPT,2015-0213290,Davidson,Nashville,3/4/2015 12:55:00 PM,2,0,0,36.149910,-86.858920,US HWY 70,,,,154.00,Feet,East,MIDLAND AVE,,,,0.00,N,Not at Intersection, ,Non-Junction,None,,,         ,Curtis,Rich,Smog/Smoke,Angle,no,no,no,no,no,False
100756466,METROPOLITAN NASHVILLE POLICE DEPT,20150210369,Davidson,Nashville,3/3/2015 4:08:00 PM,1,0,0,36.187310,-86.608800,ANDREW JACKSON PKWY,,,,0.00,,,,,,,0.00,,,N,Non-Junction,None,,,         ,James,DeSantis,Cloudy,Not Collision with Motor Vehicle in Transport,no,no,no,yes,yes,False
100756469,METROPOLITAN NASHVILLE POLICE DEPT,2015-0213350,Davidson,Nashville,3/4/2015 1:10:00 PM,1,0,0,36.150660,-86.859280,MIDLAND AVE,,,,0.00,,,OBRIEN AVE,,,,0.00,Y,Four-Way, ,Intersection,None,,,         ,Curtis,Rich,Rain,Not Collision with Motor Vehicle in Transport,no,no,no,no,no,False
100756474,METROPOLITAN NASHVILLE POLICE DEPT,20150213077,Davidson,Madison,3/4/2015 11:35:00 AM,2,0,0,36.263340,-86.714610,STATE HWY 45,,,,0.00,,,DOUGLAS ST,,,,0.00,Y,T-Intersection,N,Intersection,None,,,         ,William,Estes,Cloudy,Angle,no,no,no,no,yes,False
100756475,METROPOLITAN NASHVILLE POLICE DEPT,2015213116,Davidson,Madison,3/4/2015 12:05:00 PM,2,0,0,36.269230,-86.755700,STATE HWY 45,,,,0.00,,,US HWY 31W,,,,0.00,Y,Four-Way, ,Intersection,None,,,         ,Charles,Holmes,Rain,"Sideswipe, Opposite Direction",no,no,no,no,yes,False
100756477,METROPOLITAN NASHVILLE POLICE DEPT,20150213315,Davidson,Nashville,3/4/2015 1:06:00 PM,1,0,0,36.233770,-86.728950,JOYCE LN,,,,0.00,,,GRINSTEAD PL,,,,0.00,Y,OTHER, ,"Driveway, Alley Access, etc",None,,,         ,Tyler,McDaniel,Rain,Not Collision with Motor Vehicle in Transport,no,no,no,no,no,False
100756480,METROPOLITAN NASHVILLE POLICE DEPT,20150213334,Davidson,Nashville,3/4/2015 1:11:00 PM,1,0,0,36.222850,-86.774540,I 65,,,,0.00,,,,,,,88.50,N,Not at Intersection,N,Non-Junction,Construction Zone,Lane Shift-Crossover,Activity Area,         ,Michael,McCord,Rain,Not Collision with Motor Vehicle in Transport,no,no,no,no,no,False
100756490,METROPOLITAN NASHVILLE POLICE DEPT,2015-0210592,Davidson,Nashville,3/3/2015 6:13:00 PM,2,0,0,36.134290,-86.774740,WEDGEWOOD AVE,,,,0.00,,,RAMP,,,,0.00,Y,OTHER, ,Entrance/Exit Ramp Related,None,,,         ,Clyde,Stambaugh,Clear,Front to Rear,no,no,no,no,no,False
100756492,METROPOLITAN NASHVILLE POLICE DEPT,2015-0213195,Davidson,Nashville,3/4/2015 12:14:00 PM,4,0,0,36.109420,-86.835160,ABBOTT MARTIN RD,,,,665.00,Feet,East,ESTES RD,,,,0.00,N,Not at Intersection,N,Non-Junction,None,,,         ,Walter,Gray II,Rain,Other,no,no,no,no,no,False
100756505,METROPOLITAN NASHVILLE POLICE DEPT,20150201506,Davidson,Nashville,2/28/2015 8:10:00 PM,2,0,0,36.201310,-86.694090,OPRY MILLS DR,,,,0.00,,,,,,,0.00,,Not at Intersection,N,Non-Junction,None,,,         ,Brad,Burns,Cloudy,Front to Rear,no,no,no,yes,yes,False
100756514,METROPOLITAN NASHVILLE POLICE DEPT,2015-0210481,Davidson,Nashville,3/3/2015 4:57:00 PM,2,0,0,36.184300,-86.636040,JACKSON DOWNS BLVD,,,,219.00,Feet,South,KOHLS PVT DR,,,,0.00,,Not at Intersection, ,OtherLocation,None,,,         ,Virginia,Carrigan,Rain,Angle,no,no,no,no,yes,False
100756525,METROPOLITAN NASHVILLE POLICE DEPT,2015-0213385,Davidson,Nashville,3/4/2015 1:29:00 PM,2,0,0,36.084800,-86.728130,US HWY 31 ALT,,,,0.00,,,PARAGON MILLS RD,,,,0.00,Y,T-Intersection,N,Intersection,None,,,         ,William,Whitworth,Rain,Angle,no,no,no,no,no,False
100756533,METROPOLITAN NASHVILLE POLICE DEPT,20150213550,Davidson,Nashville,3/4/2015 2:34:00 PM,2,0,0,36.127660,-86.789120,12TH AVE S,,,,0.00,,,LINDEN AVE,,,,0.00,Y,T-Intersection, ,Intersection-Related,None,,,         ,Tien,Nguyen,Rain,Angle,no,no,no,no,no,False
100756556,METROPOLITAN NASHVILLE POLICE DEPT,2015-0213531,Davidson,Nashville,3/4/2015 2:20:00 PM,2,0,0,36.086260,-86.699240,STATE HWY 255,,,,160.00,Feet,West,-- UNKNOWN RAMP/ROAD --,,,,0.00,N,Not at Intersection, ,Non-Junction,None,,,         ,Brandon,O'Guin,Rain,"Sideswipe, Same Direction",no,no,no,no,no,False
100756560,METROPOLITAN NASHVILLE POLICE DEPT,20150213553,Davidson,Nashville,3/4/2015 2:42:00 PM,2,0,0,36.074470,-86.638610,US HWY 41,,,,0.00,Feet,,RURAL HILL RD,,,,0.00,Y,Four-Way,Y,Intersection,None,,,         ,Raymond,Heymann,Rain,Front to Rear,no,no,no,no,no,False