master_record_number,agency,agency_tracking_number,county,city,collision_date,vehicles_involved,number_injured,number_dead,latitude,longitude,roadway_name,roadway_suffix,roadway_number,roadway_local_id,distance_from_reference,miles-feet_indicator,direction_from_reference,intersection_road_name,intersection_road_name_suffix,intersection_road_number,intersection_local_id,mile_marker,intersection_indicator,intersect_type,interchange_related_indicator,relation_to_junction,work_zone_type,construction_maintenance_zone,construction_maintenance_zone_location,fatal_case_number,officer_first_name,officer_last_name,weather_condition(s),manner_of_crash,pedestrian,bicycle,scooter,parking,hitrun,mou
100766880,METROPOLITAN NASHVILLE POLICE DEPT,20150215489,Davidson,Nashville,3/5/2015 3:05:00 AM,2,0,0,36.101680,-86.712600,I 24,,,,0.00,,,,,,,54.45,N,Not at Intersection,N,Non-Junction,None,,,         ,Brian,Penny,Sleet/Hail,Front to Rear,no,no,no,no,no,False
100766881,METROPOLITAN NASHVILLE POLICE DEPT,20150215582,Davidson,Nashville,3/5/2015 3:58:00 AM,1,0,0,36.143880,-86.702030,-- UNKNOWN RAMP/ROAD --,,,,0.00,,,I 40,,,,0.00,Y,Y-Intersection,N,Entrance/Exit Ramp Related,None,,,         ,Evan,Hibschman,Sleet/Hail,Not Collision with Motor Vehicle in Transport,no,no,no,no,no,False
100766886,METROPOLITAN NASHVILLE POLICE DEPT,20150215439,Davidson,Nashville,3/5/2015 2:35:00 AM,2,1,0,36.121420,-86.727060,I 24,,,,0.00,,,,,,,52.80,N,Not at Intersection,N,Non-Junction,None,,,         ,Kurt,Lewton,Sleet/Hail,Front to Rear,no,no,no,no,no,False
100766887,METROPOLITAN NASHVILLE POLICE DEPT,20150215547,Davidson,Nashville,3/5/2015 3:35:00 AM,1,0,0,36.174440,-86.766480,-- UNKNOWN RAMP/ROAD --,,,,0.00,Feet,East,US HWY 31W,,,,0.00,N,Not at Intersection,Y,Entrance/Exit Ramp Related,None,,,         ,Terrance,McBride,Sleet/Hail,Not Collision with Motor Vehicle in Transport,no,no,no,no,no,False
100766895,METROPOLITAN NASHVILLE POLICE DEPT,20150215542,Davidson,Nashville,3/5/2015 3:39:00 AM,2,1,0,36.106310,-86.718650,I 24,,,,0.00,,,,,,,54.00,N,Not at Intersection,N,Non-Junction,None,,,         ,Dezmond,Hughes,Sleet/Hail,Front to Rear,no,no,no,no,no,False
100766896,METROPOLITAN NASHVILLE POLICE DEPT,20150215004,Davidson,Nashville,3/4/2015 11:15:00 PM,1,0,0,36.210230,-86.849420,W HAMILTON RD,,,,436.00,Feet,South,DRAKES BRANCH RD,,,,0.00,N,Not at Intersection,N,Non-Junction,None,,,         ,Garet,Davidson,Sleet/Hail,Not Collision with Motor Vehicle in Transport,no,no,no,no,no,False
100766907,METROPOLITAN NASHVILLE POLICE DEPT,20150215733,Davidson,Nashville,3/5/2015 5:31:00 AM,1,0,0,36.160000,-86.622580,I 40,,,,0.00,,,,,,,219.45,N,Not at Intersection, ,Non-Junction,None,,,         ,Curtis,Fisher,Snow,Not Collision with Motor Vehicle in Transport,no,no,no,no,no,False
100766913,METROPOLITAN NASHVILLE POLICE DEPT,20150215801,Davidson,Nashville,3/5/2015 6:21:00 AM,1,0,0,0.000000,0.000000,PORTER RD,,,,1.00,Feet,West,,,,,150.00,N,Not at Intersection, ,Non-Junction,None,,,         ,Robert,Crow,Snow,Not Collision with Motor Vehicle in Transport,no,no,no,yes,no,False
100766915,METROPOLITAN NASHVILLE POLICE DEPT,20150215585,Davidson,Nashville,3/5/2015 4:00:00 AM,2,0,0,36.061240,-86.918200,HARPETH BEND DR,,,,391.00,Feet,North,LONDON WAY,,,,0.00,N,Not at Intersection,N,Non-Junction,None,,,         ,Ericka,Bingham,Snow,"Sideswipe, Opposite Direction",no,no,no,no,yes,False
100766921,METROPOLITAN NASHVILLE POLICE DEPT,2015-0215838,Davidson,Nashville,3/5/2015 6:40:00 AM,1,0,0,36.177760,-86.615450,JAMES KAY LN,,,,390.00,Feet,East,STATE HWY 265,,,,0.00,N,Not at Intersection, ,Non-Junction,None,,,         ,Jeb,Johnston,Snow,Not Collision with Motor Vehicle in Transport,no,no,no,yes,no,False
100766947,METROPOLITAN NASHVILLE POLICE DEPT,20150215798,Davidson,Nashville,3/5/2015 6:20:00 AM,2,0,0,36.155880,-86.777280,6TH AVE S,,,,0.00,,,FRANKLIN ST,,,,0.00,Y,Four-Way, ,,None,,,         ,Ian,Herlein,,,no,no,no,no,no,False
100766948,METROPOLITAN NASHVILLE POLICE DEPT,20150215839,Davidson,Nashville,3/5/2015 6:50:00 AM,1,0,0,36.194060,-86.687440,STATE HWY 155,,,,30.00,Feet,South,EXIT 10,,,,0.00,N,Not at Intersection,N,Non-Junction,None,,,         ,Larry,Benz,Snow,Not Collision with Motor Vehicle in Transport,no,no,no,no,no,False
100766957,BERRY HILL POLICE DEPT,15-0849,Davidson,Berry Hill,3/4/2015 1:50:00 PM,3,0,0,36.112190,-86.766010,STATE HWY 155,,,,25.00,Feet,East,100 OAKS SHOPPING CTR,,,,0.00,N,Not at Intersection, ,Non-Junction,None,,,         ,Ronnie,Hill,Rain,Front to Rear,no,no,no,no,no,False
100766958,METROPOLITAN NASHVILLE POLICE DEPT,20150215878,Davidson,Nashville,3/5/2015 7:15:00 AM,1,0,0,36.168280,-86.688590,US HWY 70,,,,0.00,,,STATE HWY 155,,,,0.00,Y,Four-Way,Y,Entrance/Exit Ramp Related,None,,,         ,Daniel,Crockett,Snow,Not Collision with Motor Vehicle in Transport,no,no,no,no,no,False
100766974,METROPOLITAN NASHVILLE POLICE DEPT,2015-0215984,Davidson,Nashville,3/5/2015 8:00:00 AM,2,0,0,36.127560,-86.843870,US HWY 70S,,,,0.00,,,BOSLEY SPRINGS RD,,,,0.00,Y,Four-Way, ,,None,,,         ,Curtis,Rich,,,no,no,no,no,no,False
100766977,METROPOLITAN NASHVILLE POLICE DEPT,20150213492,Davidson,Nashville,3/4/2015 2:10:00 PM,2,0,0,36.217820,-86.745790,HART LN,,,,22.00,Feet,East,-- UNKNOWN RAMP/ROAD --,,,,0.00,N,Not at Intersection, ,Entrance/Exit Ramp Related,None,,,         ,John,Joyce,Rain,Front to Rear,no,no,no,no,no,False
100766983,METROPOLITAN NASHVILLE POLICE DEPT,20150215854,Davidson,Nashville,3/5/2015 6:47:00 AM,1,0,0,36.128210,-86.842650,US HWY 70S,,,,1062.00,Feet,West,ENSWORTH AVE,,,,0.00,N,Not at Intersection,N,"Driveway, Alley Access, etc",None,,,         ,Corteze,Armstrong,Snow,Not Collision with Motor Vehicle in Transport,no,no,no,yes,no,False
100766986,METROPOLITAN NASHVILLE POLICE DEPT,20150215953,Davidson,Nashville,3/5/2015 8:07:00 AM,2,0,0,36.168370,-86.656870,STEWARTS FERRY PIKE,,,,0.00,,,MUNN RD,,,,0.00,Y,Four-Way, ,Intersection,None,,,         ,Wesley,Young,Snow,HeadOn,no,no,no,no,no,False
100766988,METROPOLITAN NASHVILLE POLICE DEPT,2015-0215879,Davidson,Nashville,3/5/2015 7:33:00 AM,2,0,0,36.079520,-86.644600,US HWY 41,,,,0.00,,,EDGE O LAKE DR,,,,0.00,Y,Four-Way, ,Intersection,None,,,         ,William,Whitworth,Snow,Angle,no,no,no,no,no,False
100766997,METROPOLITAN NASHVILLE POLICE DEPT,20150215917,Davidson,Nashville,3/5/2015 7:45:00 AM,1,0,0,36.273110,-86.765710,LAWING DR,,,,0.00,,,GOODMORNING DR,,,,0.00,Y,T-Intersection,N,Non-Junction,None,,,         ,William,Estes,Snow,Not Collision with Motor Vehicle in Transport,no,no,no,no,no,False
100767005,METROPOLITAN NASHVILLE POLICE DEPT,2015-0216034,Davidson,Nashville,3/5/2015 9:00:00 AM,1,0,0,36.151940,-86.849220,US HWY 70,,,,202.00,Feet,East,52ND AVE N,,,,0.00,N,Not at Intersection, ,Non-Junction,None,,,         ,Curtis,Rich,Snow,Not Collision with Motor Vehicle in Transport,no,no,no,no,no,False
100767009,METROPOLITAN NASHVILLE POLICE DEPT,20150216033,Davidson,Nashville,3/5/2015 8:48:00 AM,2,1,0,36.148160,-86.805890,US HWY 70S,,,,197.00,Feet,East,24TH AVE S,,,,0.00,N,Not at Intersection,N,Non-Junction,None,,,         ,Nathan,Kemp,Snow,Not Collision with Motor Vehicle in Transport,no,no,no,no,no,Campus
100767010,METROPOLITAN NASHVILLE POLICE DEPT,2015-0215784,Davidson,Nashville,3/5/2015 6:10:00 AM,1,0,0,36.204650,-86.750860,-- UNKNOWN RAMP/ROAD --,,,,0.00,,,E TRINITY LN,,,,0.00,Y,T-Intersection,N,Intersection-Related,None,,,         ,Sheila,Nidiffer,Snow,Not Collision with Motor Vehicle in Transport,no,no,no,no,no,False
100767017,METROPOLITAN NASHVILLE POLICE DEPT,20150215958,Davidson,Nashville,3/5/2015 8:07:00 AM,1,0,0,36.103350,-86.816090,US HWY 431,,,,0.00,,,WARFIELD DR,,,,0.00,Y,T-Intersection,Y,Intersection,None,,,         ,Charles,Griffin,Snow,Not Collision with Motor Vehicle in Transport,no,no,no,no,no,False
100767030,METROPOLITAN NASHVILLE POLICE DEPT,2015-0216092,Davidson,Nashville,3/5/2015 9:19:00 AM,1,0,0,36.082680,-86.710520,TAMPA DR,,,,0.00,,,STATE HWY 255,,,,0.00,Y,Four-Way, ,Intersection,None,,,         ,William,Whitworth,Snow,Not Collision with Motor Vehicle in Transport,no,no,no,no,no,False
100767031,METROPOLITAN NASHVILLE POLICE DEPT,20150216043,Davidson,Not in City Limit,3/5/2015 8:56:00 AM,1,0,0,36.352100,-86.879580,US HWY 431,,,,117.00,Feet,South,BAXTER RD,,,,0.00,N,Not at Intersection, ,,None,,,         ,Timothy,Morgan,,,no,no,no,no,no,False
100767055,METROPOLITAN NASHVILLE POLICE DEPT,20150216214,Davidson,Not in City Limit,3/5/2015 10:23:00 AM,1,0,0,36.032450,-86.989940,STATE HWY 100,,,,550.00,Feet,East,OLD HARDING PIKE,,,,0.00,N,Not at Intersection,N,Non-Junction,None,,,         ,Jack,Crouch,Snow,Not Collision with Motor Vehicle in Transport,no,no,no,no,no,False
100767056,METROPOLITAN NASHVILLE POLICE DEPT,20150216268,Davidson,Nashville,3/5/2015 10:49:00 AM,2,1,0,36.039860,-86.781030,RAMP,,,,0.00,,,I 65,,,,0.00,Y,Y-Intersection,N,Non-Junction,None,,,         ,Arthur,Hummell,Cloudy,Front to Rear,no,no,no,no,no,False
100767065,METROPOLITAN NASHVILLE POLICE DEPT,20150216205,Davidson,Nashville,3/5/2015 10:18:00 AM,1,0,0,36.172720,-86.768820,EXIT 48,,,,0.00,,,I 24,,,,0.00,Y,OTHER,Y,Entrance/Exit Ramp Related,None,,,         ,Eric,Westbrook,Snow,Not Collision with Motor Vehicle in Transport,no,no,no,no,no,False
100767071,METROPOLITAN NASHVILLE POLICE DEPT,2015-0216247,Davidson,Nashville,3/5/2015 10:30:00 AM,2,0,0,36.153710,-86.857470,STATE HWY 155,,,,77.00,Feet,South,-- UNKNOWN RAMP/ROAD --,,,,0.00,N,Not at Intersection, ,Non-Junction,None,,,         ,George,Spencer,Snow,Angle,no,no,no,no,no,False
100767074,METROPOLITAN NASHVILLE POLICE DEPT,20150216355,Davidson,Nashville,3/5/2015 11:25:00 AM,2,0,0,36.045450,-86.703600,CEDARMONT DR,,,,0.00,,,STATE HWY 254,,,,0.00,Y,Four-Way, ,Intersection,None,,,         ,Randall,Combs,Cloudy,HeadOn,no,no,no,no,no,False
100767076,METROPOLITAN NASHVILLE POLICE DEPT,2015-0216340,Davidson,Nashville,3/5/2015 11:20:00 AM,2,0,0,36.150290,-86.857890,STATE HWY 155,,,,50.00,Feet,North,US HWY 70,,,,0.00,N,Not at Intersection, ,Non-Junction,None,,,         ,Walter,Gray II,Snow,Front to Rear,no,no,no,no,no,False
100767077,METROPOLITAN NASHVILLE POLICE DEPT,20150216222,Davidson,Nashville,3/5/2015 12:00:00 AM,3,0,0,36.146410,-86.755220,US HWY 41,,,,434.00,Feet,West,EXPRESSWAY PARK DR,,,,0.00,N,Not at Intersection, ,Non-Junction,None,,,         ,John,Wheeler,Snow,Not Collision with Motor Vehicle in Transport,no,no,no,no,yes,False
100767078,METROPOLITAN NASHVILLE POLICE DEPT,2015-0216396,Davidson,Nashville,3/5/2015 12:00:00 PM,2,0,0,36.143090,-86.883110,I 40,,,,0.00,,,,,,,202.35,N,Not at Intersection, ,Non-Junction,None,,,         ,Curtis,Rich,Snow,Angle,no,no,no,no,no,False
100767083,METROPOLITAN NASHVILLE POLICE DEPT,2015-0216217,Davidson,Nashville,3/5/2015 10:15:00 AM,2,0,0,36.125580,-86.742360,FOSTER AVE,,,,84.00,Feet,North,GLENROSE AVE,,,,0.00,N,Not at Intersection, ,Non-Junction,None,,,         ,Brandon,O'Guin,Snow,HeadOn,no,no,no,no,no,False
100767084,METROPOLITAN NASHVILLE POLICE DEPT,2015-0216372,Davidson,Nashville,3/5/2015 11:41:00 AM,1,3,0,36.226690,-86.809330,US HWY 431,,,,1229.00,Feet,North,RAMP,,,,0.00,N,Not at Intersection,N,Non-Junction,None,,,         ,William,Caillouette,Snow,Not Collision with Motor Vehicle in Transport,no,no,no,no,no,False
100767094,METROPOLITAN NASHVILLE POLICE DEPT,20150216443,Davidson,Nashville,3/5/2015 12:16:00 PM,3,0,0,36.223800,-86.625590,STATE HWY 45,,,,86.00,Feet,South,COMMERCE ST,,,,0.00,N,Not at Intersection,N,Non-Junction,None,,,         ,Wesley,Young,Snow,HeadOn,no,no,no,no,no,False
100767096,METROPOLITAN NASHVILLE POLICE DEPT,20150216435,Davidson,Nashville,3/5/2015 12:12:00 PM,2,0,0,36.162300,-86.814570,HERMAN ST,,,,0.00,,,25TH AVE,,,,0.00,Y,T-Intersection, ,Intersection,None,,,         ,Michael,McCord,Snow,Angle,no,no,no,no,no,False
100767106,GOODLETTSVILLE POLICE DEPT,15-08774,Davidson,Goodlettsville,3/5/2015 12:45:00 PM,2,0,0,36.307490,-86.703920,I 65,,,,0.00,,,RIVERGATE PKWY,,,,0.00,Y,T-Intersection, ,Intersection,None,,,         ,Benny,Alexander,Snow,Angle,no,no,no,no,no,False
100767107,METROPOLITAN NASHVILLE POLICE DEPT,2015-0216393,Davidson,Nashville,3/5/2015 11:50:00 AM,1,0,0,36.015700,-86.621810,I 24,,,,0.00,,,,,,,62.45,N,Not at Intersection,N,Non-Junction,None,,,         ,James,Grady,Cloudy,Not Collision with Motor Vehicle in Transport,no,no,no,no,no,False
100767118,METROPOLITAN NASHVILLE POLICE DEPT,20150216362,Davidson,Nashville,3/5/2015 11:34:00 AM,2,0,0,36.101920,-86.753260,ARMORY DR,,,,880.00,Feet,East,SIDCO DR,,,,0.00,N,Not at Intersection, ,Non-Junction,None,,,         ,Paul,Joyner,Snow,Angle,no,no,no,no,no,False
100767120,METROPOLITAN NASHVILLE POLICE DEPT,20150216488,Davidson,Nashville,3/5/2015 12:00:00 AM,2,0,0,36.076950,-86.665090,BILLINGSGATE RD,,,,0.00,,,LEADENHALL CT,,,,0.00,Y,T-Intersection, ,Intersection,None,,,         ,Bradley,Mcgrath,Snow,HeadOn,no,no,no,no,yes,False
100767124,METROPOLITAN NASHVILLE POLICE DEPT,20150216516,Davidson,Nashville,3/5/2015 12:50:00 PM,1,0,0,36.151180,-86.751080,I 40,,,,0.00,,,,,,,211.55,N,Not at Intersection, ,Non-Junction,None,,,         ,Larry,Benz,Cloudy,Not Collision with Motor Vehicle in Transport,no,no,no,no,no,False
100767128,METROPOLITAN NASHVILLE POLICE DEPT,2015-0216469,Davidson,Nashville,3/5/2015 12:30:00 PM,1,0,0,36.146340,-86.763300,CHESTNUT ST,,,,14.00,Feet,East,1ST AVE S,,,,0.00,N,Not at Intersection,N,Non-Junction,None,,,         ,Jeffrey,Nidiffer,Snow,Not Collision with Motor Vehicle in Transport,no,no,no,no,no,False
100767130,METROPOLITAN NASHVILLE POLICE DEPT,20150216489,Davidson,Nashville,3/5/2015 12:59:00 PM,2,0,0,36.173520,-86.760320,WOODLAND ST,,,,0.00,,,S 7TH ST,,,,0.00,Y,T-Intersection, ,Intersection,None,,,         ,Ian,Herlein,Snow,Angle,no,no,no,no,no,False
100767142,METROPOLITAN NASHVILLE POLICE DEPT,20150216581,Davidson,Nashville,3/5/2015 1:42:00 PM,2,0,0,36.188110,-86.778600,COWAN ST,,,,1384.00,Feet,North,COWAN CT,,,,0.00,N,Not at Intersection, ,Non-Junction,None,,,         ,Michael,Johnson,Cloudy,Front to Rear,no,no,no,no,no,False
100767144,METROPOLITAN NASHVILLE POLICE DEPT,2015-0216578,Davidson,Nashville,3/5/2015 2:00:00 PM,3,0,0,36.157830,-86.823250,I 40,,,,0.00,,,,,,,205.90,N,Not at Intersection, ,,None,,,         ,Curtis,Rich,,,no,no,no,no,no,False
100767145,METROPOLITAN NASHVILLE POLICE DEPT,2015-0215836,Davidson,Nashville,3/5/2015 6:21:00 AM,2,0,0,36.154890,-86.788270,-- UNKNOWN RAMP/ROAD --,,,,0.00,,,I 40,,,,0.00,Y,Y-Intersection, ,Entrance/Exit Ramp Related,None,,,         ,Allen,Bates,Blowing Snow,Front to Rear,no,no,no,no,no,False
100767147,METROPOLITAN NASHVILLE POLICE DEPT,20150216556,Davidson,Nashville,3/5/2015 1:20:00 PM,1,1,0,36.039630,-86.648970,I 24,,,,0.00,,,,,,,60.10,N,Not at Intersection,N,Non-Junction,None,,,         ,Brian,Birch,Snow,Not Collision with Motor Vehicle in Transport,no,no,no,no,no,False
100767162,METROPOLITAN NASHVILLE POLICE DEPT,2015-0204151,Davidson,Nashville,3/1/2015 9:33:00 PM,1,1,0,36.220480,-86.774080,I 65,,,,0.00,,,,,,,88.30,N,Not at Intersection,N,Non-Junction,Construction Zone,Unknown,Unknown,         ,Audrey,Fellingham,Rain,Not Collision with Motor Vehicle in Transport,no,no,no,no,no,False
100767163,METROPOLITAN NASHVILLE POLICE DEPT,2015-0216262,Davidson,Nashville,3/5/2015 10:46:00 AM,2,0,0,36.068580,-86.693880,APACHE TRL,,,,359.00,Feet,South,HAYWOOD LN,,,,0.00,N,Not at Intersection,N,Non-Junction,None,,,         ,William,Whitworth,Snow,Front to Rear,no,no,no,no,no,False
100767164,METROPOLITAN NASHVILLE POLICE DEPT,2015-0216324,Davidson,Nashville,3/5/2015 10:51:00 AM,2,0,0,36.068580,-86.693880,APACHE TRL,,,,359.00,Feet,South,HAYWOOD LN,,,,0.00,N,Not at Intersection,N,Non-Junction,None,,,         ,William,Whitworth,Snow,Angle,no,no,no,no,yes,False
100767165,METROPOLITAN NASHVILLE POLICE DEPT,2015-0216325,Davidson,Nashville,3/5/2015 10:54:00 AM,2,0,0,36.068580,-86.693880,APACHE TRL,,,,359.00,Feet,South,HAYWOOD LN,,,,0.00,N,Not at Intersection,N,Non-Junction,None,,,         ,William,Whitworth,Snow,Angle,no,no,no,no,no,False
100767166,METROPOLITAN NASHVILLE POLICE DEPT,2015-0216417,Davidson,Nashville,3/5/2015 10:51:00 AM,2,0,0,36.068580,-86.693880,APACHE TRL,,,,359.00,Feet,South,HAYWOOD LN,,,,0.00,N,Not at Intersection,N,Non-Junction,None,,,         ,William,Whitworth,Snow,"Sideswipe, Opposite Direction",no,no,no,no,yes,False
100767173,GOODLETTSVILLE POLICE DEPT,15-08783,Davidson,Goodlettsville,3/5/2015 2:20:00 PM,2,0,0,36.297810,-86.713540,I 65,,,,0.00,,,,,,,95.00,N,Not at Intersection,N,Non-Junction,None,,,         ,Benny,Alexander,Snow,Angle,no,no,no,no,no,False
100767174,METROPOLITAN NASHVILLE POLICE DEPT,2015-0216572,Davidson,Antioch,3/5/2015 1:30:00 PM,1,0,0,36.016560,-86.622790,I 24,,,,0.00,,,,,,,62.40,N,Not at Intersection,N,Non-Junction,None,,,         ,Brandon,O'Guin,Clear,Not Collision with Motor Vehicle in Transport,no,no,no,no,no,False
100767175,THP District 9 - Administrative,315012650,Davidson,Nashville,3/5/2015 9:15:00 AM,2,0,0,36.069460,-86.922610,STATE HWY 251,,,,0.00,,,,,,,0.00,,, ,Non-Junction,None,,,         ,Michael,Morgan,Snow,"Sideswipe, Same Direction",no,no,no,no,no,False
100767192,METROPOLITAN NASHVILLE POLICE DEPT,20150216713,Davidson,Nashville,3/5/2015 12:00:00 AM,2,0,0,36.192380,-86.741490,N 14TH ST,,,,26.00,Feet,North,DOUGLAS AVE,,,,0.00,N,Not at Intersection,N,Non-Junction,None,,,         ,Terence,Maahs,Snow,"Sideswipe, Same Direction",no,no,no,no,yes,False
100767194,METROPOLITAN NASHVILLE POLICE DEPT,20150216723,Davidson,Not in City Limit,3/5/2015 2:25:00 PM,2,0,0,36.279620,-86.708710,US HWY 31E,,,,82.00,Feet,North,MILE PKWY,,,,0.00,N,Not at Intersection, ,Non-Junction,None,,,         ,Ryan,Allen,Clear,"Sideswipe, Same Direction",no,no,no,no,no,False
100767206,METROPOLITAN NASHVILLE POLICE DEPT,2015-0216686,Davidson,Nashville,3/5/2015 2:30:00 PM,1,0,0,36.033860,-86.642080,I 24,,,,0.00,,,,,,,60.65,N,Not at Intersection,N,Non-Junction,None,,,         ,Brandon,O'Guin,Clear,Not Collision with Motor Vehicle in Transport,no,no,no,no,no,False
100767209,METROPOLITAN NASHVILLE POLICE DEPT,20150216776,Davidson,Nashville,3/5/2015 3:14:00 PM,1,0,0,36.095750,-86.707690,I 24,,,,0.00,,,,,,,54.90,N,Not at Intersection,N,Non-Junction,None,,,         ,Adam,Earle,Snow,Not Collision with Motor Vehicle in Transport,no,no,no,no,no,False
100767212,METROPOLITAN NASHVILLE POLICE DEPT,20150214876,Davidson,Nashville,3/5/2015 10:09:00 PM,2,0,0,36.152260,-86.624960,STEWARTS FERRY PIKE,,,,0.00,,,BELL RD,,,,0.00,Y,Four-Way, ,,None,,,         ,Brandon,Vance,,,no,no,no,no,no,False
100767217,METROPOLITAN NASHVILLE POLICE DEPT,20150216768,Davidson,Nashville,3/5/2015 2:27:00 PM,2,0,0,36.144690,-86.739860,I 40,,,,0.00,,,,,,,212.30,N,Not at Intersection, ,Non-Junction,None,,,         ,Leslie,Hale,Clear,Front to Rear,no,no,no,no,no,False
100767221,METROPOLITAN NASHVILLE POLICE DEPT,20150216648,Davidson,Nashville,3/5/2015 2:08:00 PM,2,0,0,36.182440,-86.608110,STATE HWY 45,,,,0.00,,,,,,,0.00,,, ,"Driveway, Alley Access, etc",None,,,         ,Shawn,Taylor,Clear,Angle,no,no,no,no,yes,False
100767223,METROPOLITAN NASHVILLE POLICE DEPT,20150216405,Davidson,Nashville,3/5/2015 11:50:00 AM,2,0,0,36.168660,-86.766210,I 24,,,,0.00,,,,,,,48.80,N,Not at Intersection,N,Non-Junction,None,,,         ,Wesley,Henderson,Cloudy,HeadOn,no,no,no,no,no,False
100767230,METROPOLITAN NASHVILLE POLICE DEPT,20150216822,Davidson,Nashville,3/5/2015 3:30:00 PM,2,0,0,36.139850,-86.726220,I 40,,,,0.00,,,,,,,213.35,N,Not at Intersection, ,Non-Junction,None,,,         ,Leslie,Hale,Clear,Front to Rear,no,no,no,no,no,False
100767234,METROPOLITAN NASHVILLE POLICE DEPT,20150216892,Davidson,Nashville,3/5/2015 3:54:00 PM,1,0,0,36.231980,-86.783710,EWING DR,,,,32.00,Feet,West,EXIT 43,,,,0.00,N,Not at Intersection,N,Non-Junction,None,,,         ,Christopher,Kelly,Clear,Not Collision with Motor Vehicle in Transport,no,no,no,no,no,False
100767241,METROPOLITAN NASHVILLE POLICE DEPT,20150216759,Davidson,Nashville,3/5/2015 3:08:00 PM,1,0,0,36.250190,-86.741410,I 65,,,,0.00,,,,,,,91.20,N,Not at Intersection,N,Non-Junction,None,,,         ,Samuel,Miller,Clear,Not Collision with Motor Vehicle in Transport,no,no,no,no,no,False
100767244,METROPOLITAN NASHVILLE POLICE DEPT,20150216896,Davidson,Nashville,3/5/2015 3:30:00 PM,1,0,0,36.121750,-86.807300,US HWY 431,,,,0.00,,,US HWY 431,,,,0.00,Y,OTHER, ,Non-Junction,None,,,         ,Brent,Hedgcoth,Clear,Not Collision with Motor Vehicle in Transport,no,no,no,no,no,False
100767248,METROPOLITAN NASHVILLE POLICE DEPT,20150216820,Davidson,Nashville,3/5/2015 3:29:00 PM,1,0,0,36.040710,-86.782330,I 65,,,,0.00,,,,,,,74.70,N,Not at Intersection,N,Non-Junction,None,,,         ,Nicholas,Smith,Snow,Not Collision with Motor Vehicle in Transport,no,no,no,no,no,False
100767249,METROPOLITAN NASHVILLE POLICE DEPT,20150216786,Davidson,Nashville,3/3/2015 3:19:00 PM,1,0,0,36.152920,-86.633990,I 40,,,,0.00,,,,,,,218.65,N,Not at Intersection, ,Non-Junction,None,,,         ,Michael,Apsey,Clear,Not Collision with Motor Vehicle in Transport,no,no,no,no,no,False
100767250,METROPOLITAN NASHVILLE POLICE DEPT,20150216897,Davidson,Not in City Limit,3/5/2015 3:58:00 PM,2,0,0,36.056660,-86.946700,OLD HARDING PIKE,,,,333.00,Feet,South,LEBLANC CT,,,,0.00,N,Not at Intersection, ,,None,,,         ,Brandon,Pedigo,,,no,no,no,no,no,False
100767259,METROPOLITAN NASHVILLE POLICE DEPT,20150217034,Davidson,Nashville,3/5/2015 4:59:00 PM,1,0,0,36.248800,-86.742120,I 65,,,,0.00,,,,,,,91.10,N,Not at Intersection,N,Non-Junction,None,,,         ,Samuel,Miller,Clear,Not Collision with Motor Vehicle in Transport,no,no,no,no,no,False
100767260,METROPOLITAN NASHVILLE POLICE DEPT,20150216937,Davidson,Nashville,3/5/2015 4:14:00 PM,1,1,0,36.196780,-86.687770,STATE HWY 155,,,,179.00,Feet,South,EXIT 11,,,,0.00,N,Not at Intersection,N,Non-Junction,None,,,         ,Jiyayi,Suleyman,Snow,Not Collision with Motor Vehicle in Transport,no,no,no,no,no,False
100767264,METROPOLITAN NASHVILLE POLICE DEPT,20150216856,Davidson,Nashville,3/5/2015 3:55:00 PM,1,2,0,36.144350,-86.697510,I 40,,,,0.00,,,,,,,214.85,N,Not at Intersection,N,Non-Junction,None,,,         ,Shawn,Taylor,Clear,Not Collision with Motor Vehicle in Transport,no,no,no,no,no,False
100767265,METROPOLITAN NASHVILLE POLICE DEPT,20150216964,Davidson,Nashville,3/5/2015 4:00:00 PM,1,2,0,36.175970,-86.605580,-- UNKNOWN RAMP/ROAD --,,,,0.00,Feet,East,STATE HWY 45,,,,0.00,N,Not at Intersection,N,Entrance/Exit Ramp Related,None,,,         ,Shawn,Taylor,Clear,Not Collision with Motor Vehicle in Transport,no,no,no,no,no,False
100767268,METROPOLITAN NASHVILLE POLICE DEPT,20150216989,Davidson,Nashville,3/5/2015 5:10:00 PM,1,0,0,36.169520,-86.671330,US HWY 70,,,,72.00,Feet,East,SPRING VALLEY RD,,,,0.00,N,Not at Intersection, ,Non-Junction,None,,,         ,Raymond,Heymann,Snow,Not Collision with Motor Vehicle in Transport,no,no,no,no,no,False
100767270,METROPOLITAN NASHVILLE POLICE DEPT,20150216943,Davidson,Nashville,3/5/2015 4:15:00 PM,1,0,0,36.121330,-86.727040,I 24,,,,0.00,,,,,,,52.80,N,Not at Intersection,N,Non-Junction,None,,,         ,Dale,Dameron,Clear,Not Collision with Motor Vehicle in Transport,no,no,no,no,no,False