master_record_number,agency,agency_tracking_number,county,city,collision_date,vehicles_involved,number_injured,number_dead,latitude,longitude,roadway_name,roadway_suffix,roadway_number,roadway_local_id,distance_from_reference,miles-feet_indicator,direction_from_reference,intersection_road_name,intersection_road_name_suffix,intersection_road_number,intersection_local_id,mile_marker,intersection_indicator,intersect_type,interchange_related_indicator,relation_to_junction,work_zone_type,construction_maintenance_zone,construction_maintenance_zone_location,fatal_case_number,officer_first_name,officer_last_name,weather_condition(s),manner_of_crash,pedestrian,bicycle,scooter,parking,hitrun,mou
100767272,METROPOLITAN NASHVILLE POLICE DEPT,20150217021,Davidson,Nashville,3/5/2015 4:51:00 PM,1,0,0,36.026980,-86.634710,I 24,,,,0.00,,,,,,,61.30,N,Not at Intersection,N,Non-Junction,None,,,         ,William,Durham,Clear,Not Collision with Motor Vehicle in Transport,no,no,no,no,no,False
100767274,METROPOLITAN NASHVILLE POLICE DEPT,20150216970,Davidson,Nashville,3/5/2015 4:20:00 PM,1,0,0,36.126720,-86.728320,I 24,,,,0.00,,,,,,,51.40,N,Not at Intersection,N,Non-Junction,None,,,         ,Paul,Goebel,Clear,Not Collision with Motor Vehicle in Transport,no,no,no,no,no,False
100767275,METROPOLITAN NASHVILLE POLICE DEPT,20150216996,Davidson,Not in City Limit,3/5/2015 4:34:00 PM,1,1,0,36.262330,-86.737970,I 65,,,,0.00,,,,,,,92.10,N,Not at Intersection,N,Non-Junction,None,,,         ,Ryan,Allen,Clear,Not Collision with Motor Vehicle in Transport,no,no,no,no,no,False
100767277,METROPOLITAN NASHVILLE POLICE DEPT,20150216909,Davidson,Nashville,3/5/2015 4:03:00 PM,1,0,0,36.122810,-86.805670,I 440,,,,0.00,,,,,,,2.75,N,Not at Intersection,N,Non-Junction,None,,,         ,Brenton,Adcox,Clear,Not Collision with Motor Vehicle in Transport,no,no,no,no,no,False
100767278,METROPOLITAN NASHVILLE POLICE DEPT,20150217066,Davidson,Nashville,3/5/2015 5:11:00 PM,2,0,0,36.177750,-86.645140,US HWY 70,,,,426.00,Feet,North,MEDICAL DR,,,,0.00,N,Not at Intersection, ,Non-Junction,None,,,         ,Leslie,Hale,Clear,Front to Rear,no,no,no,no,no,False
100767282,METROPOLITAN NASHVILLE POLICE DEPT,20150216973,Davidson,Not in City Limit,3/5/2015 3:00:00 PM,1,0,0,36.275180,-86.735390,I 65,,,,0.00,,,,,,,93.00,N,Not at Intersection, ,Non-Junction,None,,,         ,Rodney,Phipps,Snow,Not Collision with Motor Vehicle in Transport,no,no,no,no,no,False
100767284,METROPOLITAN NASHVILLE POLICE DEPT,20150217115,Davidson,Nashville,3/5/2015 5:29:00 PM,1,0,0,36.197290,-86.688330,-- UNKNOWN RAMP/ROAD --,,,,0.00,Feet,East,STATE HWY 155,,,,0.00,N,Not at Intersection,N,Non-Junction,None,,,         ,Jiyayi,Suleyman,Clear,Not Collision with Motor Vehicle in Transport,no,no,no,no,no,False
100767288,METROPOLITAN NASHVILLE POLICE DEPT,20150216963,Davidson,Nashville,3/5/2015 4:28:00 PM,2,2,0,36.246690,-86.743960,-- UNKNOWN RAMP/ROAD --,,,,0.00,Feet,East,I 65,,,,0.00,N,Not at Intersection,Y,Non-Junction,None,,,         ,Ryan,Sabel,Snow,Angle,no,no,no,no,no,False
100767291,METROPOLITAN NASHVILLE POLICE DEPT,20150216962,Davidson,Nashville,3/5/2015 4:20:00 PM,2,0,0,36.143200,-86.686590,I 40,,,,0.00,,,,,,,215.50,N,Not at Intersection, ,Non-Junction,None,,,         ,Michael,Apsey,Clear,Front to Rear,no,no,no,no,no,False
100767292,METROPOLITAN NASHVILLE POLICE DEPT,20150216826,Davidson,Nashville,3/5/2015 3:31:00 PM,2,0,0,36.138770,-86.888950,I 40,,,,0.00,,,,,,,201.90,N,Not at Intersection,N,Non-Junction,None,,,         ,Jeremy,Huffine,Snow,Not Collision with Motor Vehicle in Transport,no,no,no,no,no,False
100767294,METROPOLITAN NASHVILLE POLICE DEPT,20150216882,Davidson,Nashville,3/5/2015 3:42:00 PM,2,0,0,36.249070,-86.685260,NEELYS BEND RD,,,,107.00,Feet,East,HOSPITAL DR,,,,0.00,N,Not at Intersection,N,Non-Junction,None,,,         ,Carlos,Urrutia,Clear,Angle,no,no,no,no,yes,False
100767301,METROPOLITAN NASHVILLE POLICE DEPT,20150216098,Davidson,Nashville,3/5/2015 9:13:00 AM,2,0,0,36.117570,-86.769200,I 440,,,,0.00,,,,,,,5.15,N,Not at Intersection,Y,Non-Junction,None,,,         ,Sean,Pulizzano,Snow,"Sideswipe, Same Direction",no,no,no,no,no,False
100767302,METROPOLITAN NASHVILLE POLICE DEPT,20150217049,Davidson,Nashville,3/5/2015 4:55:00 PM,2,0,0,36.208770,-86.794710,US HWY 431,,,,0.00,,,FREE SILVER RD,,,,0.00,Y,T-Intersection, ,Intersection-Related,None,,,         ,Christopher,Littles,Clear,Angle,no,no,no,no,no,False
100767305,METROPOLITAN NASHVILLE POLICE DEPT,20150217091,Davidson,Nashville,3/5/2015 5:04:00 PM,1,0,0,36.141790,-86.712990,I 40,,,,0.00,,,,,,,214.00,N,Not at Intersection,N,Non-Junction,None,,,         ,Michael,Apsey,Clear,Not Collision with Motor Vehicle in Transport,no,no,no,no,no,False
100767306,METROPOLITAN NASHVILLE POLICE DEPT,20150217001,Davidson,Nashville,3/5/2015 4:05:00 PM,1,0,0,36.134470,-86.701880,GLASTONBURY RD,,,,200.00,Feet,South,SOUTHWOOD PARK PL,,,,0.00,N,Not at Intersection,N,Non-Junction,None,,,         ,Tyler,Conrads,Clear,Not Collision with Motor Vehicle in Transport,no,no,no,no,no,False
100767311,METROPOLITAN NASHVILLE POLICE DEPT,20150198388,Davidson,Nashville,2/27/2015 6:00:00 PM,2,0,0,36.160460,-86.778500,US HWY 70,,,,0.00,,,,,,,0.00,,, ,Non-Junction,None,,,         ,Benjamin,Smith,Clear,"Sideswipe, Same Direction",no,no,no,no,no,False
100767314,METROPOLITAN NASHVILLE POLICE DEPT,20150217146,Davidson,Nashville,3/5/2015 6:01:00 PM,1,0,0,36.193810,-86.623010,US HWY 70,,,,407.00,Feet,North,JUAREZ DR,,,,0.00,N,Not at Intersection, ,Non-Junction,None,,,         ,Raymond,Heymann,Snow,Not Collision with Motor Vehicle in Transport,no,no,no,no,no,False
100767315,METROPOLITAN NASHVILLE POLICE DEPT,20150217142,Davidson,Nashville,3/5/2015 5:14:00 PM,1,0,0,36.142180,-86.710610,I 40,,,,0.00,,,,,,,214.20,N,Not at Intersection, ,Non-Junction,None,,,         ,Michael,Apsey,Clear,Not Collision with Motor Vehicle in Transport,no,no,no,no,no,False
100767316,METROPOLITAN NASHVILLE POLICE DEPT,20150217133,Davidson,Nashville,3/5/2015 5:37:00 PM,2,0,0,36.217860,-86.597610,ANDREW JACKSON PKWY,,,,0.00,,,JACKSON MEADOWS DR,,,,0.00,Y,T-Intersection, ,Intersection,None,,,         ,Paul,Nies,Snow,"Sideswipe, Same Direction",no,no,no,no,no,False
100767319,METROPOLITAN NASHVILLE POLICE DEPT,20150217067,Davidson,Goodlettsville,3/5/2015 4:45:00 PM,1,0,0,36.286360,-86.727450,I 65,,,,0.00,,,,,,,93.90,N,Not at Intersection,N,Non-Junction,None,,,         ,Codey,Mullins,Clear,Unknown,no,no,no,no,yes,False
100767320,METROPOLITAN NASHVILLE POLICE DEPT,20150216765,Davidson,Nashville,3/5/2015 2:15:00 PM,2,0,0,36.071230,-86.690700,-- UNKNOWN RAMP/ROAD --,,,,0.00,Feet,East,I 24,,,,0.00,N,Not at Intersection,N,Non-Junction,None,,,         ,Jessie,Meadows,Clear,Angle,no,no,no,no,no,False
100767321,METROPOLITAN NASHVILLE POLICE DEPT,20150217122,Davidson,Nashville,3/5/2015 5:53:00 PM,1,0,0,36.045230,-86.660000,EXIT 59,,,,0.00,Feet,East,I 24,,,,0.00,N,Not at Intersection, ,Entrance/Exit Ramp Related,None,,,         ,Jessie,Meadows,Clear,Not Collision with Motor Vehicle in Transport,no,no,no,no,no,False
100767326,METROPOLITAN NASHVILLE POLICE DEPT,20150216863,Davidson,Nashville,3/5/2015 3:45:00 PM,2,0,0,36.049760,-86.775210,I 65,,,,0.00,,,,,,,75.45,N,Not at Intersection, ,Non-Junction,None,,,         ,Mekisha,Page,Snow,Angle,no,no,no,no,no,False
100767329,METROPOLITAN NASHVILLE POLICE DEPT,20150217095,Davidson,Nashville,3/5/2015 5:18:00 PM,2,0,0,36.161140,-86.620340,I 40,,,,0.00,,,,,,,219.60,N,Not at Intersection,N,Non-Junction,None,,,         ,Gerald,Bixenman,Cloudy,"Sideswipe, Same Direction",no,no,no,no,yes,False
100767334,METROPOLITAN NASHVILLE POLICE DEPT,20150217149,Davidson,Nashville,3/5/2015 5:36:00 PM,1,0,0,36.184110,-86.864810,STATE HWY 155,,,,488.00,Feet,West,EXIT 25,,,,0.00,N,Not at Intersection,N,Non-Junction,None,,,         ,Christopher,Kelly,Clear,Not Collision with Motor Vehicle in Transport,no,no,no,no,no,False
100767335,GOODLETTSVILLE POLICE DEPT,15-08799,Davidson,Goodlettsville,3/5/2015 5:38:00 PM,1,1,0,36.298940,-86.712470,I 65,,,,0.00,,,,,,,95.05,N,Not at Intersection,N,Non-Junction,None,,,         ,David,Read,Clear,Not Collision with Motor Vehicle in Transport,no,no,no,no,no,False
100767336,METROPOLITAN NASHVILLE POLICE DEPT,20150203577,Davidson,Nashville,3/1/2015 3:00:00 PM,2,0,0,36.159850,-86.779860,US HWY 70,,,,0.00,,,6TH AVE S,,,,0.00,Y,T-Intersection, ,Non-Junction,None,,,         ,Benjamin,Smith,Clear,"Sideswipe, Same Direction",no,no,no,no,no,False
100767337,METROPOLITAN NASHVILLE POLICE DEPT,20150217157,Davidson,Not in City Limit,3/5/2015 5:39:00 PM,3,0,0,36.279410,-86.708810,US HWY 31E,,,,0.00,,,MILE PKWY,,,,0.00,Y,T-Intersection, ,Intersection,None,,,         ,Ryan,Allen,Clear,Front to Rear,no,no,no,no,no,False
100767338,METROPOLITAN NASHVILLE POLICE DEPT,20150217261,Davidson,Not in City Limit,3/5/2015 6:35:00 PM,2,0,0,36.279650,-86.709510,MILE PKWY,,,,125.00,Feet,East,E CAMPBELL RD,,,,0.00,N,Not at Intersection,N,Non-Junction,None,,,         ,Ryan,Allen,Clear,Front to Rear,no,no,no,no,yes,False
100767339,METROPOLITAN NASHVILLE POLICE DEPT,20150217194,Davidson,Nashville,3/5/2015 5:29:00 PM,2,0,0,36.199740,-86.592020,CHANDLER RD,,,,0.00,,,TULIP GROVE RD,,,,0.00,Y,Four-Way, ,Intersection-Related,None,,,         ,Stephen,Soule,Clear,Front to Rear,no,no,no,no,no,False
100767342,METROPOLITAN NASHVILLE POLICE DEPT,20150217104,Davidson,Nashville,3/5/2015 5:24:00 PM,1,0,0,36.102000,-86.765010,I 65,,,,0.00,,,,,,,79.20,N,Not at Intersection, ,Non-Junction,None,,,         ,Mekisha,Page,Snow,Not Collision with Motor Vehicle in Transport,no,no,no,no,no,False
100767343,METROPOLITAN NASHVILLE POLICE DEPT,20150217171,Davidson,Nashville,3/5/2015 5:50:00 PM,1,0,0,36.207440,-86.838370,W HAMILTON AVE,,,,437.00,Feet,East,US HWY 41 ALT,,,,0.00,N,Not at Intersection,N,Non-Junction,None,,,         ,Brian,Smith,Clear,Not Collision with Motor Vehicle in Transport,no,no,no,no,no,False
100767345,METROPOLITAN NASHVILLE POLICE DEPT,20150217061,Davidson,Nashville,3/5/2015 5:08:00 PM,1,0,0,36.103550,-86.765910,I 65,,,,0.00,,,,,,,79.30,N,Not at Intersection,N,Non-Junction,None,,,         ,Brenton,Adcox,Clear,Not Collision with Motor Vehicle in Transport,no,no,no,no,no,False
100767349,METROPOLITAN NASHVILLE POLICE DEPT,20150217223,Davidson,Antioch,3/5/2015 5:52:00 PM,2,1,0,36.048780,-86.613020,US HWY 41,,,,0.00,,,MOUNTAIN SPRINGS RD,,,,0.00,Y,Four-Way,N,Non-Junction,None,,,         ,Jason,Door,Snow,Angle,no,no,no,no,no,False
100767350,METROPOLITAN NASHVILLE POLICE DEPT,20150217213,Davidson,Madison,3/5/2015 5:26:00 PM,2,0,0,36.251970,-86.717630,US HWY 31E,,,,0.00,,,E WEBSTER ST,,,,0.00,Y,Four-Way, ,Intersection,None,,,         ,Carlos,Urrutia,Clear,Angle,no,no,no,no,yes,False
100767351,METROPOLITAN NASHVILLE POLICE DEPT,20150216853,Davidson,Nashville,3/5/2015 3:41:00 PM,1,0,0,36.066120,-86.770830,I 65,,,,0.00,,,,,,,76.65,N,Not at Intersection,N,Non-Junction,None,,,         ,Austin,Kendrick,Clear,Not Collision with Motor Vehicle in Transport,no,no,no,no,no,False
100767353,METROPOLITAN NASHVILLE POLICE DEPT,2015-0217256,Davidson,Nashville,3/5/2015 6:24:00 PM,1,0,0,36.246740,-86.744400,I 65,,,,0.00,,,,,,,90.90,N,Not at Intersection, ,Non-Junction,None,,,         ,James,Caruth,Snow,Not Collision with Motor Vehicle in Transport,no,no,no,no,no,False
100767354,METROPOLITAN NASHVILLE POLICE DEPT,20150216812,Davidson,Nashville,3/5/2015 3:30:00 PM,2,1,0,36.074350,-86.681910,ANTIOCH PIKE,,,,718.00,Feet,East,RADER DR,,,,0.00,N,Not at Intersection,N,Non-Junction,None,,,         ,Jessie,Meadows,Clear,"Sideswipe, Opposite Direction",no,no,no,no,no,False
100767360,METROPOLITAN NASHVILLE POLICE DEPT,20150217300,Davidson,Nashville,3/5/2015 7:19:00 PM,2,0,0,36.167770,-86.822760,JOHN A MERRITT BLVD,,,,395.00,Feet,West,RAMP,,,,0.00,N,Not at Intersection, ,Non-Junction,None,,,         ,Ian,Lynch,Clear,Angle,no,no,no,no,no,False
100767363,METROPOLITAN NASHVILLE POLICE DEPT,20150217193,Davidson,Nashville,3/5/2015 6:06:00 PM,2,1,0,36.167900,-86.658520,US HWY 70,,,,516.00,Feet,West,DONELSONWOOD DR,,,,0.00,N,Not at Intersection,N,Non-Junction,None,,,         ,Shawn,Taylor,Clear,Angle,no,no,no,no,no,False
100767365,METROPOLITAN NASHVILLE POLICE DEPT,20150216905,Davidson,Nashville,3/5/2015 3:45:00 PM,1,0,0,36.122920,-86.806830,-- UNKNOWN RAMP/ROAD --,,,,0.00,,,I 440,,,,0.00,Y,OTHER,N,Entrance/Exit Ramp Related,None,,,         ,Torian,Cox,Snow,Not Collision with Motor Vehicle in Transport,no,no,no,no,no,False
100767367,METROPOLITAN NASHVILLE POLICE DEPT,20150217043,Davidson,Nashville,3/5/2015 5:18:00 PM,1,1,0,36.105210,-86.742290,US HWY 31 ALT,,,,0.00,,,RADNOR ST,,,,0.00,Y,Four-Way,N,Non-Junction,None,,,         ,Dale,Dameron,Clear,Not Collision with Motor Vehicle in Transport,no,no,no,no,no,False
100767370,METROPOLITAN NASHVILLE POLICE DEPT,20150217215,Davidson,Nashville,3/5/2015 6:20:00 PM,1,0,0,36.230380,-86.771300,I 65,,,,0.00,,,,,,,89.00,N,Not at Intersection, ,Non-Junction,Construction Zone,,,         ,Christopher,Kelly,Clear,Not Collision with Motor Vehicle in Transport,no,no,no,no,no,False
100767376,METROPOLITAN NASHVILLE POLICE DEPT,20150217282,Davidson,Nashville,3/5/2015 7:00:00 PM,2,0,0,36.139670,-86.729700,I 24,,,,0.00,,,,,,,51.50,N,Not at Intersection, ,Non-Junction,None,,,         ,Oscar,Gomez,Clear,"Sideswipe, Same Direction",no,no,no,no,no,False
100767384,METROPOLITAN NASHVILLE POLICE DEPT,20150217279,Davidson,Nashville,3/5/2015 7:02:00 PM,2,0,0,36.059590,-86.641000,STATE HWY 254,,,,444.00,Feet,South,HICKORY HIGHLANDS DR,,,,0.00,N,Not at Intersection,N,Non-Junction,None,,,         ,William,Durham,Clear,Front to Rear,no,no,no,yes,yes,False
100767389,METROPOLITAN NASHVILLE POLICE DEPT,20150216965,Davidson,Nashville,3/5/2015 4:24:00 PM,2,0,0,36.143960,-86.722600,SPENCE LN,,,,0.00,,,ELM HILL PIKE,,,,0.00,Y,Four-Way,N,Intersection,None,,,         ,Jared,Ester,Snow,Angle,no,no,no,no,no,False
100767393,METROPOLITAN NASHVILLE POLICE DEPT,20150217349,Davidson,Nashville,3/5/2015 7:44:00 PM,2,0,0,36.068990,-86.639720,RURAL HILL RD,,,,0.00,,,RURAL HILL RD,,,,0.00,Y,Unknown,N,Non-Junction,None,,,         ,Cory,Hale,Snow,"Sideswipe, Opposite Direction",no,no,no,no,no,False
100767396,METROPOLITAN NASHVILLE POLICE DEPT,2015-0217431,Davidson,Nashville,3/5/2015 8:36:00 PM,1,0,0,36.100830,-86.818410,OVERHILL DR,,,,100.00,Feet,East,US HWY 431,,,,0.00,N,Not at Intersection, ,,None,,,         ,Clyde,Stambaugh,,,no,no,no,no,no,False
100767397,METROPOLITAN NASHVILLE POLICE DEPT,20150215855,Davidson,Nashville,3/5/2015 12:00:00 AM,2,2,0,36.141720,-86.778650,US HWY 31,,,,0.00,,,CHESTNUT ST,,,,0.00,Y,Four-Way,N,Intersection,None,,,         ,Joseph,Cadden,Snow,Unknown,no,no,no,no,yes,False
100767403,METROPOLITAN NASHVILLE POLICE DEPT,20150217096,Davidson,Nashville,3/5/2015 5:20:00 PM,1,1,0,36.179540,-86.773310,US HWY 31W,,,,565.00,Feet,North,MERIDIAN ST,,,,0.00,N,Not at Intersection,N,Non-Junction,None,,,         ,Christopher,Augustin,Clear,Not Collision with Motor Vehicle in Transport,no,no,no,no,no,False
100767404,METROPOLITAN NASHVILLE POLICE DEPT,20150217356,Davidson,Nashville,3/5/2015 4:58:00 PM,2,0,0,36.080110,-86.714470,HUMBER DR,,,,213.00,Feet,North,WALLACE RD,,,,0.00,N,Not at Intersection,N,Non-Junction,None,,,         ,Adam,Earle,Snow,Angle,no,no,no,yes,yes,False
100767405,METROPOLITAN NASHVILLE POLICE DEPT,20150217478,Davidson,Nashville,3/5/2015 9:00:00 PM,1,0,0,36.134090,-86.819740,I 440,,,,0.00,,,,,,,1.70,N,Not at Intersection,N,Entrance/Exit Ramp Related,None,,,         ,Brent,Hedgcoth,Clear,Not Collision with Motor Vehicle in Transport,no,no,no,no,no,False
100767406,METROPOLITAN NASHVILLE POLICE DEPT,20150216794,Davidson,Nashville,3/5/2015 3:22:00 PM,2,0,0,36.239350,-86.753720,I 65,,,,0.00,,,,,,,90.20,N,Not at Intersection,N,Non-Junction,None,,,         ,Matthew,Cammarn,Clear,"Sideswipe, Opposite Direction",no,no,no,no,no,False
100767410,METROPOLITAN NASHVILLE POLICE DEPT,20150217384,Davidson,Nashville,3/5/2015 8:01:00 PM,2,0,0,36.061010,-86.632500,HAMILTON CHURCH RD,,,,797.00,Feet,South,ASHBY DR,,,,0.00,N,Not at Intersection,N,Non-Junction,None,,,         ,Jason,Door,Snow,Angle,no,no,no,no,no,False
100767429,METROPOLITAN NASHVILLE POLICE DEPT,20150217454,Davidson,Nashville,3/5/2015 7:30:00 PM,1,0,0,36.074030,-86.638200,US HWY 41,,,,198.00,Feet,South,RURAL HILL RD,,,,0.00,N,Not at Intersection,N,OtherLocation,None,,,         ,Oscar,Gomez,Clear,Not Collision with Motor Vehicle in Transport,no,no,no,yes,yes,False
100767432,METROPOLITAN NASHVILLE POLICE DEPT,20150216974,Davidson,Nashville,3/5/2015 4:30:00 PM,1,0,0,36.184680,-86.797690,I 65,,,,0.00,,,,,,,85.35,N,Not at Intersection,N,Non-Junction,None,,,         ,Ethan,Luffman,Snow,Not Collision with Motor Vehicle in Transport,no,no,no,no,no,False
100767433,METROPOLITAN NASHVILLE POLICE DEPT,20150217068,Davidson,Antioch,3/5/2015 5:11:00 PM,2,0,0,36.058560,-86.597730,HAMILTON CHURCH RD,,,,0.00,,,STATE HWY 171,,,,0.00,Y,Four-Way, ,Intersection,None,,,         ,David,Collins,Snow,Front to Rear,no,no,no,no,no,False
100767434,METROPOLITAN NASHVILLE POLICE DEPT,20150217459,Davidson,Nashville,3/5/2015 8:30:00 PM,2,0,0,36.189850,-86.687320,-- UNKNOWN RAMP/ROAD --,,,,0.00,,,RAMP,,,,0.00,Y,Four-Way,N,Intersection,None,,,         ,Brent,Palte,Snow,Front to Rear,no,no,no,no,no,False
100767435,METROPOLITAN NASHVILLE POLICE DEPT,20150217453,Davidson,Nashville,3/5/2015 7:55:00 PM,2,0,0,36.028810,-86.648930,CANE RIDGE RD,,,,0.00,,,OLD FRANKLIN RD,,,,0.00,Y,Four-Way, ,Intersection,None,,,         ,Thomas,Odom,Clear,Front to Rear,no,no,no,no,no,False
100767436,METROPOLITAN NASHVILLE POLICE DEPT,20150216795,Davidson,Nashville,3/5/2015 3:10:00 PM,2,1,0,36.200540,-86.620960,STATE HWY 45,,,,0.00,,,PLANTATION DR,,,,0.00,Y,T-Intersection,N,Intersection,None,,,         ,James,DeSantis,Snow,Angle,no,no,no,no,no,False
100767440,METROPOLITAN NASHVILLE POLICE DEPT,20150217507,Davidson,Nashville,3/5/2015 9:45:00 PM,1,0,0,36.132750,-86.726740,I 24,,,,0.00,,,,,,,52.00,N,Not at Intersection, ,Non-Junction,None,,,         ,Torrance,Bennett,Clear,Not Collision with Motor Vehicle in Transport,no,no,no,no,no,False
100767442,METROPOLITAN NASHVILLE POLICE DEPT,20150217329,Davidson,Nashville,3/5/2015 7:38:00 PM,1,1,0,36.074690,-86.692960,I 24,,,,0.00,,,,,,,56.60,N,Not at Intersection,N,Non-Junction,None,,,         ,Matthew,Johnson,Snow,Not Collision with Motor Vehicle in Transport,no,no,no,no,no,False
100767443,METROPOLITAN NASHVILLE POLICE DEPT,20150217600,Davidson,Nashville,3/5/2015 10:05:00 PM,1,2,0,36.170150,-86.598150,I 40,,,,0.00,,,,,,,221.00,N,Not at Intersection,N,Non-Junction,None,,,         ,Tyler,Conrads,Clear,Not Collision with Motor Vehicle in Transport,no,no,no,no,no,False
100767444,METROPOLITAN NASHVILLE POLICE DEPT,20150217271,Davidson,Nashville,3/5/2015 6:29:00 PM,2,0,0,36.230650,-86.607860,SHUTE LN,,,,0.00,,,BRANDYWINE POINT BLVD,,,,0.00,Y,T-Intersection,Y,Intersection,None,,,         ,Raymond,Heymann,Snow,Angle,no,no,no,no,no,False
100767454,METROPOLITAN NASHVILLE POLICE DEPT,20150216745,Davidson,Nashville,3/5/2015 2:58:00 PM,1,0,0,36.203410,-86.776840,I 65,,,,0.00,,,,,,,87.10,N,Not at Intersection,N,Non-Junction,None,,,         ,Michael,Brooks,Snow,Not Collision with Motor Vehicle in Transport,no,no,no,no,no,False
100767455,METROPOLITAN NASHVILLE POLICE DEPT,20150217162,Davidson,Nashville,3/5/2015 5:49:00 PM,1,0,0,36.232660,-86.825210,BUENA VISTA PIKE,,,,0.00,,,STATE HWY 155,,,,0.00,Y,Unknown,N,Non-Junction,None,,,         ,Michael,Brooks,Snow,Not Collision with Motor Vehicle in Transport,no,no,no,no,no,False
100767456,METROPOLITAN NASHVILLE POLICE DEPT,20150217124,Davidson,Nashville,3/5/2015 7:10:00 PM,1,0,0,36.232660,-86.825210,BUENA VISTA PIKE,,,,0.00,,,STATE HWY 155,,,,0.00,Y,Unknown, ,Non-Junction,None,,,         ,Michael,Brooks,Snow,Not Collision with Motor Vehicle in Transport,no,no,no,no,no,False
100767457,METROPOLITAN NASHVILLE POLICE DEPT,20150217359,Davidson,Nashville,3/5/2015 8:16:00 PM,2,0,0,36.213000,-86.799300,US HWY 431,,,,355.00,Feet,South,FRANCIS ST,,,,0.00,N,Not at Intersection, ,Non-Junction,None,,,         ,Michael,Brooks,Snow,HeadOn,no,no,no,no,no,False
100767458,METROPOLITAN NASHVILLE POLICE DEPT,20150217442,Davidson,Nashville,3/5/2015 8:55:00 PM,2,0,0,36.212870,-86.799180,US HWY 431,,,,270.00,Feet,North,AVALON DR,,,,0.00,N,Not at Intersection, ,,None,,,         ,Michael,Brooks,,,no,no,no,no,no,False
100767462,METROPOLITAN NASHVILLE POLICE DEPT,20150217440,Davidson,Nashville,3/5/2015 6:00:00 PM,1,2,0,36.255000,-86.715220,MADISON BLVD,,,,0.00,,,MADISON SQ,,,,0.00,Y,Four-Way,N,"Driveway, Alley Access, etc",None,,,         ,Lawrence,Lacy,Clear,Not Collision with Motor Vehicle in Transport,no,no,no,yes,no,False
100767467,METROPOLITAN NASHVILLE POLICE DEPT,20150217303,Davidson,Nashville,3/5/2015 8:52:00 PM,1,0,0,36.071740,-86.691520,EXIT 57A,,,,0.00,Feet,East,I 24,,,,0.00,N,Not at Intersection, ,Non-Junction,None,,,         ,Jared,Jenkins,Snow,Not Collision with Motor Vehicle in Transport,no,no,no,no,no,False
100767469,METROPOLITAN NASHVILLE POLICE DEPT,20150217735,Davidson,Nashville,3/5/2015 12:00:00 AM,2,0,0,36.183960,-86.814200,CLARKSVILLE PIKE,,,,0.00,,,23RD AVE N,,,,0.00,Y,Four-Way,Y,Intersection,None,,,         ,Troy,Loewen,Clear,Angle,no,no,no,no,yes,False
100767471,METROPOLITAN NASHVILLE POLICE DEPT,20150215767,Davidson,Not in City Limit,3/5/2015 6:00:00 AM,2,1,0,36.108520,-86.926650,I 40,,,,0.00,,,,,,,199.00,N,Not at Intersection,N,Non-Junction,None,,,         ,Ericka,Bingham,Snow,Front to Rear,no,no,no,no,no,False
100767473,METROPOLITAN NASHVILLE POLICE DEPT,20150217288,Davidson,Nashville,3/5/2015 7:34:00 PM,2,0,0,36.071030,-86.686290,BAKERTOWN RD,,,,86.00,Feet,East,HAYSTACK LN,,,,0.00,N,Not at Intersection, ,Non-Junction,None,,,         ,Jessie,Meadows,Clear,Front to Rear,no,no,no,no,yes,False
100767474,METROPOLITAN NASHVILLE POLICE DEPT,20150216928,Davidson,Nashville,3/5/2015 8:02:00 PM,1,0,0,36.064570,-86.684330,I 24,,,,0.00,,,,,,,57.45,N,Not at Intersection, ,Non-Junction,None,,,         ,Jessie,Meadows,Clear,Not Collision with Motor Vehicle in Transport,no,no,no,no,no,False
100767475,METROPOLITAN NASHVILLE POLICE DEPT,20150217369,Davidson,Nashville,3/5/2015 8:32:00 PM,2,3,0,36.088130,-86.701500,I 24,,,,0.00,,,,,,,55.55,N,Not at Intersection,N,Non-Junction,None,,,         ,Jessie,Meadows,Clear,Angle,no,no,no,no,no,False
100767479,METROPOLITAN NASHVILLE POLICE DEPT,20150214793,Davidson,Nashville,3/4/2015 9:40:00 PM,1,0,0,36.080440,-86.635560,WILLOWBRANCH DR,,,,466.00,Feet,West,EDGE O LAKE DR,,,,0.00,N,Not at Intersection, ,,None,,,         ,Raymond,Heymann,,,no,no,no,no,no,False
100767482,METROPOLITAN NASHVILLE POLICE DEPT,20150217672,Davidson,Madison,3/5/2015 11:13:00 PM,2,0,0,36.276660,-86.708770,PIERCE RD,,,,0.00,,,SHANNON AVE,,,,0.00,Y,T-Intersection, ,Intersection-Related,None,,,         ,Mikala,Moore,Clear,Angle,no,no,no,no,no,False
100767492,METROPOLITAN NASHVILLE POLICE DEPT,20150217754,Davidson,Nashville,3/5/2015 11:35:00 PM,1,0,0,36.160810,-86.621260,I 40,,,,0.00,,,,,,,219.55,N,Not at Intersection,N,Non-Junction,None,,,         ,Bridget,Griepentrog,Clear,Not Collision with Motor Vehicle in Transport,no,no,no,no,no,False