master_record_number,agency,agency_tracking_number,county,city,collision_date,vehicles_involved,number_injured,number_dead,latitude,longitude,roadway_name,roadway_suffix,roadway_number,roadway_local_id,distance_from_reference,miles-feet_indicator,direction_from_reference,intersection_road_name,intersection_road_name_suffix,intersection_road_number,intersection_local_id,mile_marker,intersection_indicator,intersect_type,interchange_related_indicator,relation_to_junction,work_zone_type,construction_maintenance_zone,construction_maintenance_zone_location,fatal_case_number,officer_first_name,officer_last_name,weather_condition(s),manner_of_crash,pedestrian,bicycle,scooter,parking,hitrun,mou
100767493,METROPOLITAN NASHVILLE POLICE DEPT,20150217927,Davidson,Nashville,3/6/2015 12:25:00 AM,1,0,0,36.234840,-86.743340,LEMONT DR,,,,112.00,Feet,South,MARSWEN DR,,,,0.00,N,Not at Intersection,N,OtherLocation,None,,,         ,Ashley,Arnold,Snow,Not Collision with Motor Vehicle in Transport,no,no,no,no,no,False
100767496,METROPOLITAN NASHVILLE POLICE DEPT,20150217776,Davidson,Nashville,3/5/2015 12:00:00 AM,2,0,0,36.160830,-86.793680,EXIT 209,,,,0.00,,,I 40,,,,0.00,Y,T-Intersection,Y,Entrance/Exit Ramp Related,None,,,         ,Charles,Wingo,Clear,Angle,no,no,no,no,yes,False
100767497,METROPOLITAN NASHVILLE POLICE DEPT,20150217894,Davidson,Nashville,3/6/2015 12:00:00 AM,2,1,0,36.106490,-86.673690,US HWY 41,,,,0.00,,,RAMP,,,,0.00,Y,Four-Way,N,Intersection,None,,,         ,Larry,Preuett,Clear,Front to Rear,no,no,no,no,no,False
100767498,METROPOLITAN NASHVILLE POLICE DEPT,20150217774,Davidson,Nashville,3/5/2015 11:33:00 PM,2,1,0,36.105030,-86.819000,BANDYWOOD DR,,,,156.00,Feet,East,HILLSBORO CIR,,,,0.00,N,Not at Intersection,N,OtherLocation,None,,,         ,Steven,Popp,Clear,Not Collision with Motor Vehicle in Transport,yes,no,no,yes,yes,False
100767501,METROPOLITAN NASHVILLE POLICE DEPT,20150218001,Davidson,Nashville,3/5/2015 10:52:00 PM,1,0,0,0.000000,0.000000,NEW TOWNE,RD,,,0.00,,,NEW TOWNE,RD,,,0.00,Y,T-Intersection,Y,Intersection,None,,,         ,Jarred,Frazier,Snow,Not Collision with Motor Vehicle in Transport,no,no,no,yes,yes,False
100767503,METROPOLITAN NASHVILLE POLICE DEPT,20150217924,Davidson,Nashville,3/6/2015 12:19:00 AM,1,0,0,36.160620,-86.621180,I 40,,,,0.00,,,,,,,219.55,N,Not at Intersection,N,Non-Junction,None,,,         ,Matthew,Harris,Clear,Not Collision with Motor Vehicle in Transport,no,no,no,no,no,False
100767505,METROPOLITAN NASHVILLE POLICE DEPT,20150217753,Davidson,Nashville,3/5/2015 10:55:00 PM,1,0,0,36.043800,-86.675360,BLUE HOLE RD,,,,865.00,Feet,North,HICKORY CT,,,,0.00,N,Not at Intersection, ,Non-Junction,None,,,         ,Randy,Heinze,Snow,Not Collision with Motor Vehicle in Transport,no,no,no,no,no,False
100767512,METROPOLITAN NASHVILLE POLICE DEPT,2015-0217904,Davidson,Nashville,3/6/2015 11:58:00 PM,2,0,0,36.042850,-86.654920,I 24,,,,0.00,,,,,,,59.70,N,Not at Intersection, ,Non-Junction,None,,,         ,Eric,Dandy,Snow,"Sideswipe, Same Direction",no,no,no,no,no,False
100767515,METROPOLITAN NASHVILLE POLICE DEPT,20150218093,Davidson,Nashville,3/6/2015 1:45:00 AM,1,2,0,36.160700,-86.621440,I 40,,,,0.00,,,,,,,219.55,N,Not at Intersection,N,Non-Junction,None,,,         ,Evan,Hibschman,Clear,Not Collision with Motor Vehicle in Transport,no,no,no,no,no,False
100767516,METROPOLITAN NASHVILLE POLICE DEPT,20150218036,Davidson,Nashville,3/6/2015 1:20:00 AM,1,1,0,36.160660,-86.621120,I 40,,,,0.00,,,,,,,219.55,N,Not at Intersection,N,Non-Junction,None,,,         ,Matthew,Harris,Clear,Not Collision with Motor Vehicle in Transport,no,no,no,no,no,False
100767517,METROPOLITAN NASHVILLE POLICE DEPT,20150218064,Davidson,Nashville,3/6/2015 1:20:00 AM,1,0,0,36.224810,-86.774530,I 65,,,,0.00,,,,,,,88.60,N,Not at Intersection,N,Non-Junction,Construction Zone,Work On Shoulder Or Median,Activity Area,         ,Michael,Reid,Clear,Not Collision with Motor Vehicle in Transport,no,no,no,no,no,False
100767520,METROPOLITAN NASHVILLE POLICE DEPT,20150218138,Davidson,Nashville,3/6/2015 1:00:00 AM,1,0,0,36.120680,-86.731910,GLENROSE AVE,,,,0.00,,,GLENROSE CIR,,,,0.00,Y,T-Intersection,N,Non-Junction,None,,,         ,James,Jensen,Clear,Not Collision with Motor Vehicle in Transport,no,no,no,no,no,False
100767526,METROPOLITAN NASHVILLE POLICE DEPT,20150218249,Davidson,Nashville,3/6/2015 10:45:00 PM,1,0,0,36.043610,-86.655650,EXIT 59,,,,0.00,,,I 24,,,,0.00,Y,OTHER, ,Entrance/Exit Ramp Related,None,,,         ,Noah,Melton,Clear,Not Collision with Motor Vehicle in Transport,no,no,no,no,no,False
100767527,METROPOLITAN NASHVILLE POLICE DEPT,20150215738,Davidson,Nashville,3/5/2015 12:00:00 AM,1,0,0,36.123270,-86.806960,I 440,,,,0.00,,,,,,,2.65,N,Not at Intersection,N,Non-Junction,None,,,         ,Charles,Wingo,Snow,Not Collision with Motor Vehicle in Transport,no,no,no,no,no,False
100767534,METROPOLITAN NASHVILLE POLICE DEPT,20150218101,Davidson,Nashville,3/6/2015 12:00:00 AM,1,0,0,36.062860,-86.697120,KEELEY DR,,,,0.00,,,PACKARD DR,,,,0.00,Y,Four-Way,N,Intersection-Related,None,,,         ,Randy,Heinze,Unknown,Not Collision with Motor Vehicle in Transport,no,no,no,no,yes,False
100767535,METROPOLITAN NASHVILLE POLICE DEPT,20150215786,Davidson,Nashville,3/5/2015 6:10:00 AM,2,0,0,36.136650,-86.800880,US HWY 431,,,,0.00,,,BELCOURT AVE,,,,0.00,Y,T-Intersection, ,Non-Junction,None,,,         ,Conner,Harris,Snow,Front to Rear,no,no,no,no,no,Campus
100767536,METROPOLITAN NASHVILLE POLICE DEPT,20150218254,Davidson,Nashville,3/6/2015 2:50:00 AM,1,0,0,36.118720,-86.773720,I 65,,,,0.00,,,,,,,80.40,N,Not at Intersection,N,Non-Junction,None,,,         ,Conner,Harris,Cloudy,Not Collision with Motor Vehicle in Transport,no,no,no,no,no,False
100767541,METROPOLITAN NASHVILLE POLICE DEPT,20150218466,Davidson,Nashville,3/6/2015 4:22:00 AM,2,0,0,36.133790,-86.722360,US HWY 41,,,,91.00,Feet,East,PLUS PARK BLVD,,,,0.00,N,Not at Intersection, ,Non-Junction,None,,,         ,Larry,Preuett,Clear,Front to Rear,no,no,no,no,no,False
100767544,METROPOLITAN NASHVILLE POLICE DEPT,20150218415,Davidson,Nashville,3/6/2015 3:39:00 AM,1,0,0,36.138750,-86.762420,US HWY 31 ALT,,,,0.00,,,CARNEY AVE,,,,0.00,Y,T-Intersection,N,Non-Junction,None,,,         ,Brian,Penny,Clear,Not Collision with Motor Vehicle in Transport,no,no,no,no,no,False
100767551,METROPOLITAN NASHVILLE POLICE DEPT,20150217803,Davidson,Nashville,3/5/2015 10:30:00 PM,2,0,0,36.208740,-86.794640,US HWY 431,,,,27.00,Feet,East,FREE SILVER RD,,,,0.00,N,Not at Intersection,N,Non-Junction,None,,,         ,Garet,Davidson,Snow,"Sideswipe, Opposite Direction",no,no,no,no,yes,False
100767552,METROPOLITAN NASHVILLE POLICE DEPT,20150218487,Davidson,Nashville,3/6/2015 4:24:00 AM,1,0,0,36.169560,-86.603690,EXIT 221B,,,,0.00,,,I 40,,,,0.00,Y,OTHER,N,Non-Junction,None,,,         ,Matthew,Harris,Clear,Not Collision with Motor Vehicle in Transport,no,no,no,no,no,False
100767554,METROPOLITAN NASHVILLE POLICE DEPT,20150218608,Davidson,Nashville,3/6/2015 5:25:00 AM,2,0,0,36.172670,-86.649350,US HWY 70,,,,0.00,,,DISSPAYNE DR,,,,0.00,Y,T-Intersection, ,Intersection,None,,,         ,Evan,Hibschman,Clear,Angle,no,no,no,no,no,False
100767557,METROPOLITAN NASHVILLE POLICE DEPT,20150218059,Davidson,Nashville,3/6/2015 2:00:00 AM,2,0,0,36.073830,-86.692660,I 24,,,,0.00,,,,,,,56.65,N,Not at Intersection, ,Non-Junction,None,,,         ,Randy,Heinze,Snow,Front to Rear,no,no,no,no,yes,False
100767558,METROPOLITAN NASHVILLE POLICE DEPT,20150218674,Davidson,Nashville,3/6/2015 12:00:00 AM,1,0,0,36.114070,-86.691580,US HWY 41,,,,870.00,Feet,East,PINEWAY DR,,,,0.00,N,Not at Intersection, ,Non-Junction,None,,,         ,Michael,Wilson,Sleet/Hail,Not Collision with Motor Vehicle in Transport,no,no,no,no,yes,False
100767560,METROPOLITAN NASHVILLE POLICE DEPT,20150203249,Davidson,Antioch,3/1/2015 12:00:00 AM,3,1,0,36.028110,-86.590190,US HWY 41,,,,112.00,Feet,South,LAVERGNE COUCHVILLE PIKE,,,,0.00,N,Not at Intersection,N,Non-Junction,None,,,         ,David,Simmonds,Rain,Front to Rear,no,no,no,no,no,False
100767561,METROPOLITAN NASHVILLE POLICE DEPT,20150215785,Davidson,Nashville,3/5/2015 6:10:00 AM,2,0,0,36.158080,-86.799860,US HWY 70,,,,30.00,Feet,East,18TH AVE N,,,,0.00,N,Not at Intersection, ,,,,,         ,Anthony,McClain,,,no,no,no,no,no,False
100767572,METROPOLITAN NASHVILLE POLICE DEPT,20150218766,Davidson,Nashville,3/6/2015 6:49:00 AM,1,0,0,36.045820,-86.778070,I 65,,,,0.00,,,,,,,75.15,N,Not at Intersection,N,Non-Junction,None,,,         ,Nathan,Kemp,Snow,Not Collision with Motor Vehicle in Transport,no,no,no,no,no,False
100767574,METROPOLITAN NASHVILLE POLICE DEPT,20150216605,Davidson,Nashville,3/5/2015 1:50:00 PM,1,0,0,36.182790,-86.799090,I 65,,,,0.00,,,,,,,85.20,N,Not at Intersection,N,Entrance/Exit Ramp Related,None,,,         ,Ernie,Wilson,Snow,Not Collision with Motor Vehicle in Transport,no,no,no,no,no,False
100767577,METROPOLITAN NASHVILLE POLICE DEPT,20150218787,Davidson,Nashville,3/6/2015 7:00:00 AM,2,0,0,36.212950,-86.799260,US HWY 431,,,,309.00,Feet,North,AVALON DR,,,,0.00,N,Not at Intersection, ,Non-Junction,None,,,         ,Clint,Gilleland,Snow,Front to Rear,no,no,no,no,no,False
100767580,METROPOLITAN NASHVILLE POLICE DEPT,2015-0218856,Davidson,Nashville,3/6/2015 7:50:00 AM,2,0,0,36.109010,-86.815430,GREEN HILLS VILLAGE DR,,,,176.00,Feet,North,CRESTMOOR RD,,,,0.00,N,Not at Intersection, ,Non-Junction,None,,,         ,Curtis,Rich,Clear,Angle,no,no,no,no,no,False
100767581,METROPOLITAN NASHVILLE POLICE DEPT,2015-0192265,Davidson,Nashville,2/26/2015 8:37:00 AM,1,2,0,36.065520,-86.680030,ANTIOCH PIKE,,,,0.00,,,REEVES RD,,,,0.00,Y,T-Intersection,N,Non-Junction,None,,,         ,Michael,Payne,Clear,Not Collision with Motor Vehicle in Transport,no,no,no,no,no,False
100767583,METROPOLITAN NASHVILLE POLICE DEPT,2015-0218776,Davidson,Nashville,3/6/2015 6:45:00 AM,1,0,0,36.153580,-86.785520,12TH AVE S,,,,0.00,,,LAUREL ST,,,,0.00,Y,Four-Way, ,Intersection,None,,,         ,Charles,Coe,Clear,Not Collision with Motor Vehicle in Transport,no,no,no,no,no,False
100767590,METROPOLITAN NASHVILLE POLICE DEPT,20150218849,Davidson,Nashville,3/6/2015 7:05:00 AM,1,0,0,36.169270,-86.669850,US HWY 70,,,,264.00,Feet,South,OLD LEBANON PIKE,,,,0.00,N,Not at Intersection, ,,None,,,         ,Mitchell,McClay,,,no,no,no,no,no,False
100767597,METROPOLITAN NASHVILLE POLICE DEPT,20150218876,Davidson,Nashville,3/6/2015 7:45:00 AM,2,0,0,36.045470,-86.647200,MOUNT VIEW RD,,,,0.00,,,CROSSINGS BLVD,,,,0.00,Y,Four-Way, ,Intersection,None,,,         ,Kenneth,Alexandrow,Clear,Front to Rear,no,no,no,no,no,False
100767602,METROPOLITAN NASHVILLE POLICE DEPT,2015-0218759,Davidson,Nashville,3/6/2015 6:55:00 AM,2,1,0,36.109010,-86.815430,GREEN HILLS VILLAGE DR,,,,176.00,Feet,North,CRESTMOOR RD,,,,0.00,N,Not at Intersection,N,Non-Junction,None,,,         ,Curtis,Rich,Clear,Front to Rear,no,no,no,no,no,False
100767604,METROPOLITAN NASHVILLE POLICE DEPT,2015-0218749,Davidson,Antioch,3/6/2015 5:55:00 AM,2,0,0,36.014800,-86.608240,HEIL QUAKER BLVD,,,,989.00,Feet,South,CORPORATE PL,,,,0.00,N,Not at Intersection, ,Non-Junction,None,,,         ,William,Whitworth,Clear,Front to Rear,no,no,no,no,no,False
100767606,METROPOLITAN NASHVILLE POLICE DEPT,20150218844,Davidson,Nashville,3/6/2015 7:30:00 AM,1,0,0,36.195040,-86.728100,CAHAL AVE,,,,216.00,Feet,West,REBECCA AVE,,,,0.00,N,Not at Intersection,N,Non-Junction,None,,,         ,Jared,Eaves,Snow,Not Collision with Motor Vehicle in Transport,no,no,no,no,no,False
100767607,METROPOLITAN NASHVILLE POLICE DEPT,20150218751,Davidson,Nashville,3/6/2015 6:23:00 AM,2,0,0,36.065140,-86.717320,US HWY 31 ALT,,,,486.00,Feet,South,RAMP,,,,0.00,N,Not at Intersection, ,Non-Junction,None,,,         ,Phillip,Murphy,Snow,"Sideswipe, Same Direction",no,no,no,no,no,False
100767610,METROPOLITAN NASHVILLE POLICE DEPT,20150218789,Davidson,Nashville,3/6/2015 7:15:00 AM,2,0,0,36.058220,-86.722560,MCMURRAY DR,,,,0.00,,,TUSCULUM RD,,,,0.00,Y,T-Intersection, ,Intersection-Related,None,,,         ,Marcus,Mitchell,Clear,Angle,no,no,no,no,yes,False
100767613,METROPOLITAN NASHVILLE POLICE DEPT,20150218723,Davidson,Nashville,3/6/2015 6:12:00 AM,2,0,0,36.148790,-86.666350,ELM HILL PIKE,,,,0.00,,,STATE HWY 255,,,,0.00,Y,Four-Way, ,,None,,,         ,Wesley,Young,,,no,no,no,no,no,False
100767620,METROPOLITAN NASHVILLE POLICE DEPT,20150218848,Davidson,Not in City Limit,3/6/2015 7:20:00 AM,2,0,0,36.210270,-86.928280,STATE HWY 12,,,,629.00,Feet,North,OLD HYDES FERRY PIKE,,,,0.00,N,Not at Intersection, ,Non-Junction,None,,,         ,Alan,Jordan,Snow,"Sideswipe, Same Direction",no,no,no,no,no,False
100767625,METROPOLITAN NASHVILLE POLICE DEPT,20150218867,Davidson,Nashville,3/6/2015 7:34:00 AM,2,0,0,36.145970,-86.666650,ROYAL PKWY,,,,0.00,,,STATE HWY 255,,,,0.00,Y,Four-Way, ,Intersection,None,,,         ,Wesley,Young,Clear,Rear to Side,no,no,no,no,no,False
100767634,METROPOLITAN NASHVILLE POLICE DEPT,20150218732,Davidson,Nashville,3/6/2015 6:25:00 AM,2,0,0,36.137000,-86.822230,EXIT 1A,,,,0.00,,,I 440,,,,0.00,Y,OTHER,N,Non-Junction,None,,,         ,Donald,Davidson,Clear,Angle,no,no,no,no,no,False
100767642,METROPOLITAN NASHVILLE POLICE DEPT,20150218800,Davidson,Nashville,3/6/2015 6:45:00 AM,2,0,0,36.109790,-86.720290,-- UNKNOWN RAMP/ROAD --,,,,0.00,,,I 24,,,,0.00,Y,T-Intersection, ,Entrance/Exit Ramp Related,None,,,         ,Christopher,Hanor,Snow,Angle,no,no,no,no,no,False
100767643,METROPOLITAN NASHVILLE POLICE DEPT,20150218988,Davidson,Nashville,3/6/2015 8:25:00 AM,2,0,0,36.109750,-86.720280,-- UNKNOWN RAMP/ROAD --,,,,0.00,,,I 24,,,,0.00,Y,T-Intersection, ,Intersection,None,,,         ,Christopher,Hanor,Clear,Front to Rear,no,no,no,no,no,False
100767645,METROPOLITAN NASHVILLE POLICE DEPT,20150218948,Davidson,Nashville,3/6/2015 8:20:00 AM,2,0,0,36.071770,-86.639300,RURAL HILL RD,,,,1000.00,Feet,South,US HWY 41,,,,0.00,N,Not at Intersection, ,Non-Junction,None,,,         ,Erik,Dabbs,Clear,"Sideswipe, Opposite Direction",no,no,no,no,no,False
100767650,METROPOLITAN NASHVILLE POLICE DEPT,20150218881,Davidson,Nashville,3/6/2015 6:20:00 AM,2,0,0,36.132600,-86.719460,US HWY 41,,,,75.00,Feet,West,WILHAGAN RD,,,,0.00,N,Not at Intersection,N,Non-Junction,None,,,         ,Wesley,Young,Clear,Front to Rear,no,no,no,no,no,False
100767652,METROPOLITAN NASHVILLE POLICE DEPT,2015-0218850,Davidson,Nashville,3/6/2015 7:25:00 AM,2,0,0,36.085880,-86.698750,EXIT 56,,,,0.00,,,I 24,,,,0.00,Y,Y-Intersection, ,Non-Junction,None,,,         ,Michael,Payne,Clear,Front to Rear,no,no,no,no,no,False
100767653,METROPOLITAN NASHVILLE POLICE DEPT,20150218916,Davidson,Nashville,3/6/2015 8:07:00 AM,2,0,0,36.104910,-86.742140,US HWY 31 ALT,,,,117.00,Feet,South,RADNOR ST,,,,0.00,N,Not at Intersection, ,Non-Junction,None,,,         ,Nathan,Kemp,Snow,Angle,no,no,no,no,no,False
100767654,METROPOLITAN NASHVILLE POLICE DEPT,20150205782,Davidson,Nashville,3/2/2015 10:33:00 AM,2,0,0,36.181750,-86.607320,STATE HWY 45,,,,281.00,Feet,East,ANDREW JACKSON WAY,,,,0.00,N,Not at Intersection, ,Non-Junction,None,,,         ,James,Curtis,Cloudy,"Sideswipe, Same Direction",no,no,no,no,no,False
100767657,METROPOLITAN NASHVILLE POLICE DEPT,20150218851,Davidson,Nashville,3/6/2015 7:24:00 AM,2,0,0,36.186080,-86.608050,ANDREW JACKSON WAY,,,,327.00,Feet,South,JACKSON PASS,,,,0.00,N,Not at Intersection, ,Non-Junction,Work Zone,,,         ,Ron,Longino,Clear,Other,no,no,no,no,no,False
100767660,METROPOLITAN NASHVILLE POLICE DEPT,20150209810,Davidson,Nashville,3/3/2015 1:43:00 PM,1,0,0,36.169560,-86.671570,US HWY 70,,,,0.00,,,BLUEFIELD AVE,,,,0.00,Y,T-Intersection, ,,None,,,         ,James,Curtis,,,no,no,no,no,no,False
100767662,METROPOLITAN NASHVILLE POLICE DEPT,20150218845,Davidson,Nashville,3/6/2015 7:30:00 AM,1,0,0,36.031470,-86.768500,JONES PKWY,,,,82.00,Feet,South,CONNECTING ROAD,,,,0.00,N,Not at Intersection,N,Non-Junction,None,,,         ,Paul,Joyner,Clear,Not Collision with Motor Vehicle in Transport,no,no,no,no,no,False
100767664,METROPOLITAN NASHVILLE POLICE DEPT,2015-0219038,Davidson,Nashville,3/6/2015 9:09:00 AM,2,0,0,36.093990,-86.736570,US HWY 31 ALT,,,,246.00,Feet,North,NATCHEZ CT,,,,0.00,N,Not at Intersection, ,Non-Junction,None,,,         ,Marcus,Mitchell,Clear,Rear to Side,no,no,no,no,yes,False
100767666,METROPOLITAN NASHVILLE POLICE DEPT,2015-0218995,Davidson,Nashville,3/6/2015 8:35:00 AM,2,0,0,36.156050,-86.773960,4TH AVE S,,,,0.00,,,PEABODY ST,,,,0.00,Y,Four-Way, ,Intersection-Related,None,,,         ,Charles,Coe,Clear,"Sideswipe, Same Direction",no,no,no,no,no,False
100767672,METROPOLITAN NASHVILLE POLICE DEPT,2015-0219095,Davidson,Nashville,3/6/2015 9:30:00 AM,2,0,0,36.153110,-86.877190,WESTBORO DR,,,,413.00,Feet,West,FREEDOM PL,,,,0.00,N,Not at Intersection,N,Non-Junction,None,,,         ,Curtis,Rich,Clear,"Sideswipe, Opposite Direction",no,no,no,no,no,False
100767676,METROPOLITAN NASHVILLE POLICE DEPT,20150219065,Davidson,Nashville,3/6/2015 8:39:00 AM,2,0,0,36.089690,-86.642700,LONG HUNTER CT,,,,0.00,,,NASHBORO BLVD,,,,0.00,Y,Four-Way, ,Intersection,None,,,         ,Patrick,Taylor,Clear,Front to Rear,no,no,no,no,yes,False
100767683,METROPOLITAN NASHVILLE POLICE DEPT,20150219077,Davidson,Nashville,3/6/2015 9:00:00 AM,1,0,0,36.149990,-86.675740,ROYAL PKWY,,,,46.00,Feet,East,PERIMETER PLACE DR,,,,0.00,N,Not at Intersection,N,Non-Junction,None,,,         ,Phillip,Black,Clear,Not Collision with Motor Vehicle in Transport,no,no,no,no,no,False
100767684,METROPOLITAN NASHVILLE POLICE DEPT,20150219013,Davidson,Not in City Limit,3/6/2015 8:45:00 AM,1,0,0,36.341030,-86.871660,US HWY 431,,,,1701.00,Feet,North,MORGAN RD,,,,0.00,N,Not at Intersection,N,Non-Junction,None,,,         ,Clint,Gilleland,Clear,Not Collision with Motor Vehicle in Transport,no,no,no,no,no,False
100767686,METROPOLITAN NASHVILLE POLICE DEPT,20150218884,Davidson,Nashville,3/6/2015 7:30:00 AM,2,0,0,36.062440,-86.697110,KEELEY DR,,,,154.00,Feet,South,PACKARD DR,,,,0.00,N,Not at Intersection, ,Non-Junction,None,,,         ,John,Wheeler,Snow,Front to Rear,no,no,no,no,no,False
100767691,METROPOLITAN NASHVILLE POLICE DEPT,20150208562,Davidson,Nashville,3/3/2015 6:24:00 AM,2,0,0,36.169570,-86.600890,OLD HICKORY BLVD,,,,0.00,,,E NTRANCE RAMP,,,,0.00,Y,Four-Way,N,Intersection,None,,,         ,James,Curtis,Cloudy,Angle,no,no,no,no,no,False
100767692,METROPOLITAN NASHVILLE POLICE DEPT,20150218941,Davidson,Not in City Limit,3/6/2015 8:20:00 AM,2,0,0,36.279410,-86.708810,US HWY 31E,,,,0.00,,,MILE PKWY,,,,0.00,Y,T-Intersection,N,Intersection,None,,,         ,William,Estes,Clear,Angle,no,no,no,no,no,False
100767694,METROPOLITAN NASHVILLE POLICE DEPT,20150219096,Davidson,Nashville,3/6/2015 8:25:00 AM,2,0,0,36.213480,-86.596590,TRENTON DR,,,,0.00,,,BATON ROUGE DR,,,,0.00,Y,T-Intersection,N,Intersection,None,,,         ,William,Mckay,Clear,Angle,no,no,no,no,yes,False
100767695,METROPOLITAN NASHVILLE POLICE DEPT,20150218878,Davidson,Madison,3/6/2015 8:00:00 AM,2,0,0,36.297000,-86.699560,RAMP,,,,0.00,Feet,East,RIVERGATE PKWY,,,,0.00,N,Not at Intersection, ,Non-Junction,None,,,         ,Charles,Holmes,Snow,Front to Rear,no,no,no,no,no,False
100767696,METROPOLITAN NASHVILLE POLICE DEPT,2015-0215880,Davidson,Nashville,3/5/2015 7:10:00 AM,2,0,0,36.157210,-86.774680,4TH AVE S,,,,0.00,,,GATEWAY BLVD,,,,0.00,Y,Four-Way,N,Intersection-Related,None,,,         ,Alex,Moore,Snow,Angle,no,no,no,no,no,False
100767699,METROPOLITAN NASHVILLE POLICE DEPT,20150219010,Davidson,Nashville,3/6/2015 8:53:00 AM,2,0,0,36.093880,-86.736520,US HWY 31 ALT,,,,205.00,Feet,North,NATCHEZ CT,,,,0.00,N,Not at Intersection, ,Non-Junction,None,,,         ,Charles,Griffin,Clear,"Sideswipe, Same Direction",no,no,no,no,no,False
100767700,METROPOLITAN NASHVILLE POLICE DEPT,20150218920,Davidson,Nashville,3/6/2015 8:09:00 AM,2,0,0,36.126710,-86.710990,US HWY 41,,,,0.00,,,THOMPSON PL,,,,0.00,Y,Four-Way, ,Intersection-Related,None,,,         ,Megan,Arnett,Clear,Angle,no,no,no,no,no,False
100767702,METROPOLITAN NASHVILLE POLICE DEPT,20150218980,Davidson,Nashville,3/6/2015 12:00:00 AM,2,0,0,0.000000,0.000000,LAUREL,ST,,,200.00,Feet,West,11TH,AVE,,,0.00,N,Not at Intersection,N,Non-Junction,None,,,         ,Darren,Key,Snow,Front to Rear,no,no,no,no,yes,False
100767706,METROPOLITAN NASHVILLE POLICE DEPT,20150218999,Davidson,Nashville,3/6/2015 9:00:00 AM,2,0,0,36.054970,-86.636640,ZELIDA AVE,,,,0.00,,,HAMILTON CHURCH RD,,,,0.00,Y,T-Intersection,N,Intersection-Related,None,,,         ,Kenneth,Alexandrow,Clear,Angle,no,no,no,no,yes,False
100767707,METROPOLITAN NASHVILLE POLICE DEPT,20150219114,Davidson,Nashville,3/6/2015 8:45:00 AM,1,0,0,36.054970,-86.636640,ZELIDA AVE,,,,0.00,,,HAMILTON CHURCH RD,,,,0.00,Y,T-Intersection,N,Intersection,None,,,         ,Kenneth,Alexandrow,Clear,Not Collision with Motor Vehicle in Transport,no,no,no,no,no,False
100767710,VANDERBILT UNIVERSITY POLICE,2015-0219157,Davidson,Nashville,3/6/2015 12:00:00 AM,2,0,0,36.139360,-86.808340,CHILDRENS WAY,,,,400.00,Feet,West,25TH AVE S,,,,0.00,N,Not at Intersection, ,Unknown,None,,,         ,Bridney,Jones,Snow,Unknown,no,no,no,yes,yes,Campus
100767711,METROPOLITAN NASHVILLE POLICE DEPT,2015-0216798,Davidson,Nashville,3/5/2015 3:05:00 PM,2,0,0,36.118180,-86.700030,US HWY 41,,,,0.00,,,RAMP,,,,0.00,Y,Five Point Or More, ,Intersection,None,,,         ,Ernesto,Holiday,Clear,Front to Rear,no,no,no,no,no,False
100767714,METROPOLITAN NASHVILLE POLICE DEPT,20150219049,Davidson,Nashville,3/6/2015 9:07:00 AM,2,0,0,36.113530,-86.690640,US HWY 41,,,,532.00,Feet,West,MCGAVOCK PIKE,,,,0.00,N,Not at Intersection,N,Non-Junction,None,,,         ,Cassandra,Del Bosco,Snow,Front to Rear,no,no,no,no,yes,False
100767725,METROPOLITAN NASHVILLE POLICE DEPT,20150219021,Davidson,Antioch,3/6/2015 8:44:00 AM,2,0,0,36.014160,-86.679160,BROKEN ARROW,DR,,OLD HICKORY BLVD,50.00,Feet,South,,,,,3.00,N,Not at Intersection, ,OtherLocation,None,,,         ,Julius,Gallon,Snow,"Sideswipe, Opposite Direction",no,no,no,no,no,False
100767726,METROPOLITAN NASHVILLE POLICE DEPT,20150218921,Davidson,Goodlettsville,3/6/2015 9:00:00 AM,2,0,0,36.297150,-86.699590,RAMP,,,,0.00,,,RIVERGATE PKWY,,,,0.00,Y,Four-Way,Y,Intersection-Related,None,,,         ,Jeffery,Burnette,Snow,Front to Rear,no,no,no,no,no,False
100767731,METROPOLITAN NASHVILLE POLICE DEPT,20150218991,Davidson,Nashville,3/6/2015 9:30:00 AM,2,0,0,36.077950,-86.745540,DANBY DR,,,,103.00,Feet,North,E LONGDALE DR,,,,0.00,N,Not at Intersection, ,Non-Junction,None,,,         ,Thomas,West,Snow,Angle,no,no,no,no,no,False
100767733,METROPOLITAN NASHVILLE POLICE DEPT,20150219080,Davidson,Nashville,3/6/2015 8:55:00 AM,2,1,0,36.152930,-86.634140,-- UNKNOWN RAMP/ROAD --,,,,0.00,,East,I 40,,,,0.00,N,Not at Intersection,N,Non-Junction,None,,,         ,Mitchell,McClay,Snow,"Sideswipe, Same Direction",no,no,no,no,no,False
100767742,METROPOLITAN NASHVILLE POLICE DEPT,2015019132,Davidson,Nashville,3/6/2015 10:05:00 AM,2,0,0,36.127870,-86.800750,LINDEN AVE,,,,0.00,,,20TH AVE S,,,,0.00,Y,T-Intersection, ,Non-Junction,None,,,         ,Randal,Owsley,Clear,"Sideswipe, Same Direction",no,no,no,no,no,False
100767749,METROPOLITAN NASHVILLE POLICE DEPT,20150219169,Davidson,Nashville,3/6/2015 10:17:00 AM,2,0,0,36.142250,-86.678830,I 40,,,,0.00,,,,,,,215.90,N,Not at Intersection, ,Non-Junction,None,,,         ,Wesley,Young,Clear,Front to Rear,no,no,no,no,no,False