master_record_number,agency,agency_tracking_number,county,city,collision_date,vehicles_involved,number_injured,number_dead,latitude,longitude,roadway_name,roadway_suffix,roadway_number,roadway_local_id,distance_from_reference,miles-feet_indicator,direction_from_reference,intersection_road_name,intersection_road_name_suffix,intersection_road_number,intersection_local_id,mile_marker,intersection_indicator,intersect_type,interchange_related_indicator,relation_to_junction,work_zone_type,construction_maintenance_zone,construction_maintenance_zone_location,fatal_case_number,officer_first_name,officer_last_name,weather_condition(s),manner_of_crash,pedestrian,bicycle,scooter,parking,hitrun,mou
100768112,METROPOLITAN NASHVILLE POLICE DEPT,20150220387,Davidson,Nashville,3/6/2015 4:00:00 PM,1,0,0,36.058370,-86.669100,MOUNT VIEW RD,,,,390.00,Feet,South,OTTENVILLE AVE,,,,0.00,N,Not at Intersection,N,Non-Junction,None,,,         ,Jessie,Meadows,Clear,Not Collision with Motor Vehicle in Transport,no,no,no,no,no,False
100768114,METROPOLITAN NASHVILLE POLICE DEPT,20150220922,Davidson,Nashville,3/6/2015 8:20:00 PM,2,0,0,36.073930,-86.734940,BLACKMAN RD,,,,0.00,,,OVERCREST DR,,,,0.00,Y,T-Intersection, ,Intersection,None,,,         ,Miguel,Garcia,Clear,"Sideswipe, Opposite Direction",no,no,no,no,no,False
100768120,METROPOLITAN NASHVILLE POLICE DEPT,20150220759,Davidson,Nashville,3/6/2015 7:30:00 PM,2,0,0,36.174470,-86.679010,STINSON RD,,,,0.00,,,MCGAVOCK PIKE,,,,0.00,Y,T-Intersection, ,Intersection,None,,,         ,John,Kelley,Clear,Angle,no,no,no,no,no,False
100768123,METROPOLITAN NASHVILLE POLICE DEPT,20150220887,Davidson,Nashville,3/6/2015 7:35:00 PM,2,0,0,36.130380,-86.801960,US HWY 431,,,,0.00,,,BLAIR BLVD,,,,0.00,Y,T-Intersection, ,,None,,,         ,Mekisha,Page,,,no,no,no,no,no,False
100768126,Nashville Airport Police,2015-00445,Davidson,Nashville,3/6/2015 2:08:00 PM,2,0,0,36.134140,-86.668140,TERMINAL DR,,,,0.00,,,RAMP,,,,0.00,Y,OTHER, ,Non-Junction,None,,,         ,Nathan,Holt,Clear,Front to Rear,no,no,no,no,no,False
100768147,METROPOLITAN NASHVILLE POLICE DEPT,20150221103,Davidson,Nashville,3/6/2015 9:53:00 PM,1,0,0,36.084560,-86.711280,SPARTAN DR,,,,108.00,Feet,East,TAMPA DR,,,,0.00,N,Not at Intersection, ,,,,,         ,Jessie,Meadows,,,no,no,no,no,no,False
100768152,METROPOLITAN NASHVILLE POLICE DEPT,20150220799,Davidson,Nashville,3/6/2015 7:42:00 PM,2,0,0,36.160640,-86.778540,5TH AVE N,,,,63.00,Feet,North,US HWY 70,,,,0.00,N,Not at Intersection,N,Non-Junction,None,,,         ,Caleb,Rogan,Clear,Front to Rear,no,no,no,no,yes,False
100768162,METROPOLITAN NASHVILLE POLICE DEPT,20150221155,Davidson,Nashville,3/6/2015 8:31:00 PM,2,1,0,36.155090,-86.797370,CHURCH ST,,,,42.00,Feet,East,18TH AVE N,,,,0.00,N,Not at Intersection,N,Non-Junction,None,,,         ,Eric,Burford,Clear,Front to Rear,no,no,no,no,no,False
100768173,METROPOLITAN NASHVILLE POLICE DEPT,20150212438,Davidson,Nashville,3/4/2015 7:58:00 AM,2,0,0,36.039870,-86.740970,STATE HWY 254,,,,518.00,Feet,West,HIGHLAND WAY,,,,0.00,N,Not at Intersection, ,Non-Junction,None,,,         ,Tony,Folad,Cloudy,Other,no,no,no,no,no,False
100768177,METROPOLITAN NASHVILLE POLICE DEPT,20150218659,Davidson,Nashville,3/6/2015 5:54:00 AM,2,0,0,36.139120,-86.732940,US HWY 41,,,,0.00,,,ARLINGTON AVE,,,,0.00,Y,Four-Way, ,Intersection-Related,None,,,         ,Benjamin,Cole,Clear,Front to Rear,no,no,no,no,no,False
100768183,METROPOLITAN NASHVILLE POLICE DEPT,20150220047,Davidson,Nashville,3/6/2015 4:09:00 PM,2,0,0,36.183950,-86.798090,RAMP,,,,0.00,,,I 65,,,,0.00,Y,Four-Way,Y,Intersection,None,,,         ,Michael,Brooks,Clear,"Sideswipe, Same Direction",no,no,no,no,no,False
100768184,METROPOLITAN NASHVILLE POLICE DEPT,20150220730,Davidson,Nashville,3/6/2015 7:23:00 PM,2,1,0,36.171410,-86.798940,I 40,,,,0.00,,,,,,,207.90,N,Not at Intersection,N,Non-Junction,None,,,         ,Michael,Brooks,Clear,"Sideswipe, Same Direction",no,no,no,no,yes,False
100768185,METROPOLITAN NASHVILLE POLICE DEPT,20150221226,Davidson,Nashville,3/6/2015 9:44:00 PM,2,0,0,36.208780,-86.778990,HAMPTON ST,,,,65.00,Feet,South,AVONDALE CIR,,,,0.00,N,Not at Intersection,N,Non-Junction,None,,,         ,Michael,Brooks,Clear,Front to Rear,no,no,no,yes,yes,False
100768188,METROPOLITAN NASHVILLE POLICE DEPT,20150220884,Davidson,Nashville,3/6/2015 8:09:00 PM,2,0,0,36.155920,-86.628810,I 40,,,,0.00,,,,,,,219.00,N,Not at Intersection,N,Non-Junction,None,,,         ,Tyler,Conrads,Clear,"Sideswipe, Same Direction",no,no,no,no,yes,False
100768189,METROPOLITAN NASHVILLE POLICE DEPT,20150221091,Davidson,Nashville,3/6/2015 9:16:00 PM,2,1,0,36.042770,-86.367680,GWYNN RD,,,,1088.00,Feet,East,RAMP,,,,0.00,N,Not at Intersection,N,Non-Junction,None,,,         ,Tyler,Conrads,Clear,HeadOn,no,no,no,no,no,False
100768195,METROPOLITAN NASHVILLE POLICE DEPT,20150221314,Davidson,Nashville,3/6/2015 8:10:00 PM,1,0,0,36.232680,-86.824430,STATE HWY 155,,,,1113.00,Feet,West,EXIT 19,,,,0.00,N,Not at Intersection,N,Non-Junction,None,,,         ,Zachary,Ronan,Clear,Not Collision with Motor Vehicle in Transport,no,no,no,no,no,False
100768196,METROPOLITAN NASHVILLE POLICE DEPT,20150221216,Davidson,Goodlettsville,3/6/2015 9:45:00 PM,2,0,0,36.297580,-86.699520,RAMP,,,,0.00,,,RIVERGATE PKWY,,,,0.00,Y,Y-Intersection, ,Entrance/Exit Ramp Related,None,,,         ,Luis,Lopez,Clear,"Sideswipe, Same Direction",no,no,no,no,no,False
100768205,METROPOLITAN NASHVILLE POLICE DEPT,20150221064,Davidson,Nashville,3/6/2015 9:07:00 PM,3,1,0,36.071940,-86.636180,US HWY 41,,,,0.00,Feet,,BELL RD,,,,0.00,Y,Four-Way,N,Intersection,None,,,         ,Thomas,Odom,Clear,Angle,no,no,no,no,yes,False
100768207,METROPOLITAN NASHVILLE POLICE DEPT,20150220229,Davidson,Not in City Limit,3/6/2015 5:06:00 PM,2,0,0,36.013110,-86.710930,HOLT RD,,,,0.00,,,BROOKVIEW FOREST DR,,,,0.00,Y,Unknown, ,Non-Junction,None,,,         ,Ricki,Armstrong,Snow,"Sideswipe, Opposite Direction",no,no,no,no,no,False
100768218,METROPOLITAN NASHVILLE POLICE DEPT,20150220463,Davidson,Not in City Limit,3/6/2015 6:06:00 PM,1,0,0,36.012400,-86.703590,US HWY 31 ALT,,,,0.00,,,HOLT RD,,,,0.00,Y,Unknown,N,Non-Junction,None,,,         ,Ricki,Armstrong,Snow,Not Collision with Motor Vehicle in Transport,no,no,no,no,no,False
100768222,THP District 3 - Nashville,315012648,Davidson,Not in City Limit,3/5/2015 9:00:00 AM,1,1,0,36.320200,-86.848000,I 24,,,,0.00,,,,,,,36.10,N,Not at Intersection,N,Non-Junction,None,,,         ,Sharon,Bagnall,Snow,Not Collision with Motor Vehicle in Transport,no,no,no,no,no,False
100768228,METROPOLITAN NASHVILLE POLICE DEPT,20150221493,Davidson,Nashville,3/6/2015 11:17:00 PM,2,0,0,36.050930,-86.690060,OCALA DR,,,,53.00,Feet,West,ROBERT YOEST DR,,,,0.00,N,Not at Intersection,N,Non-Junction,None,,,         ,Jarred,Frazier,Clear,"Sideswipe, Same Direction",no,no,no,no,yes,False
100768234,METROPOLITAN NASHVILLE POLICE DEPT,2015-0221302,Davidson,Nashville,3/6/2015 10:13:00 PM,2,0,0,36.045260,-86.717030,STATE HWY 254,,,,17.00,Feet,East,HICKORY PLAZA DR,,,,0.00,N,Not at Intersection,Y,Non-Junction,None,,,         ,Jason,Thomas,Clear,Angle,no,no,no,no,no,False
100768235,METROPOLITAN NASHVILLE POLICE DEPT,20150221570,Davidson,Nashville,3/7/2015 12:06:00 AM,2,4,0,36.148760,-86.666200,ELM HILL PIKE,,,,0.00,,,STATE HWY 255,,,,0.00,Y,Four-Way,Y,Intersection-Related,None,,,         ,Evan,Hibschman,Clear,HeadOn,no,no,no,no,no,False
100768245,METROPOLITAN NASHVILLE POLICE DEPT,20150221742,Davidson,Nashville,3/7/2015 1:09:00 AM,2,0,0,36.216760,-86.692660,RAMP,,,,0.00,,,STATE HWY 155,,,,0.00,Y,Four-Way,N,Intersection,None,,,         ,Benjamin,Cole,Clear,HeadOn,no,no,no,no,no,False
100768249,METROPOLITAN NASHVILLE POLICE DEPT,20150221874,Davidson,Nashville,3/7/2015 2:10:00 AM,2,0,0,36.132940,-86.759300,CRAIGHEAD ST,,,,0.00,,,,,,,0.00,,,N,Non-Junction,None,,,         ,Lewis,Taylor,Clear,Rear to Rear,no,no,no,yes,no,False
100768250,METROPOLITAN NASHVILLE POLICE DEPT,20150221658,Davidson,Nashville,3/7/2015 12:25:00 AM,2,1,0,36.147700,-86.745280,EXIT 212,,,,0.00,,,I 40,,,,0.00,Y,T-Intersection,N,Entrance/Exit Ramp Related,None,,,         ,Christina,Buckner,Clear,Front to Rear,no,no,no,no,no,False
100768258,METROPOLITAN NASHVILLE POLICE DEPT,2015-0221372,Davidson,Nashville,3/6/2015 10:42:00 PM,1,2,0,36.161940,-86.775190,US HWY 70,,,,0.00,,,2ND AVE S,,,,0.00,Y,Four-Way,N,Intersection-Related,None,,,         ,Michael,Willis Jr.,Clear,Not Collision with Motor Vehicle in Transport,yes,no,no,no,no,False
100768259,METROPOLITAN NASHVILLE POLICE DEPT,2015-0221421,Davidson,Nashville,3/6/2015 10:43:00 PM,2,0,0,36.162170,-86.774710,US HWY 70,,,,110.00,Feet,West,1ST AVE N,,,,0.00,N,Not at Intersection, ,,None,,,         ,Michael,Willis Jr.,,,no,no,no,no,no,False
100768314,METROPOLITAN NASHVILLE POLICE DEPT,20150222292,Davidson,Nashville,3/7/2015 7:02:00 AM,2,0,0,36.165850,-86.781890,CHARLOTTE AVE,,,,0.00,,,5TH AVE N,,,,0.00,Y,Four-Way, ,,None,,,         ,Bryan,Birdwell,,,no,no,no,no,no,False
100768318,METROPOLITAN NASHVILLE POLICE DEPT,2015-0219733,Davidson,Nashville,3/6/2015 1:45:00 PM,3,3,0,36.109120,-86.680160,US HWY 41,,,,1051.00,Feet,West,DELL PKWY,,,,0.00,N,Not at Intersection,N,Non-Junction,None,,,         ,Megan,Arnett,Clear,Angle,yes,no,no,no,no,False
100768319,METROPOLITAN NASHVILLE POLICE DEPT,20150219557,Davidson,Not in City Limit,3/6/2015 12:00:00 PM,2,0,0,36.097260,-86.936500,I 40,,,,0.00,,,,,,,198.00,N,Not at Intersection, ,Non-Junction,None,,,         ,Melvin,Foster,Clear,Front to Rear,no,no,no,no,no,False
100768328,METROPOLITAN NASHVILLE POLICE DEPT,2015-0222287,Davidson,Nashville,3/7/2015 6:15:00 AM,1,0,0,36.183850,-86.775090,I 24,,,,0.00,,,,,,,47.30,N,Not at Intersection,N,Non-Junction,None,,,         ,Kenneth,Bray,Clear,Not Collision with Motor Vehicle in Transport,no,no,no,no,no,False
100768356,METROPOLITAN NASHVILLE POLICE DEPT,2015-0216458,Davidson,Old Hickory,3/5/2015 12:15:00 PM,2,0,0,36.252930,-86.647880,RAMP,,,,0.00,Feet,East,HADLEY AVE,,,,0.00,N,Not at Intersection,N,Non-Junction,None,,,         ,William,Walls,Cloudy,"Sideswipe, Same Direction",no,no,no,no,no,False
100768359,METROPOLITAN NASHVILLE POLICE DEPT,20150222479,Davidson,Nashville,3/7/2015 9:25:00 AM,2,0,0,36.150460,-86.767270,US HWY 41,,,,200.00,Feet,East,US HWY 31 ALT,,,,0.00,N,Not at Intersection, ,Non-Junction,None,,,         ,Christopher,Hanor,Clear,Angle,no,no,no,no,no,False
100768373,METROPOLITAN NASHVILLE POLICE DEPT,20150221219,Davidson,Nashville,3/6/2015 9:39:00 PM,2,0,0,36.156570,-86.787470,12TH AVE S,,,,0.00,,,US HWY 70,,,,0.00,Y,OTHER, ,OtherLocation,None,,,         ,Michael,Douglas,Snow,"Sideswipe, Opposite Direction",no,no,no,yes,yes,False
100768382,METROPOLITAN NASHVILLE POLICE DEPT,20150222627,Davidson,Nashville,3/7/2015 10:45:00 AM,2,0,0,36.109510,-86.727840,STATE HWY 155,,,,0.00,,,E THOMPSON LN,,,,0.00,Y,Four-Way,N,Intersection-Related,None,,,         ,Brandon,Tennant,Clear,"Sideswipe, Same Direction",no,no,no,no,yes,False
100768383,METROPOLITAN NASHVILLE POLICE DEPT,20150222563,Davidson,Nashville,3/7/2015 10:13:00 AM,2,0,0,36.188240,-86.629270,US HWY 70,,,,0.00,,,HICKORY HILL LN,,,,0.00,Y,T-Intersection, ,Intersection,None,,,         ,Johnathan,Carlisle,Clear,Angle,no,no,no,no,no,False
100768397,METROPOLITAN NASHVILLE POLICE DEPT,20150222635,Davidson,Lakewood,3/7/2015 9:40:00 AM,2,0,0,36.239800,-86.631330,STATE HWY 45,,,,0.00,,,ANTHONY ST,,,,0.00,Y,T-Intersection, ,Non-Junction,None,,,         ,William,Mckay,Clear,Rear to Rear,no,no,no,yes,yes,False
100768398,METROPOLITAN NASHVILLE POLICE DEPT,20150222675,Davidson,Nashville,3/7/2015 11:25:00 AM,2,0,0,36.220990,-86.821350,KINGS LN,,,,0.00,,,BUENA VISTA PIKE,,,,0.00,Y,T-Intersection, ,Intersection,None,,,         ,Ryan,Caulfield,Clear,Angle,no,no,no,no,no,False
100768410,METROPOLITAN NASHVILLE POLICE DEPT,20150219441,Davidson,Nashville,3/6/2015 12:00:00 PM,2,0,0,36.232170,-86.781490,BRICK CHURCH PIKE,,,,183.00,Feet,South,EWING LN,,,,0.00,N,Not at Intersection,N,Non-Junction,None,,,         ,Melvin,Brown III,Clear,"Sideswipe, Same Direction",no,no,no,no,yes,False
100768417,METROPOLITAN NASHVILLE POLICE DEPT,20150219693,Davidson,Nashville,3/6/2015 1:30:00 PM,3,1,0,36.186670,-86.775260,I 24,,,,0.00,,,,,,,47.15,N,Not at Intersection,N,Non-Junction,None,,,         ,Martin,Gonzalez,Clear,Front to Rear,no,no,no,no,yes,False
100768420,METROPOLITAN NASHVILLE POLICE DEPT,20150191915,Davidson,Antioch,2/26/2015 6:42:00 AM,2,0,0,36.028330,-86.590440,US HWY 41,,,,0.00,,,LAVERGNE COUCHVILLE PIKE,,,,0.00,Y,T-Intersection, ,Intersection,None,,,         ,Julius,Gallon,Snow,Front to Rear,no,no,no,no,no,False
100768421,METROPOLITAN NASHVILLE POLICE DEPT,2015-0222554,Davidson,Nashville,3/7/2015 10:05:00 AM,2,3,0,36.171490,-86.769070,INTERSTATE DR,,,,0.00,,,US HWY 31,,,,0.00,Y,Four-Way,N,Intersection,None,,,         ,Paul,Sorace,Clear,Front to Rear,no,no,no,no,no,False
100768436,METROPOLITAN NASHVILLE POLICE DEPT,2015-0222761,Davidson,Nashville,3/7/2015 11:20:00 AM,2,0,0,36.186960,-86.768030,CLEVELAND ST,,,,0.00,,,MERIDIAN ST,,,,0.00,Y,Four-Way,N,Intersection-Related,None,,,         ,Doyle,Price,Clear,"Sideswipe, Same Direction",no,no,no,no,yes,False
100768439,METROPOLITAN NASHVILLE POLICE DEPT,2015-0212317,Davidson,Nashville,3/4/2015 6:57:00 AM,2,0,0,36.141890,-86.640620,ELM HILL PIKE,,,,0.00,,,TIMBER VALLEY DR,,,,0.00,Y,T-Intersection, ,Intersection,None,,,         ,Jeb,Johnston,Rain,Front to Rear,no,no,no,no,no,False
100768442,METROPOLITAN NASHVILLE POLICE DEPT,20150222692,Davidson,Nashville,3/7/2015 11:15:00 AM,2,0,0,36.162570,-86.873180,FRISCO AVE,,,,67.00,Feet,West,61ST AVE,,,,0.00,N,Not at Intersection,N,Non-Junction,None,,,         ,Brian,Myatt,Clear,Other,no,no,no,no,no,False
100768447,METROPOLITAN NASHVILLE POLICE DEPT,20150222561,Davidson,Nashville,3/7/2015 10:11:00 AM,2,0,0,36.151090,-86.784330,DIVISION ST,,,,0.00,,,12TH AVE S,,,,0.00,Y,Four-Way,N,Intersection,None,,,         ,Catherine,Poole,Clear,Angle,no,no,no,no,no,False
100768456,METROPOLITAN NASHVILLE POLICE DEPT,20150222745,Davidson,Nashville,3/7/2015 12:00:00 PM,2,0,0,36.176990,-86.774600,SPRING ST,,,,0.00,,,N 1ST ST,,,,0.00,Y,Four-Way,N,Intersection,None,,,         ,Darren,Key,Clear,Front to Rear,no,no,no,no,yes,False
100768460,METROPOLITAN NASHVILLE POLICE DEPT,20150222730,Davidson,Nashville,3/7/2015 12:00:00 AM,2,0,0,36.174530,-86.760930,S 7TH ST,,,,0.00,,,MAIN ST,,,,0.00,Y,Four-Way,Y,OtherLocation,None,,,         ,Martin,Gonzalez,Clear,Angle,no,no,no,no,no,False
100768462,METROPOLITAN NASHVILLE POLICE DEPT,20150222821,Davidson,Nashville,3/7/2015 12:43:00 PM,2,1,0,36.145700,-86.871200,US HWY 70,,,,198.00,Feet,West,WESTBORO DR,,,,0.00,N,Not at Intersection,N,Non-Junction,None,,,         ,Corteze,Armstrong,Clear,Other,no,no,no,no,yes,False
100768464,METROPOLITAN NASHVILLE POLICE DEPT,20150222839,Davidson,Nashville,3/7/2015 12:57:00 PM,2,0,0,36.167850,-86.692420,US HWY 70,,,,0.00,,,COTTAGE LN,,,,0.00,Y,T-Intersection, ,Intersection-Related,None,,,         ,Johnathan,Carlisle,Clear,Front to Rear,no,no,no,no,no,False
100768468,GOODLETTSVILLE POLICE DEPT,15-08915,Davidson,Goodlettsville,3/6/2015 6:50:00 PM,2,0,0,36.314690,-86.699000,CONFERENCE DR,,,,0.00,Feet,,WINDSOR GREEN BLVD,,,,0.00,Y,T-Intersection,N,Intersection,None,,,         ,Jeffery,Hunter,Cloudy,Angle,no,no,no,no,no,False
100768472,METROPOLITAN NASHVILLE POLICE DEPT,20150222809,Davidson,Madison,3/7/2015 12:41:00 PM,2,0,0,36.271830,-86.761460,STATE HWY 45,,,,0.00,,,MARYDALE DR,,,,0.00,Y,Four-Way,N,Non-Junction,None,,,         ,Melvin,Brown III,Clear,"Sideswipe, Same Direction",no,no,no,no,no,False
100768475,METROPOLITAN NASHVILLE POLICE DEPT,20150222816,Davidson,Nashville,3/7/2015 12:47:00 PM,2,0,0,36.109260,-86.727790,RAMP,,,,97.00,Feet,East,STATE HWY 155,,,,0.00,N,Not at Intersection, ,Entrance/Exit Ramp Related,None,,,         ,Brian,Lamb,Clear,Front to Rear,no,no,no,no,no,False
100768478,METROPOLITAN NASHVILLE POLICE DEPT,20150219652,Davidson,Nashville,3/6/2015 1:49:00 PM,2,0,0,36.171010,-86.748890,SHELBY AVE,,,,158.00,Feet,East,S 12TH ST,,,,0.00,N,Not at Intersection, ,Non-Junction,Unknown,,,         ,Jared,Eaves,Unknown,"Sideswipe, Opposite Direction",no,no,no,no,yes,False
100768481,METROPOLITAN NASHVILLE POLICE DEPT,20150222868,Davidson,Old Hickory,3/7/2015 1:22:00 PM,2,3,0,36.255840,-86.653980,STATE HWY 45,,,,0.00,,,MERRITT ST,,,,0.00,Y,Four-Way,N,Intersection,None,,,         ,Craig,Carlson,Clear,Angle,no,no,no,no,no,False
100768483,METROPOLITAN NASHVILLE POLICE DEPT,20150222815,Davidson,Nashville,3/7/2015 12:25:00 PM,2,0,0,36.231540,-86.724860,GALLATIN PIKE,,,,100.00,Feet,North,HAYSBORO AVE,,,,0.00,N,Not at Intersection,N,Non-Junction,None,,,         ,Steven,Carrick,Clear,Angle,no,no,no,no,no,False
100768491,METROPOLITAN NASHVILLE POLICE DEPT,20150222916,Davidson,Nashville,3/7/2015 12:45:00 PM,2,0,0,36.219880,-86.751020,HART LN,,,,802.00,Feet,East,WHITNEY PARK DR,,,,0.00,N,Not at Intersection, ,Non-Junction,None,,,         ,Michael,Watkins,Clear,Angle,no,no,no,no,no,False
100768516,THP District 3 - Nashville,315013196,Davidson,Nashville,3/7/2015 3:01:00 PM,2,0,0,36.134110,-86.772940,WEDGEWOOD AVE,,,,317.00,Feet,East,LINDELL AVE,,,,0.00,N,Not at Intersection, ,Non-Junction,None,,,         ,Ryan,Quinn,Clear,Front to Rear,no,no,no,no,no,False
100768518,METROPOLITAN NASHVILLE POLICE DEPT,20150222902,Davidson,Madison,3/7/2015 1:41:00 PM,2,0,0,36.263060,-86.711910,US HWY 31E,,,,0.00,,,STATE HWY 45,,,,0.00,Y,Four-Way, ,Intersection-Related,None,,,         ,William,Coy,Clear,Front to Rear,no,no,no,no,no,False
100768520,METROPOLITAN NASHVILLE POLICE DEPT,2015-0222889,Davidson,Nashville,3/7/2015 1:32:00 PM,2,1,0,36.143830,-86.738390,I 40,,,,0.00,,,,,,,212.60,N,Not at Intersection,N,Non-Junction,None,,,         ,Eric,Uruski,Clear,Angle,no,no,no,no,no,False
100768523,METROPOLITAN NASHVILLE POLICE DEPT,20150222980,Davidson,Nashville,3/7/2015 2:47:00 PM,2,1,0,36.134180,-86.776000,WEDGEWOOD AVE,,,,111.00,Feet,East,RAMP,,,,0.00,N,Not at Intersection,N,Non-Junction,None,,,         ,Mekisha,Page,Clear,Front to Rear,no,no,no,no,no,False
100768527,METROPOLITAN NASHVILLE POLICE DEPT,20150221227,Davidson,Nashville,3/6/2015 9:30:00 PM,2,0,0,36.128630,-86.906500,US HWY 70,,,,0.00,,,RIVER RD,,,,0.00,Y,Four-Way,N,Intersection,None,,,         ,John,Thomas,Clear,Front to Rear,no,no,no,no,yes,False
100768528,METROPOLITAN NASHVILLE POLICE DEPT,20150223040,Davidson,Old Hickory,3/7/2015 2:30:00 PM,2,0,0,36.258350,-86.657460,STATE HWY 45,,,,238.00,Feet,West,MARTINGALE DR,,,,0.00,N,Not at Intersection,N,Non-Junction,None,,,         ,Raymond,Heymann,Clear,"Sideswipe, Same Direction",no,no,no,no,yes,False
100768532,METROPOLITAN NASHVILLE POLICE DEPT,20150223025,Davidson,Nashville,3/7/2015 2:15:00 PM,2,0,0,36.196070,-86.687490,EXIT 11,,,,0.00,Feet,East,STATE HWY 155,,,,0.00,N,Not at Intersection,N,Non-Junction,None,,,         ,James,Tidwell,Clear,Front to Rear,no,no,no,no,no,False
100768536,METROPOLITAN NASHVILLE POLICE DEPT,20150222972,Davidson,Nashville,3/7/2015 2:33:00 PM,1,0,0,36.205970,-86.870510,STATE HWY 155,,,,0.00,,,EXIT 24,,,,0.00,Y,Unknown,N,Non-Junction,None,,,         ,Jacob,Partin,Clear,Not Collision with Motor Vehicle in Transport,no,no,no,no,no,False
100768544,METROPOLITAN NASHVILLE POLICE DEPT,20150207259,Davidson,Nashville,3/2/2015 12:00:00 AM,2,0,0,36.182130,-86.812030,DR DB TODD JR BLVD,,,,0.00,,,SEIFRIED ST,,,,0.00,Y,OTHER,N,OtherLocation,None,,,         ,Christopher,Mackey,Clear,Other,no,no,no,no,yes,False
100768552,METROPOLITAN NASHVILLE POLICE DEPT,20150223063,Davidson,Nashville,3/7/2015 3:07:00 PM,2,0,0,36.111110,-86.745540,RAMP,,,,0.00,,,STATE HWY 155,,,,0.00,Y,Four-Way, ,Intersection,None,,,         ,Nicholas,Smith,Clear,Front to Rear,no,no,no,no,no,False
100768555,METROPOLITAN NASHVILLE POLICE DEPT,20150223105,Davidson,Nashville,3/7/2015 2:05:00 PM,2,0,0,36.151440,-86.801940,21ST AVE N,,,,0.00,,,HAYES ST,,,,0.00,Y,Four-Way, ,Intersection,None,,,         ,Mekisha,Page,Clear,Angle,no,no,no,no,no,Campus
100768556,METROPOLITAN NASHVILLE POLICE DEPT,20150223259,Davidson,Antioch,3/7/2015 12:00:00 AM,1,0,0,0.000000,0.000000,5100 COLEMONT,DR,,,100.00,Feet,South,TUSCULUM,RD,,,0.00,N,Not at Intersection, ,Non-Junction,None,,,         ,David,Collins,Clear,Unknown,no,no,no,no,no,False
100768558,METROPOLITAN NASHVILLE POLICE DEPT,20150222892,Davidson,Nashville,3/7/2015 1:39:00 PM,2,2,0,36.061520,-86.643930,HICKORY HIGHLANDS DR,,,,299.00,Feet,East,RURAL HILL RD,,,,0.00,N,Not at Intersection,N,Non-Junction,None,,,         ,John,Stanfield,Clear,Angle,no,no,no,no,no,False
100768559,METROPOLITAN NASHVILLE POLICE DEPT,20150223121,Davidson,Nashville,3/7/2015 3:46:00 PM,2,0,0,36.208760,-86.839490,US HWY 41 ALT,,,,163.00,Feet,North,W HAMILTON RD,,,,0.00,N,Not at Intersection, ,Non-Junction,None,,,         ,Victor,Alexander,Clear,Angle,no,no,no,no,no,False
100768563,METROPOLITAN NASHVILLE POLICE DEPT,20150223212,Davidson,Nashville,3/7/2015 12:00:00 AM,2,0,0,36.093870,-86.652910,US HWY 41,,,,0.00,,,OLD MURFREESBORO PIKE,,,,0.00,Y,T-Intersection,N,Non-Junction,None,,,         ,James,Tidwell,Clear,Front to Rear,no,no,no,no,yes,False
100768565,METROPOLITAN NASHVILLE POLICE DEPT,20150223001,Davidson,Nashville,3/7/2015 3:01:00 PM,2,0,0,36.231280,-86.758950,US HWY 31W,,,,0.00,,,OAK VALLEY DR,,,,0.00,Y,T-Intersection, ,Intersection-Related,None,,,         ,Kimberly,Brown,Clear,Angle,no,no,no,no,no,False
100768578,METROPOLITAN NASHVILLE POLICE DEPT,20150223395,Davidson,Nashville,3/7/2015 5:21:00 PM,1,0,0,36.140750,-86.793630,HORTON AVE,,,,0.00,,,16TH AVE S,,,,0.00,Y,T-Intersection, ,Intersection,None,,,         ,Mekisha,Page,Clear,Not Collision with Motor Vehicle in Transport,no,no,no,no,no,False
100768593,METROPOLITAN NASHVILLE POLICE DEPT,20150223007,Davidson,Nashville,3/7/2015 3:02:00 PM,2,0,0,36.206250,-86.774080,US HWY 431,,,,0.00,,,-- UNKNOWN RAMP/ROAD --,,,,0.00,Y,Four-Way, ,Intersection-Related,None,,,         ,Robert,Croteau,Clear,Angle,no,no,no,no,no,False
100768599,METROPOLITAN NASHVILLE POLICE DEPT,20150223069,Davidson,Nashville,3/7/2015 3:30:00 PM,2,0,0,36.183840,-86.842420,PANORAMA DR,,,,0.00,,,HINKLE DR,,,,0.00,Y,T-Intersection, ,Intersection-Related,None,,,         ,Christopher,Mackey,Clear,Front to Rear,no,no,no,no,no,False
100768606,METROPOLITAN NASHVILLE POLICE DEPT,20150223537,Davidson,Nashville,3/7/2015 6:25:00 PM,2,0,0,36.094570,-86.610720,SAXON MIST CT,,,,169.00,Feet,West,SAXON MIST DR,,,,0.00,N,Not at Intersection, ,Non-Junction,None,,,         ,Michael,Apsey,Clear,Front to Rear,no,no,no,no,no,False
100768608,METROPOLITAN NASHVILLE POLICE DEPT,20150223431,Davidson,Antioch,3/7/2015 5:41:00 PM,1,0,0,36.073000,-86.614000,ANDERSON,RD,,,0.00,,,WILFORD PACK DR,,,,0.00,Y,T-Intersection,N,Non-Junction,None,,,         ,Brandon,Vance,Clear,Not Collision with Motor Vehicle in Transport,no,no,no,no,no,False
100768613,METROPOLITAN NASHVILLE POLICE DEPT,20150223279,Davidson,Nashville,3/7/2015 4:40:00 PM,2,0,0,36.109760,-86.811550,US HWY 431,,,,231.00,Feet,North,CRESTMOOR RD,,,,0.00,N,Not at Intersection, ,Non-Junction,None,,,         ,Brenton,Adcox,Clear,Front to Rear,no,no,no,no,no,False