master_record_number,agency,agency_tracking_number,county,city,collision_date,vehicles_involved,number_injured,number_dead,latitude,longitude,roadway_name,roadway_suffix,roadway_number,roadway_local_id,distance_from_reference,miles-feet_indicator,direction_from_reference,intersection_road_name,intersection_road_name_suffix,intersection_road_number,intersection_local_id,mile_marker,intersection_indicator,intersect_type,interchange_related_indicator,relation_to_junction,work_zone_type,construction_maintenance_zone,construction_maintenance_zone_location,fatal_case_number,officer_first_name,officer_last_name,weather_condition(s),manner_of_crash,pedestrian,bicycle,scooter,parking,hitrun,mou
100769244,METROPOLITAN NASHVILLE POLICE DEPT,20150227501,Davidson,Nashville,3/9/2015 6:41:00 AM,2,0,0,36.046590,-86.660950,-- UNKNOWN RAMP/ROAD --,,,,771.00,Feet,West,I 24,,,,0.00,N,Not at Intersection, ,Entrance/Exit Ramp Related,None,,,         ,Brian,Lamb,Rain,"Sideswipe, Same Direction",no,no,no,no,no,False
100769257,METROPOLITAN NASHVILLE POLICE DEPT,20150227662,Davidson,Nashville,3/9/2015 7:45:00 AM,2,2,0,36.162590,-86.700430,US HWY 70,,,,351.00,Feet,East,MEADOW CLF,,,,0.00,N,Not at Intersection,N,Non-Junction,None,,,         ,Larry,Benz,Clear,Front to Rear,no,no,no,no,no,False
100769262,METROPOLITAN NASHVILLE POLICE DEPT,20150225507,Davidson,Nashville,3/9/2015 2:15:00 PM,2,0,0,36.252500,-86.829920,US HWY 431,,,,0.00,,,BUENA VISTA PIKE,,,,0.00,Y,Four-Way, ,Intersection,None,,,         ,Ryan,Caulfield,Clear,Angle,no,no,no,no,no,False
100769263,METROPOLITAN NASHVILLE POLICE DEPT,20150219005,Davidson,Nashville,3/6/2015 8:30:00 AM,2,0,0,36.150350,-86.676660,ROYAL PKWY,,,,256.00,Feet,West,PERIMETER PLACE DR,,,,0.00,N,Not at Intersection,N,Non-Junction,None,,,         ,Larry,Benz,Clear,Front to Rear,no,no,no,no,no,False
100769265,METROPOLITAN NASHVILLE POLICE DEPT,20150227788,Davidson,Nashville,3/9/2015 8:20:00 AM,2,0,0,36.106570,-86.673210,RAMP,,,,0.00,,,STATE HWY 255,,,,0.00,Y,Four-Way, ,,None,,,         ,Justin,Franklin,,,no,no,no,no,no,False
100769268,METROPOLITAN NASHVILLE POLICE DEPT,20150227643,Davidson,Nashville,3/9/2015 7:53:00 AM,4,0,0,36.088070,-86.784210,BATTERY LN,,,,404.00,Feet,East,DUSTIN LN,,,,0.00,N,Not at Intersection,N,Non-Junction,None,,,         ,Samuel,Ruth,Clear,Front to Rear,no,no,no,no,no,False
100769269,METROPOLITAN NASHVILLE POLICE DEPT,20150227680,Davidson,Nashville,3/9/2015 8:01:00 AM,2,0,0,36.081740,-86.646410,US HWY 41,,,,74.00,Feet,North,SCOTT VALLEY DR,,,,0.00,N,Not at Intersection, ,Non-Junction,None,,,         ,Patrick,Taylor,Cloudy,Angle,no,no,no,no,no,False
100769271,METROPOLITAN NASHVILLE POLICE DEPT,2015-0225482,Davidson,Nashville,3/8/2015 1:55:00 PM,2,0,0,36.214020,-86.730810,GALLATIN PIKE,,,,42.00,Feet,South,GILLOCK ST,,,,0.00,N,Not at Intersection,N,"Driveway, Alley Access, etc",None,,,         ,Coleman,Womack,Cloudy,Angle,no,no,no,no,no,False
100769281,METROPOLITAN NASHVILLE POLICE DEPT,20150227796,Davidson,Nashville,3/9/2015 8:41:00 AM,3,3,0,36.116040,-86.788860,I 440,,,,0.00,,,,,,,4.00,N,Not at Intersection,N,Non-Junction,None,,,         ,Nathan,Kemp,Clear,Front to Rear,no,no,no,no,no,False
100769285,METROPOLITAN NASHVILLE POLICE DEPT,20150227738,Davidson,Nashville,3/9/2015 7:20:00 AM,2,1,0,0.000000,0.000000,MURFREESBORO PKE,,,,100.00,Feet,North,BRITISH WOODS DR,,,,0.00,N,Not at Intersection,N,Non-Junction,None,,,         ,Caleb,Jernigan,Clear,Front to Rear,no,no,no,no,no,False
100769286,METROPOLITAN NASHVILLE POLICE DEPT,20150227783,Davidson,Nashville,3/9/2015 8:30:00 AM,2,0,0,36.116040,-86.788860,I 440,,,,0.00,,,,,,,4.00,N,Not at Intersection, ,Non-Junction,None,,,         ,Nathan,Kemp,Clear,Front to Rear,no,no,no,no,no,False
100769295,METROPOLITAN NASHVILLE POLICE DEPT,20150222378,Davidson,Nashville,3/7/2015 12:00:00 AM,2,0,0,36.025820,-86.711060,LENOX VILLAGE DR,,,,64.00,Feet,East,ALTHORP WAY,,,,0.00,N,Not at Intersection, ,Non-Junction,None,,,         ,David,Simmonds,Clear,Front to Rear,no,no,no,no,no,False
100769298,METROPOLITAN NASHVILLE POLICE DEPT,2015-227629,Davidson,Nashville,3/9/2015 7:45:00 AM,2,3,0,36.069410,-86.692830,HAYWOOD LN,,,,333.00,Feet,East,EZELL RD,,,,0.00,N,Not at Intersection,N,"Driveway, Alley Access, etc",None,,,         ,James,Grady,Cloudy,Angle,no,no,no,no,no,False
100769304,METROPOLITAN NASHVILLE POLICE DEPT,20150219249,Davidson,Nashville,3/5/2015 12:00:00 AM,2,0,0,36.231220,-86.813330,US HWY 431,,,,706.00,Feet,South,RAMP,,,,0.00,N,Not at Intersection,N,Non-Junction,None,,,         ,Randy,Kroll,Snow,"Sideswipe, Same Direction",no,no,no,no,yes,False
100769306,METROPOLITAN NASHVILLE POLICE DEPT,20150227914,Davidson,Nashville,3/9/2015 9:24:00 AM,2,0,0,36.252390,-86.829860,BUENA VISTA PIKE,,,,0.00,,,,,,,0.00,,,N,Non-Junction,None,,,         ,Ryan,Caulfield,Cloudy,Angle,no,no,no,no,no,False
100769308,METROPOLITAN NASHVILLE POLICE DEPT,20150227555,Davidson,Nashville,3/9/2015 7:21:00 AM,2,1,0,36.142440,-86.710260,I 40,,,,0.00,,,,,,,214.20,N,Not at Intersection,N,Non-Junction,None,,,         ,James,Curtis,Cloudy,Front to Rear,no,no,no,no,no,False
100769326,METROPOLITAN NASHVILLE POLICE DEPT,20150227816,Davidson,Nashville,3/9/2015 8:50:00 AM,2,2,0,36.059100,-86.716170,US HWY 31 ALT,,,,0.00,,,TUSCULUM RD,,,,0.00,Y,Four-Way,N,Intersection,None,,,         ,Randall,Combs,Cloudy,Angle,no,no,no,no,no,False
100769332,METROPOLITAN NASHVILLE POLICE DEPT,20150228127,Davidson,Goodlettsville,3/9/2015 10:15:00 AM,2,0,0,36.302750,-86.691810,US HWY 31E,,,,0.00,,,CONFERENCE DR,,,,0.00,Y,Four-Way, ,Intersection-Related,None,,,         ,Kevin,Reynolds,Clear,"Sideswipe, Same Direction",no,no,no,no,no,False
100769343,METROPOLITAN NASHVILLE POLICE DEPT,20150227979,Davidson,Nashville,3/9/2015 9:49:00 AM,2,0,0,36.159260,-86.791930,I 40,,,,0.00,,,,,,,208.85,N,Not at Intersection, ,Entrance/Exit Ramp Related,None,,,         ,Johnny,Crumby Jr.,Clear,"Sideswipe, Same Direction",no,no,no,no,no,False
100769346,METROPOLITAN NASHVILLE POLICE DEPT,2015-0228196,Davidson,Nashville,3/9/2015 10:50:00 AM,1,0,0,36.237880,-86.743710,EXIT 15B,,,,446.00,Feet,South,-- UNKNOWN RAMP/ROAD --,,,,0.00,N,Not at Intersection,Y,Entrance/Exit Ramp Related,None,,,         ,Coleman,Womack,Cloudy,Not Collision with Motor Vehicle in Transport,no,no,no,no,no,False
100769347,METROPOLITAN NASHVILLE POLICE DEPT,20150228303,Davidson,Nashville,3/9/2015 11:05:00 AM,2,1,0,36.082090,-86.761670,STATE HWY 255,,,,0.00,,,SIDCO DR,,,,0.00,Y,Four-Way,N,Intersection,None,,,         ,Marcus,Mitchell,Cloudy,Angle,no,no,no,no,no,False
100769351,METROPOLITAN NASHVILLE POLICE DEPT,20150226917,Davidson,Nashville,3/9/2015 1:37:00 AM,2,2,0,36.049340,-86.651770,HICKORY HOLLOW LN,,,,0.00,,,STATE HWY 254,,,,0.00,Y,Four-Way,N,Non-Junction,None,,,         ,David,Moser,Clear,Angle,no,no,no,no,no,False
100769353,METROPOLITAN NASHVILLE POLICE DEPT,20150228046,Davidson,Nashville,3/9/2015 10:10:00 AM,2,0,0,36.142810,-86.744350,US HWY 41,,,,0.00,,,FESSLERS LN,,,,0.00,Y,Four-Way,N,Intersection,None,,,         ,George,Krukowski,Cloudy,Front to Rear,no,no,no,no,no,False
100769355,METROPOLITAN NASHVILLE POLICE DEPT,20150225382,Davidson,Not in City Limit,3/7/2015 11:30:00 PM,1,0,0,35.989860,-86.632650,BURKITT RD,,,,1897.00,Feet,West,BATTLE RD,,,,0.00,N,Not at Intersection,N,Non-Junction,None,,,         ,David,Simmonds,Clear,Not Collision with Motor Vehicle in Transport,no,no,no,no,yes,False
100769358,METROPOLITAN NASHVILLE POLICE DEPT,2015-0228496,Davidson,Nashville,3/9/2015 12:10:00 PM,1,1,0,36.150940,-86.856510,US HWY 70,,,,0.00,,,,,,,0.00,,,N,"Driveway, Alley Access, etc",None,,,         ,Curtis,Rich,Cloudy,Not Collision with Motor Vehicle in Transport,no,no,no,yes,no,False
100769359,METROPOLITAN NASHVILLE POLICE DEPT,20150227995,Davidson,Nashville,3/9/2015 9:55:00 AM,2,0,0,36.046240,-86.660890,EXIT 59,,,,545.00,Feet,North,STATE HWY 254,,,,0.00,N,Not at Intersection,N,Entrance/Exit Ramp Related,None,,,         ,Ian,Hammond,Cloudy,Front to Rear,no,no,no,no,no,False
100769360,METROPOLITAN NASHVILLE POLICE DEPT,20150219724,Davidson,Not in City Limit,3/6/2015 1:30:00 PM,2,0,0,36.268720,-86.793050,I 24,,,,0.00,,,,,,,41.20,N,Not at Intersection, ,Non-Junction,None,,,         ,Donald,Davidson,Clear,Front to Rear,no,no,no,no,no,False
100769383,METROPOLITAN NASHVILLE POLICE DEPT,20150228489,Davidson,Nashville,3/9/2015 12:20:00 PM,2,0,0,36.123880,-86.746420,I 440,,,,0.00,,,,,,,6.50,N,Not at Intersection, ,Entrance/Exit Ramp Related,None,,,         ,Ian,Hammond,Cloudy,"Sideswipe, Same Direction",no,no,no,no,no,False
100769390,METROPOLITAN NASHVILLE POLICE DEPT,20150228547,Davidson,Not in City Limit,3/9/2015 12:21:00 PM,2,0,0,36.307170,-86.685070,US HWY 31E,,,,870.00,Feet,East,NORTHSIDE DR,,,,0.00,N,Not at Intersection, ,"Driveway, Alley Access, etc",None,,,         ,Kevin,Reynolds,Clear,"Sideswipe, Opposite Direction",no,no,no,no,no,False
100769393,METROPOLITAN NASHVILLE POLICE DEPT,2015-0224429,Davidson,Not in City Limit,3/8/2015 12:35:00 AM,2,0,0,36.272940,-86.729740,N GRAYCROFT AVE,,,,0.00,,,NESBITT LN,,,,0.00,Y,Four-Way,N,Intersection-Related,None,,,         ,Alex,Moore,Clear,"Sideswipe, Opposite Direction",no,no,no,no,no,False
100769402,METROPOLITAN NASHVILLE POLICE DEPT,2015-0228319,Davidson,Nashville,3/9/2015 11:36:00 AM,2,0,0,36.102680,-86.816810,US HWY 431,,,,323.00,Feet,South,WARFIELD DR,,,,0.00,N,Not at Intersection, ,Non-Junction,None,,,         ,Walter,Gray II,Cloudy,"Sideswipe, Same Direction",no,no,no,no,no,False
100769403,METROPOLITAN NASHVILLE POLICE DEPT,20150228864,Davidson,Nashville,3/9/2015 2:02:00 PM,2,0,0,36.155130,-86.812570,US HWY 70,,,,177.00,Feet,West,25TH AVE N,,,,0.00,N,Not at Intersection,N,Non-Junction,None,,,         ,Nathan,Kemp,Clear,Front to Rear,no,no,no,no,no,False
100769407,METROPOLITAN NASHVILLE POLICE DEPT,20150228641,Davidson,Nashville,3/9/2015 1:00:00 PM,2,0,0,36.114860,-86.719630,GLENROSE AVE,,,,0.00,,,E THOMPSON LN,,,,0.00,Y,T-Intersection, ,Non-Junction,None,,,         ,George,Krukowski,Cloudy,Front to Rear,no,no,no,no,no,False
100769409,METROPOLITAN NASHVILLE POLICE DEPT,20150228839,Davidson,Madison,3/9/2015 1:50:00 PM,2,0,0,36.268130,-86.686030,ROOSEVELT AVE,,,,0.00,,,ARCHWOOD DR,,,,0.00,Y,Four-Way, ,Intersection,None,,,         ,William,Coy,Cloudy,HeadOn,no,no,no,no,yes,False
100769413,METROPOLITAN NASHVILLE POLICE DEPT,20150228689,Davidson,Nashville,3/9/2015 1:00:00 PM,2,0,0,36.163160,-86.780180,5TH AVE N,,,,0.00,,,CHURCH ST,,,,0.00,Y,Four-Way, ,Intersection-Related,None,,,         ,Johnny,Crumby Jr.,Clear,"Sideswipe, Same Direction",no,no,no,no,yes,False
100769416,METROPOLITAN NASHVILLE POLICE DEPT,20150228541,Davidson,Nashville,3/9/2015 12:34:00 PM,2,0,0,36.112460,-86.733020,HARTFORD DR,,,,167.00,Feet,North,RICKETTS DR,,,,0.00,N,Not at Intersection,N,Non-Junction,None,,,         ,Christopher,Hanor,Cloudy,Front to Rear,no,no,no,no,yes,False
100769419,METROPOLITAN NASHVILLE POLICE DEPT,2015-0228614,Davidson,Nashville,3/9/2015 12:56:00 PM,2,0,0,36.138640,-86.881100,US HWY 70,,,,234.00,Feet,West,ANNEX AVE,,,,0.00,N,Not at Intersection, ,Non-Junction,None,,,         ,Walter,Gray II,Cloudy,Angle,no,no,no,no,no,False
100769456,METROPOLITAN NASHVILLE POLICE DEPT,20150220614,Davidson,Nashville,3/6/2015 6:40:00 PM,2,0,0,36.106100,-86.672780,US HWY 41,,,,83.00,Feet,East,RAMP,,,,0.00,N,Not at Intersection,N,Non-Junction,None,,,         ,Jacob,Masteller,Clear,Front to Rear,no,no,no,no,no,False
100769460,Nashville Airport Police,2015-00470,Davidson,Nashville,3/9/2015 12:00:00 AM,2,0,0,36.135530,-86.667710,TERMINAL DR,,,,0.00,,,RAMP,,,,0.00,Y,OTHER,Y,Entrance/Exit Ramp Related,None,,,         ,Isaac,Hulan,Cloudy,"Sideswipe, Same Direction",no,no,no,no,no,False
100769464,METROPOLITAN NASHVILLE POLICE DEPT,20150229141,Davidson,Nashville,3/9/2015 2:30:00 PM,2,0,0,36.182280,-86.608000,STATE HWY 45,,,,0.00,,,ANDREW JACKSON WAY,,,,0.00,Y,Four-Way, ,Intersection-Related,None,,,         ,Mark,Harrison,Clear,Front to Rear,no,no,no,no,no,False
100769467,METROPOLITAN NASHVILLE POLICE DEPT,20150229198,Davidson,Nashville,3/9/2015 12:00:00 AM,2,0,0,36.135490,-86.797150,18TH AVE S,,,,0.00,,,MAGNOLIA BLVD,,,,0.00,Y,T-Intersection,Y,Intersection,None,,,         ,Michael,Collazo,Clear,Front to Rear,no,no,no,no,no,False
100769468,METROPOLITAN NASHVILLE POLICE DEPT,20150229203,Davidson,Nashville,3/9/2015 8:30:00 AM,1,1,0,36.073520,-86.765250,FARRELL PKWY,,,,0.00,,,STILLWOOD DR,,,,0.00,Y,T-Intersection,N,Intersection-Related,None,,,         ,Tien,Nguyen,Clear,Not Collision with Motor Vehicle in Transport,no,no,no,no,no,False
100769471,METROPOLITAN NASHVILLE POLICE DEPT,20150229156,Davidson,Nashville,3/9/2015 3:38:00 PM,2,0,0,36.161600,-86.783820,US HWY 31,,,,0.00,,,CHURCH ST,,,,0.00,Y,Four-Way, ,Non-Junction,None,,,         ,Seth,Oden,Cloudy,"Sideswipe, Same Direction",no,no,no,no,no,False
100769477,THP District 3 - Nashville,315012447,Davidson,Goodlettsville,3/4/2015 2:25:00 PM,1,0,0,36.298150,-86.713200,I 65,,,,0.00,,,,,,,95.00,N,Not at Intersection, ,Non-Junction,None,,,         ,Sarah,Lund,Rain,Not Collision with Motor Vehicle in Transport,no,no,no,no,no,False
100769484,METROPOLITAN NASHVILLE POLICE DEPT,20150229425,Davidson,Nashville,3/9/2015 4:21:00 PM,2,0,0,36.111870,-86.762920,STATE HWY 155,,,,0.00,,,E IRIS DR,,,,0.00,Y,Four-Way, ,Intersection-Related,None,,,         ,Tien,Nguyen,Clear,Angle,no,no,no,no,no,False
100769495,METROPOLITAN NASHVILLE POLICE DEPT,20150229200,Davidson,Nashville,3/9/2015 3:48:00 PM,3,0,0,36.107680,-86.768740,I 65,,,,0.00,,,,,,,79.55,N,Not at Intersection,N,Non-Junction,None,,,         ,Nicholas,Smith,Cloudy,Front to Rear,no,no,no,no,no,False
100769501,METROPOLITAN NASHVILLE POLICE DEPT,20150229570,Davidson,Nashville,3/9/2015 5:07:00 PM,2,0,0,36.104370,-86.796480,MAPLEHURST AVE,,,,0.00,,,GRANNY WHITE PIKE,,,,0.00,Y,Four-Way,N,Intersection-Related,None,,,         ,Tien,Nguyen,Clear,Front to Rear,no,no,no,no,no,False
100769504,METROPOLITAN NASHVILLE POLICE DEPT,20150229459,Davidson,Nashville,3/9/2015 5:11:00 PM,3,5,0,36.072570,-86.636810,US HWY 41,,,,105.00,Feet,North,RAMP,,,,0.00,N,Not at Intersection,N,Non-Junction,None,,,         ,Jessie,Meadows,Clear,Front to Rear,no,no,no,no,no,False
100769505,METROPOLITAN NASHVILLE POLICE DEPT,20150229306,Davidson,Nashville,3/9/2015 12:00:00 AM,2,1,0,36.160320,-86.793410,US HWY 70,,,,183.00,Feet,South,EXIT 209,,,,0.00,N,Not at Intersection,N,Non-Junction,None,,,         ,Michael,Collazo,Clear,Angle,no,no,no,no,no,False
100769516,METROPOLITAN NASHVILLE POLICE DEPT,20150229661,Davidson,Nashville,3/9/2015 5:54:00 PM,2,0,0,36.153930,-86.625790,STEWARTS FERRY PIKE,,,,30.00,Feet,West,PERCY PRIEST DR,,,,0.00,N,Not at Intersection,N,Non-Junction,None,,,         ,Leslie,Hale,Rain,Front to Rear,no,no,no,no,yes,False
100769521,METROPOLITAN NASHVILLE POLICE DEPT,20150229724,Davidson,Nashville,3/9/2015 5:55:00 PM,2,0,0,36.155640,-86.789710,14TH AVE,,,,0.00,,,US HWY 70,,,,0.00,Y,Four-Way, ,Intersection-Related,None,,,         ,Tien,Nguyen,Rain,"Sideswipe, Same Direction",no,no,no,no,no,False
100769533,METROPOLITAN NASHVILLE POLICE DEPT,20150229559,Davidson,Nashville,3/9/2015 5:15:00 PM,2,0,0,36.050780,-86.646920,STATE HWY 254,,,,0.00,,,HICKORY HOLLOW TER,,,,0.00,Y,Four-Way, ,Non-Junction,None,,,         ,Kevin,Keating,Clear,"Sideswipe, Same Direction",no,no,no,no,no,False
100769536,METROPOLITAN NASHVILLE POLICE DEPT,20150229764,Davidson,Nashville,3/9/2015 6:51:00 PM,2,0,0,36.109640,-86.728270,RAMP,,,,0.00,Feet,East,STATE HWY 155,,,,0.00,N,Not at Intersection,N,Non-Junction,None,,,         ,Jessie,Meadows,Rain,Front to Rear,no,no,no,no,no,False
100769542,METROPOLITAN NASHVILLE POLICE DEPT,20150229448,Davidson,Nashville,3/9/2015 4:53:00 PM,2,0,0,36.203960,-86.726830,GLENMEADE DR,,,,0.00,,,MCGAVOCK PIKE,,,,0.00,Y,T-Intersection, ,Intersection-Related,None,,,         ,Whitney,Arnold,Cloudy,Angle,no,no,no,no,yes,False
100769548,METROPOLITAN NASHVILLE POLICE DEPT,20150229626,Davidson,Nashville,3/9/2015 5:45:00 PM,2,1,0,36.168140,-86.777400,US HWY 31,,,,0.00,,,GAY ST,,,,0.00,Y,OTHER,N,Non-Junction,None,,,         ,Ethan,Luffman,Rain,Angle,no,no,no,no,no,False
100769551,METROPOLITAN NASHVILLE POLICE DEPT,20150229921,Davidson,Nashville,3/9/2015 7:49:00 PM,2,1,0,36.044650,-86.650570,RAMP,,,,0.00,Feet,East,I 24,,,,0.00,N,Not at Intersection,N,Non-Junction,None,,,         ,Jessie,Meadows,Rain,Front to Rear,no,no,no,no,no,False
100769554,METROPOLITAN NASHVILLE POLICE DEPT,20150229518,Davidson,Nashville,3/9/2015 5:30:00 PM,2,0,0,36.157120,-86.786150,US HWY 70,,,,0.00,,,11TH AVE N,,,,0.00,Y,OTHER,N,Non-Junction,None,,,         ,Jacob,Paul,Cloudy,Rear to Side,no,no,no,no,no,False
100769555,METROPOLITAN NASHVILLE POLICE DEPT,20150225897,Davidson,Nashville,3/8/2015 5:30:00 PM,2,0,0,36.141950,-86.816250,US HWY 70S,,,,12.00,Feet,South,32ND AVE S,,,,0.00,N,Not at Intersection, ,Non-Junction,None,,,         ,Torian,Cox,Clear,"Sideswipe, Same Direction",no,no,no,no,yes,Campus
100769558,METROPOLITAN NASHVILLE POLICE DEPT,20150229695,Davidson,Nashville,3/9/2015 5:39:00 PM,2,0,0,36.157510,-86.617270,BELL RD,,,,2429.00,Feet,South,DODSON CHAPEL RD,,,,0.00,N,Not at Intersection,N,Non-Junction,None,,,         ,Thomas,Barnes,Rain,Front to Rear,no,no,no,no,no,False
100769560,METROPOLITAN NASHVILLE POLICE DEPT,20150229939,Davidson,Nashville,3/9/2015 7:43:00 PM,2,0,0,36.167720,-86.599730,OLD HICKORY BLVD,,,,400.00,Feet,North,HERMITAGE PARK LN,,,,0.00,N,Not at Intersection,N,Non-Junction,None,,,         ,Tyler,Conrads,Rain,Other,no,no,no,yes,yes,False
100769561,THP District 3 - Nashville,315013503,Davidson,Nashville,3/9/2015 7:55:00 AM,2,0,0,36.159670,-86.623110,I 40,,,,0.00,,,,,,,219.40,N,Not at Intersection, ,Non-Junction,None,,,         ,William,Bennett,Clear,Front to Rear,no,no,no,no,no,False
100769566,METROPOLITAN NASHVILLE POLICE DEPT,20150229834,Davidson,Nashville,3/9/2015 6:51:00 PM,2,1,0,36.107680,-86.768740,I 65,,,,0.00,,,,,,,79.55,N,Not at Intersection,N,Non-Junction,None,,,         ,Nicholas,Smith,Cloudy,"Sideswipe, Same Direction",no,no,no,no,no,False
100769576,METROPOLITAN NASHVILLE POLICE DEPT,20150229012,Davidson,Nashville,3/9/2015 2:48:00 PM,2,0,0,36.202660,-86.776880,I 65,,,,0.00,,,,,,,87.05,N,Not at Intersection, ,Non-Junction,Construction Zone,,,         ,Victor,Alexander,Cloudy,"Sideswipe, Same Direction",no,no,no,no,no,False
100769590,METROPOLITAN NASHVILLE POLICE DEPT,20150229881,Davidson,Nashville,3/9/2015 7:19:00 PM,2,1,0,36.040010,-86.743490,STATE HWY 254,,,,0.00,,,EDMONDSON PIKE,,,,0.00,Y,Four-Way,N,Intersection-Related,None,,,         ,Tien,Nguyen,Rain,Angle,no,no,no,no,no,False
100769594,METROPOLITAN NASHVILLE POLICE DEPT,20150226143,Davidson,Nashville,3/8/2015 7:37:00 PM,2,1,0,36.167150,-86.816330,I 40,,,,0.00,,,,,,,206.70,N,Not at Intersection,N,Non-Junction,None,,,         ,Ashton,Hill,Cloudy,"Sideswipe, Same Direction",no,no,no,no,yes,False
100769598,METROPOLITAN NASHVILLE POLICE DEPT,20150229990,Davidson,Nashville,3/9/2015 7:50:00 PM,1,0,0,36.133550,-86.801160,US HWY 431,,,,0.00,,,MAGNOLIA BLVD,,,,0.00,Y,Y-Intersection,N,Intersection-Related,None,,,         ,Charles,Griffin,Rain,Not Collision with Motor Vehicle in Transport,no,no,no,no,no,False
100769603,METROPOLITAN NASHVILLE POLICE DEPT,20150219716,Davidson,Nashville,3/6/2015 1:32:00 PM,1,0,0,36.216390,-86.592300,US HWY 70,,,,0.00,,,,,,,0.00,,,N,Non-Junction,None,,,         ,Jeb,Johnston,Clear,Not Collision with Motor Vehicle in Transport,no,no,no,yes,no,False
100769606,METROPOLITAN NASHVILLE POLICE DEPT,20150226422,Davidson,Nashville,3/8/2015 9:51:00 PM,2,1,0,36.045610,-86.719760,STATE HWY 254,,,,0.00,,,ZERMATT AVE,,,,0.00,Y,T-Intersection,N,Intersection,None,,,         ,John,Stanfield,Rain,Angle,no,no,no,no,yes,False
100769617,METROPOLITAN NASHVILLE POLICE DEPT,2015-0229983,Davidson,Not in City Limit,3/9/2015 8:03:00 PM,2,0,0,36.114000,-86.927170,US HWY 70,,,,200.00,Feet,East,WHEATFIELD WAY,,,,0.00,N,Not at Intersection,N,Non-Junction,None,,,         ,Michael,Rogers,Rain,Angle,no,no,no,no,no,False
100769622,METROPOLITAN NASHVILLE POLICE DEPT,20150230215,Davidson,Nashville,3/9/2015 9:39:00 PM,2,0,0,36.151030,-86.797800,LYLE AVE,,,,306.00,Feet,North,US HWY 431,,,,0.00,N,Not at Intersection, ,OtherLocation,None,,,         ,Tien,Nguyen,Rain,Front to Rear,no,no,no,no,yes,False
100769633,METROPOLITAN NASHVILLE POLICE DEPT,20150229863,Davidson,Nashville,3/9/2015 7:13:00 PM,2,0,0,36.077080,-86.725570,EDMONDSON PIKE,,,,0.00,Feet,,WALLACE RD,,,,0.00,Y,Four-Way,N,Intersection-Related,None,,,         ,Kevin,Wiles,Rain,Front to Rear,no,no,no,no,no,False
100769643,METROPOLITAN NASHVILLE POLICE DEPT,20150230248,Davidson,Nashville,3/9/2015 10:19:00 PM,2,0,0,36.109210,-86.720090,-- UNKNOWN RAMP/ROAD --,,,,0.00,Feet,East,I 24,,,,0.00,N,Not at Intersection, ,,,,,         ,Jessie,Meadows,,,no,no,no,no,no,False
100769647,METROPOLITAN NASHVILLE POLICE DEPT,20150230650,Davidson,Nashville,3/10/2015 11:00:00 PM,2,0,0,36.175830,-86.605840,-- UNKNOWN RAMP/ROAD --,,,,363.00,Feet,North,FRIST BLVD,,,,0.00,N,Not at Intersection, ,Non-Junction,None,,,         ,Bo,Branum,Rain,Angle,no,no,no,yes,yes,False
100769666,METROPOLITAN NASHVILLE POLICE DEPT,20150230751,Davidson,Nashville,3/10/2015 1:35:00 AM,2,1,0,36.191710,-86.785620,I 65,,,,0.00,,,,,,,86.00,N,Not at Intersection,N,Non-Junction,None,,,         ,James,Jarvis,Rain,"Sideswipe, Same Direction",no,no,no,no,no,False
100769677,METROPOLITAN NASHVILLE POLICE DEPT,20150231104,Davidson,Nashville,3/10/2015 4:33:00 AM,1,0,0,36.127190,-86.706480,THOMPSON PL,,,,226.00,Feet,East,PATRICIA DR,,,,0.00,N,Not at Intersection, ,Non-Junction,None,,,         ,Larry,Preuett,Rain,Not Collision with Motor Vehicle in Transport,no,no,no,yes,no,False
100769681,METROPOLITAN NASHVILLE POLICE DEPT,20150231200,Davidson,Nashville,3/10/2015 5:14:00 AM,1,1,0,36.141570,-86.740580,US HWY 41,,,,0.00,,,FOSTER AVE,,,,0.00,Y,T-Intersection,N,Non-Junction,None,,,         ,Brian,Penny,Rain,Not Collision with Motor Vehicle in Transport,no,no,no,no,no,False
100769685,METROPOLITAN NASHVILLE POLICE DEPT,2015-0224660,Davidson,Nashville,3/8/2015 3:49:00 AM,1,1,0,36.115230,-86.721260,GLENROSE AVE,,,,179.00,Feet,East,GLENMONT DR,,,,0.00,N,Not at Intersection,N,Non-Junction,None,,,         ,Wallis,Massey,Clear,Not Collision with Motor Vehicle in Transport,no,no,no,no,no,False
100769702,METROPOLITAN NASHVILLE POLICE DEPT,20150228928,Davidson,Nashville,3/9/2015 2:21:00 PM,2,1,0,36.104620,-86.812470,RICHARD JONES RD,,,,598.00,Feet,South,US HWY 431,,,,0.00,N,Not at Intersection,N,Non-Junction,None,,,         ,Samuel,Ruth,Clear,Angle,no,no,no,no,no,False
100769707,METROPOLITAN NASHVILLE POLICE DEPT,20150228900,Davidson,Nashville,3/10/2015 2:11:00 PM,2,0,0,36.078840,-86.745870,STATE HWY 255,,,,213.00,Feet,West,DANBY DR,,,,0.00,N,Not at Intersection, ,,None,,,         ,Gary,Sneed,,,no,no,no,no,no,False
100769728,METROPOLITAN NASHVILLE POLICE DEPT,20150231419,Davidson,Nashville,3/10/2015 7:26:00 AM,2,0,0,36.147960,-86.806310,WEST END,AVE,,,0.00,,,24TH AVE N,AVE,SR,,0.00,Y,Four-Way, ,Intersection-Related,None,,,         ,Phillip,Murphy,Rain,Front to Rear,no,no,no,no,no,Campus