master_record_number,agency,agency_tracking_number,county,city,collision_date,vehicles_involved,number_injured,number_dead,latitude,longitude,roadway_name,roadway_suffix,roadway_number,roadway_local_id,distance_from_reference,miles-feet_indicator,direction_from_reference,intersection_road_name,intersection_road_name_suffix,intersection_road_number,intersection_local_id,mile_marker,intersection_indicator,intersect_type,interchange_related_indicator,relation_to_junction,work_zone_type,construction_maintenance_zone,construction_maintenance_zone_location,fatal_case_number,officer_first_name,officer_last_name,weather_condition(s),manner_of_crash,pedestrian,bicycle,scooter,parking,hitrun,mou
100771874,METROPOLITAN NASHVILLE POLICE DEPT,20150245454,Davidson,Nashville,3/13/2015 9:24:00 PM,1,1,0,36.066490,-86.696920,KEELEY DR,,,,618.00,Feet,South,CREEKSIDE DR,,,,0.00,N,Not at Intersection,N,Non-Junction,None,,,         ,Justin,McCormick,Rain,Not Collision with Motor Vehicle in Transport,no,no,no,no,no,False
100771884,METROPOLITAN NASHVILLE POLICE DEPT,20150245579,Davidson,Nashville,3/13/2015 10:20:00 PM,2,0,0,36.147880,-86.808030,ELLISTON PL,,,,130.00,Feet,West,REIDHURST AVE,,,,0.00,N,Not at Intersection,N,Non-Junction,None,,,         ,Jason,Dudley,Rain,Angle,no,no,no,yes,no,Campus
100771899,METROPOLITAN NASHVILLE POLICE DEPT,20150243835,Davidson,Nashville,3/13/2015 1:50:00 PM,2,0,0,36.244700,-86.784750,I 24,,,,0.00,,,,,,,42.95,N,Not at Intersection, ,Non-Junction,None,,,         ,Joseph,Cadden,Rain,Front to Rear,no,no,no,no,no,False
100771903,METROPOLITAN NASHVILLE POLICE DEPT,20150243905,Davidson,Not in City Limit,3/13/2015 2:20:00 PM,2,1,0,36.279760,-86.708640,US HWY 31E,,,,0.00,Feet,,RAMP,,,,0.00,Y,T-Intersection,N,Intersection,None,,,         ,Charles,Holmes,Rain,Front to Rear,no,no,no,no,no,False
100771905,METROPOLITAN NASHVILLE POLICE DEPT,2015-0243747,Davidson,Nashville,3/13/2015 1:00:00 PM,2,0,0,36.241780,-86.747790,-- UNKNOWN RAMP/ROAD --,,,,0.00,,,I 65,,,,0.00,Y,OTHER, ,Entrance/Exit Ramp Related,Construction Zone,,,         ,Jordan,Lowry,Rain,"Sideswipe, Same Direction",no,no,no,no,no,False
100771928,METROPOLITAN NASHVILLE POLICE DEPT,20150246388,Davidson,Nashville,3/14/2015 7:34:00 AM,1,0,0,36.161270,-86.597800,BELL RD,,,,0.00,,,RAMP,,,,0.00,Y,T-Intersection,N,Non-Junction,None,,,         ,William,Mckay,Cloudy,Not Collision with Motor Vehicle in Transport,no,no,no,no,no,False
100771932,METROPOLITAN NASHVILLE POLICE DEPT,20150246390,Davidson,Nashville,3/14/2015 7:30:00 AM,2,0,0,36.125350,-86.742390,GLENROSE AVE,,,,0.00,,,FOSTER AVE,,,,0.00,Y,Four-Way,N,Intersection,None,,,         ,Christopher,Hanor,Cloudy,Angle,no,no,no,no,no,False
100771945,METROPOLITAN NASHVILLE POLICE DEPT,20150246654,Davidson,Nashville,3/14/2015 10:25:00 AM,2,0,0,36.046350,-86.657620,STATE HWY 254,,,,156.00,Feet,East,COLLINS PARK DR,,,,0.00,N,Not at Intersection, ,,None,,,         ,Brandon,Tennant,,,no,no,no,no,no,False
100771952,METROPOLITAN NASHVILLE POLICE DEPT,20150246669,Davidson,Nashville,3/14/2015 10:33:00 AM,2,0,0,36.142230,-86.828920,37TH AVE N,,,,0.00,,,NEBRASKA AVE,,,,0.00,Y,Four-Way, ,,None,,,         ,Corteze,Armstrong,,,no,no,no,no,no,False
100771958,METROPOLITAN NASHVILLE POLICE DEPT,20150243739,Davidson,Nashville,3/13/2015 1:15:00 PM,2,0,0,36.163370,-86.776110,2ND AVE N,,,,34.00,Feet,North,COMMERCE ST,,,,0.00,N,Not at Intersection, ,,None,,,         ,Joshua,Hollins,,,no,no,no,no,no,False
100771962,METROPOLITAN NASHVILLE POLICE DEPT,20150246670,Davidson,Nashville,3/14/2015 10:02:00 AM,2,0,0,36.237760,-86.787210,STATE HWY 155,,,,0.00,Feet,East,I 24,,,,0.00,N,Not at Intersection,Y,Entrance/Exit Ramp Related,None,,,         ,Michael,Parman,Cloudy,Front to Rear,no,no,no,no,no,False
100771990,METROPOLITAN NASHVILLE POLICE DEPT,20150246758,Davidson,Nashville,3/14/2015 12:00:00 AM,1,0,0,36.101400,-86.669840,CITATION DR,,,,0.00,,,CITATION CT,,,,0.00,Y,T-Intersection, ,OtherLocation,None,,,         ,Roderic,Williams,Unknown,Not Collision with Motor Vehicle in Transport,no,no,no,yes,yes,False
100771993,THP District 3 - Nashville,315012488,Davidson,Nashville,3/4/2015 6:22:00 PM,2,0,0,36.074270,-86.739330,BLACKMAN RD,,,,0.00,,,DARLINGTON DR,,,,0.00,Y,T-Intersection, ,Intersection,None,,,         ,Charles,Achinger,Rain,Front to Rear,no,no,no,no,no,False
100772001,METROPOLITAN NASHVILLE POLICE DEPT,2015-0238843,Davidson,Nashville,3/12/2015 7:27:00 AM,2,0,0,36.164610,-86.615130,I 40,,,,0.00,,,,,,,220.00,N,Not at Intersection, ,Entrance/Exit Ramp Related,None,,,         ,Jeb,Johnston,Cloudy,"Sideswipe, Same Direction",no,no,no,no,no,False
100772002,METROPOLITAN NASHVILLE POLICE DEPT,2015-0246770,Davidson,Nashville,3/14/2015 11:41:00 AM,2,0,0,36.173780,-86.762840,MAIN ST,,,,0.00,,,N 6TH ST,,,,0.00,Y,T-Intersection,N,Non-Junction,None,,,         ,Doyle,Price,Rain,Front to Rear,no,no,no,no,no,False
100772006,METROPOLITAN NASHVILLE POLICE DEPT,20150246850,Davidson,Nashville,3/14/2015 12:00:00 PM,2,0,0,36.185120,-86.747770,GALLATIN AVE,,,,171.00,Feet,North,CHICAMAUGA AVE,,,,0.00,N,Not at Intersection, ,"Driveway, Alley Access, etc",None,,,         ,Royce,McLester,Rain,Angle,no,no,no,yes,yes,False
100772007,METROPOLITAN NASHVILLE POLICE DEPT,20150246854,Davidson,Nashville,3/14/2015 12:21:00 PM,2,0,0,36.159640,-86.800140,PEARL ST,,,,73.00,Feet,West,FISK ST,,,,0.00,N,Not at Intersection, ,Non-Junction,None,,,         ,Ky,Luu,Rain,"Sideswipe, Same Direction",no,no,no,no,no,False
100772008,METROPOLITAN NASHVILLE POLICE DEPT,20150246793,Davidson,Nashville,3/14/2015 11:52:00 AM,2,0,0,36.135550,-86.797010,MAGNOLIA BLVD,,,,46.00,Feet,East,18TH AVE S,,,,0.00,N,Not at Intersection, ,Non-Junction,None,,,         ,Joshua,Dickall,Rain,Front to Rear,no,no,no,no,no,False
100772010,METROPOLITAN NASHVILLE POLICE DEPT,2015-0246898,Davidson,Nashville,3/14/2015 12:40:00 PM,2,0,0,36.139050,-86.880580,US HWY 70,,,,0.00,,,ANNEX AVE,,,,0.00,Y,Four-Way, ,Intersection-Related,None,,,         ,Benjamin,Cantrell,Rain,"Sideswipe, Same Direction",no,no,no,no,no,False
100772012,METROPOLITAN NASHVILLE POLICE DEPT,20150243806,Davidson,Nashville,3/13/2015 1:30:00 PM,2,0,0,36.131860,-86.726970,-- UNKNOWN RAMP/ROAD --,,,,0.00,,,I 24,,,,0.00,Y,Y-Intersection, ,Entrance/Exit Ramp Related,None,,,         ,Roderic,Williams,Rain,Front to Rear,no,no,no,no,no,False
100772014,METROPOLITAN NASHVILLE POLICE DEPT,20150246954,Davidson,Nashville,3/14/2015 1:49:00 PM,1,0,0,36.173380,-86.799760,I 65,,,,0.00,,,,,,,84.55,N,Not at Intersection,N,Non-Junction,None,,,         ,Michael,Brooks,Cloudy,Not Collision with Motor Vehicle in Transport,no,no,no,no,no,False
100772015,METROPOLITAN NASHVILLE POLICE DEPT,20150246893,Davidson,Nashville,3/14/2015 12:55:00 PM,2,0,0,36.082670,-86.727250,WELSHWOOD DR,,,,0.00,,,US HWY 31 ALT,,,,0.00,Y,T-Intersection, ,Intersection,None,,,         ,Kevin,Caperton,Rain,Angle,no,no,no,no,no,False
100772016,METROPOLITAN NASHVILLE POLICE DEPT,20150246855,Davidson,Nashville,3/14/2015 12:25:00 PM,2,0,0,36.163710,-86.778950,4TH AVE N,,,,0.00,,,CHURCH ST,,,,0.00,Y,Four-Way, ,Intersection-Related,None,,,         ,Michael,Johnson,Rain,Front to Rear,no,no,no,no,no,False
100772019,METROPOLITAN NASHVILLE POLICE DEPT,20150246907,Davidson,Nashville,3/14/2015 12:42:00 PM,2,0,0,36.081970,-86.727040,US HWY 31 ALT,,,,263.00,Feet,South,WELSHWOOD DR,,,,0.00,N,Not at Intersection, ,Non-Junction,None,,,         ,Tony,Folad,Rain,Angle,no,no,no,no,no,False
100772022,METROPOLITAN NASHVILLE POLICE DEPT,20150246765,Davidson,Nashville,3/14/2015 11:35:00 AM,2,0,0,36.152610,-86.834820,40TH AVE N,,,,61.00,Feet,North,US HWY 70,,,,0.00,N,Not at Intersection,N,Non-Junction,None,,,         ,James,Pierceall,Cloudy,Not Collision with Motor Vehicle in Transport,no,no,no,yes,no,False
100772023,METROPOLITAN NASHVILLE POLICE DEPT,20150246841,Davidson,Nashville,3/14/2015 12:20:00 PM,2,0,0,36.213110,-86.775670,I 65,,,,0.00,,,,,,,87.80,N,Not at Intersection, ,Non-Junction,None,,,         ,William,Crowe,Rain,Front to Rear,no,no,no,no,no,False
100772038,METROPOLITAN NASHVILLE POLICE DEPT,20150245052,Davidson,Nashville,3/13/2015 8:30:00 PM,2,1,0,36.239810,-86.773330,STATE HWY 155,,,,840.00,Feet,East,MOOREWOOD DR,,,,0.00,N,Not at Intersection,N,Non-Junction,None,,,         ,Ryan,Sabel,Rain,Not Collision with Motor Vehicle in Transport,no,no,no,no,yes,False
100772045,METROPOLITAN NASHVILLE POLICE DEPT,2015-0244429,Davidson,Nashville,3/14/2015 5:45:00 PM,2,0,0,36.125780,-86.846500,KENNER AVE,,,,0.00,,,US HWY 70S,,,,0.00,Y,Four-Way, ,Non-Junction,None,,,         ,Alex,Lampley,Rain,"Sideswipe, Same Direction",no,no,no,no,no,False
100772046,METROPOLITAN NASHVILLE POLICE DEPT,20150246915,Davidson,Nashville,3/14/2015 12:54:00 PM,2,0,0,36.183600,-86.817140,LACY ST,,,,85.00,Feet,East,25TH AVE N,,,,0.00,N,Not at Intersection,N,Non-Junction,None,,,         ,Nathan,Mayo,Rain,Other,no,no,no,no,yes,False
100772050,METROPOLITAN NASHVILLE POLICE DEPT,20150246952,Davidson,Nashville,3/14/2015 9:45:00 AM,2,0,0,36.086700,-86.698970,-- UNKNOWN RAMP/ROAD --,,,,0.00,,,I 24,,,,0.00,Y,OTHER,Y,Entrance/Exit Ramp Related,None,,,         ,Stephen,Soule,Unknown,Angle,no,no,no,no,yes,False
100772055,METROPOLITAN NASHVILLE POLICE DEPT,20150240427,Davidson,Nashville,3/12/2015 4:05:00 PM,2,0,0,36.133070,-86.727110,I 24,,,,0.00,,,,,,,52.00,N,Not at Intersection, ,Non-Junction,None,,,         ,Adam,Earle,Clear,Front to Rear,no,no,no,no,yes,False
100772058,METROPOLITAN NASHVILLE POLICE DEPT,20150247019,Davidson,Whites Creek,3/14/2015 1:50:00 PM,2,0,0,36.274990,-86.875490,CARNEY RD,,,,23.00,Feet,South,OLD HICKORY BLVD,,,,0.00,N,Not at Intersection, ,,None,,,         ,Jacob,Partin,,,no,no,no,no,no,False
100772059,METROPOLITAN NASHVILLE POLICE DEPT,2015-0246637,Davidson,Nashville,3/14/2015 10:05:00 AM,2,0,0,36.241110,-86.785810,I 24,,,,0.00,,,,,,,43.30,N,Not at Intersection, ,Entrance/Exit Ramp Related,Construction Zone,,,         ,Charles,Kaster,Rain,Front to Rear,no,no,no,no,no,False
100772060,METROPOLITAN NASHVILLE POLICE DEPT,2015-0246800,Davidson,Not in City Limit,3/14/2015 12:00:00 PM,2,1,0,36.324990,-86.875490,I 24,,,,0.00,,,,,,,34.55,N,Not at Intersection,N,Non-Junction,None,,,         ,Charles,Kaster,Rain,Angle,no,no,no,no,no,False
100772062,METROPOLITAN NASHVILLE POLICE DEPT,20150247104,Davidson,Nashville,3/14/2015 3:21:00 PM,1,0,0,36.191710,-86.785640,I 65,,,,0.00,,,,,,,86.00,N,Not at Intersection,N,Non-Junction,None,,,         ,Seth,Oden,Rain,Not Collision with Motor Vehicle in Transport,no,no,no,no,no,False
100772063,METROPOLITAN NASHVILLE POLICE DEPT,20150247067,Davidson,Nashville,3/14/2015 3:10:00 PM,2,0,0,36.117120,-86.791510,GALE LN,,,,0.00,Feet,,GRANNY WHITE PIKE,,,,0.00,Y,Four-Way,N,Intersection-Related,None,,,         ,Nicholas,Smith,Rain,Angle,no,no,no,no,no,False
100772065,METROPOLITAN NASHVILLE POLICE DEPT,20150247094,Davidson,Nashville,3/14/2015 3:19:00 PM,2,0,0,36.030030,-86.679070,DEER VALLEY TRL,,,,80.00,Feet,North,BLUFFHOLLOW GAP,,,,0.00,N,Not at Intersection, ,Non-Junction,None,,,         ,Joseph,Progar,Rain,"Sideswipe, Same Direction",no,no,no,no,no,False
100772066,METROPOLITAN NASHVILLE POLICE DEPT,20150247004,Davidson,Not in City Limit,3/14/2015 2:22:00 PM,2,0,0,36.078930,-86.951640,US HWY 70S,,,,214.00,Feet,East,CONNECTING ROAD,,,,0.00,N,Not at Intersection,N,Non-Junction,None,,,         ,Adam,Reese,Rain,"Sideswipe, Same Direction",no,no,no,yes,yes,False
100772067,METROPOLITAN NASHVILLE POLICE DEPT,20150247118,Davidson,Nashville,3/14/2015 3:16:00 PM,2,0,0,36.159780,-86.792030,-- UNKNOWN RAMP/ROAD --,,,,0.00,Feet,East,I 40,,,,0.00,N,Not at Intersection,N,Non-Junction,None,,,         ,Pedro,Rivera Chaparro,Rain,"Sideswipe, Same Direction",no,no,no,no,yes,False
100772077,GOODLETTSVILLE POLICE DEPT,15-10006,Davidson,Goodlettsville,3/14/2015 3:48:00 PM,2,0,0,36.322200,-86.701610,CONFERENCE DR,,,,0.00,,,NORTHGATE DR,,,,0.00,Y,Four-Way,N,Intersection-Related,None,,,         ,Benny,Alexander,Rain,Front to Rear,no,no,no,no,no,False
100772078,METROPOLITAN NASHVILLE POLICE DEPT,20150247084,Davidson,Nashville,3/14/2015 3:20:00 PM,3,0,0,36.132840,-86.727110,I 24,,,,0.00,,,,,,,52.00,N,Not at Intersection, ,Non-Junction,None,,,         ,Dale,Dameron,Rain,Front to Rear,no,no,no,no,no,False
100772084,METROPOLITAN NASHVILLE POLICE DEPT,20150247168,Davidson,Madison,3/14/2015 2:18:00 PM,2,0,0,36.258600,-86.713480,US HWY 31E,,,,70.00,Feet,North,HARRIS ST,,,,0.00,N,Not at Intersection, ,,None,,,         ,Ryan,Allen,,,no,no,no,no,no,False
100772087,METROPOLITAN NASHVILLE POLICE DEPT,20150247073,Davidson,Nashville,3/14/2015 3:08:00 PM,3,1,0,36.245090,-86.722130,US HWY 31E,,,,211.00,Feet,North,LAKEWOOD DR,,,,0.00,N,Not at Intersection,N,Non-Junction,None,,,         ,Samuel,Miller,Rain,Front to Rear,no,no,no,no,no,False
100772088,METROPOLITAN NASHVILLE POLICE DEPT,20150247065,Davidson,Nashville,3/14/2015 3:14:00 PM,2,0,0,36.133240,-86.801270,PORTLAND AVE,,,,0.00,,,US HWY 431,,,,0.00,Y,T-Intersection, ,Intersection,None,,,         ,Mekisha,Page,Rain,Front to Rear,no,no,no,no,no,False
100772099,METROPOLITAN NASHVILLE POLICE DEPT,20150247190,Davidson,Nashville,3/14/2015 12:00:00 AM,2,0,0,36.077780,-86.724110,WALLACE RD,,,,511.00,Feet,East,US HWY 31 ALT,,,,0.00,N,Not at Intersection, ,,None,,,         ,Jonathan,Frith,,,no,no,no,yes,no,False
100772107,METROPOLITAN NASHVILLE POLICE DEPT,20150247272,Davidson,Nashville,3/14/2015 5:00:00 PM,2,0,0,36.139830,-86.787570,HORTON AVE,,,,0.00,,,12TH AVE S,,,,0.00,Y,OTHER, ,OtherLocation,None,,,         ,Mekisha,Page,Cloudy,"Sideswipe, Same Direction",no,no,no,yes,yes,False
100772113,GOODLETTSVILLE POLICE DEPT,15-09976,Davidson,Goodlettsville,3/14/2015 10:46:00 AM,2,0,0,36.306870,-86.697120,STATE HWY 386,,,,696.00,Feet,West,EXIT 1,,,,0.00,N,Not at Intersection, ,Non-Junction,None,,,         ,George,Henry,Rain,Angle,no,no,no,no,no,False
100772114,METROPOLITAN NASHVILLE POLICE DEPT,20150247210,Davidson,Nashville,3/14/2015 4:06:00 PM,2,0,0,36.170450,-86.768460,INTERSTATE DR,,,,0.00,,,WOODLAND ST,,,,0.00,Y,Four-Way,N,Intersection,None,,,         ,Seth,Oden,Rain,Angle,no,no,no,no,no,False
100772120,METROPOLITAN NASHVILLE POLICE DEPT,2015-0247023,Davidson,Nashville,3/14/2015 2:26:00 PM,2,0,0,36.153870,-86.880570,HENRY FORD DR,,,,220.00,Feet,West,BAGLEYSHOP DR,,,,0.00,N,Not at Intersection,N,Non-Junction,None,,,         ,Michael,Rogers,Rain,HeadOn,no,no,no,no,yes,False
100772123,METROPOLITAN NASHVILLE POLICE DEPT,20150247365,Davidson,Not in City Limit,3/14/2015 5:14:00 PM,2,1,0,36.263040,-86.711790,STATE HWY 45,,,,34.00,Feet,East,US HWY 31E,,,,0.00,N,Not at Intersection,N,Non-Junction,None,,,         ,Ryan,Stanford,Rain,Front to Rear,no,no,no,no,no,False
100772128,METROPOLITAN NASHVILLE POLICE DEPT,20150247299,Davidson,Nashville,3/14/2015 4:54:00 PM,1,1,0,36.124000,-86.701390,VULTEE BLVD,,,,458.00,Feet,West,GOODBAR DR,,,,0.00,N,Not at Intersection,N,Non-Junction,None,,,         ,Michael,Apsey,Rain,Not Collision with Motor Vehicle in Transport,no,no,no,no,no,False
100772131,METROPOLITAN NASHVILLE POLICE DEPT,20150247011,Davidson,Not in City Limit,3/14/2015 2:05:00 PM,3,0,0,36.257010,-86.787410,I 24,,,,0.00,,,,,,,42.10,N,Not at Intersection,N,Non-Junction,None,,,         ,Michael,Brooks,Rain,Front to Rear,no,no,no,no,no,False
100772132,METROPOLITAN NASHVILLE POLICE DEPT,20150247231,Davidson,Nashville,3/14/2015 4:50:00 PM,3,0,0,36.243820,-86.785010,I 24,,,,0.00,,,,,,,42.90,N,Not at Intersection, ,Non-Junction,None,,,         ,Michael,Brooks,Rain,Front to Rear,no,no,no,no,no,False
100772133,METROPOLITAN NASHVILLE POLICE DEPT,20150247356,Davidson,Nashville,3/14/2015 4:46:00 PM,2,0,0,36.170890,-86.803840,I 40,,,,0.00,,,,,,,207.65,N,Not at Intersection,N,Non-Junction,None,,,         ,Michael,Brooks,Rain,"Sideswipe, Same Direction",no,no,no,no,yes,False
100772136,METROPOLITAN NASHVILLE POLICE DEPT,20150247103,Davidson,Nashville,3/14/2015 3:20:00 PM,2,1,0,36.240730,-86.757460,US HWY 31W,,,,0.00,,,RAMP,,,,0.00,Y,T-Intersection,Y,Entrance/Exit Ramp Related,None,,,         ,Nathan,Dungan,Rain,Angle,no,no,no,no,no,False
100772138,METROPOLITAN NASHVILLE POLICE DEPT,20150247410,Davidson,Nashville,3/14/2015 5:35:00 PM,1,0,0,36.247990,-86.719760,DUE WEST AVE E,,,,166.00,Feet,East,US HWY 31E,,,,0.00,N,Not at Intersection,N,Non-Junction,None,,,         ,Joseph,Jakes,Rain,Not Collision with Motor Vehicle in Transport,no,no,no,no,yes,False
100772143,METROPOLITAN NASHVILLE POLICE DEPT,20150247035,Davidson,Nashville,3/14/2015 2:53:00 PM,2,1,0,36.048080,-86.652540,HICKORY HOLLOW LN,,,,464.00,Feet,South,STATE HWY 254,,,,0.00,N,Not at Intersection,N,Non-Junction,None,,,         ,Thomas,Odom,Rain,Angle,no,no,no,no,no,False
100772148,METROPOLITAN NASHVILLE POLICE DEPT,20150244075,Davidson,Nashville,3/13/2015 3:30:00 PM,2,0,0,36.243180,-86.722970,US HWY 31E,,,,527.00,Feet,South,LAKEWOOD DR,,,,0.00,N,Not at Intersection,N,Non-Junction,None,,,         ,Nathan,Dungan,Rain,Front to Rear,no,no,no,no,no,False
100772150,METROPOLITAN NASHVILLE POLICE DEPT,20150247432,Davidson,Nashville,3/14/2015 5:13:00 PM,2,0,0,36.134220,-86.774730,WEDGEWOOD AVE,,,,0.00,,,I 65,,,,0.00,Y,T-Intersection, ,Intersection,None,,,         ,Mekisha,Page,Rain,Angle,no,no,no,no,yes,False
100772171,METROPOLITAN NASHVILLE POLICE DEPT,20150247317,Davidson,Nashville,3/14/2015 5:01:00 PM,3,1,0,36.079580,-86.726330,US HWY 31 ALT,,,,0.00,,,STATE HWY 255,,,,0.00,Y,Four-Way,N,Intersection,None,,,         ,David,Collins,Rain,Front to Rear,no,no,no,no,no,False
100772179,METROPOLITAN NASHVILLE POLICE DEPT,20150241232,Davidson,Nashville,3/12/2015 8:35:00 PM,2,0,0,36.253270,-86.716740,US HWY 31E,,,,230.00,Feet,North,EMMITT AVE,,,,0.00,N,Not at Intersection, ,"Driveway, Alley Access, etc",None,,,         ,Nathan,Dungan,Clear,Front to Rear,no,no,no,yes,yes,False
100772180,METROPOLITAN NASHVILLE POLICE DEPT,20150244101,Davidson,Whites Creek,3/13/2015 3:30:00 PM,2,0,0,36.277260,-86.796250,HICKORY HILLS BLVD,,,,0.00,,,WESTCAP RD,,,,0.00,Y,T-Intersection, ,Intersection-Related,None,,,         ,Nathan,Dungan,Rain,Front to Rear,no,no,no,no,no,False
100772181,METROPOLITAN NASHVILLE POLICE DEPT,20150244400,Davidson,Goodlettsville,3/13/2015 5:00:00 PM,2,0,0,36.292940,-86.719560,I 65,,,,0.00,,,,,,,94.50,N,Not at Intersection, ,Non-Junction,None,,,         ,Nathan,Dungan,Rain,Front to Rear,no,no,no,no,no,False
100772182,METROPOLITAN NASHVILLE POLICE DEPT,20150247066,Davidson,Nashville,3/14/2015 3:10:00 PM,2,2,0,36.044850,-86.663340,STATE HWY 254,,,,540.00,Feet,West,CANE RIDGE RD,,,,0.00,N,Not at Intersection,N,Non-Junction,None,,,         ,John,Stanfield,Rain,Front to Rear,no,no,no,no,no,False
100772183,METROPOLITAN NASHVILLE POLICE DEPT,20150247394,Davidson,Nashville,3/14/2015 5:30:00 PM,2,0,0,36.067080,-86.718200,US HWY 31 ALT,,,,161.00,Feet,North,NORTHCREST DR,,,,0.00,N,Not at Intersection,N,Non-Junction,None,,,         ,John,Stanfield,Rain,Front to Rear,no,no,no,no,yes,False
100772188,METROPOLITAN NASHVILLE POLICE DEPT,20150247809,Davidson,Nashville,3/14/2015 8:06:00 PM,2,0,0,36.046950,-86.673800,BLUE HOLE RD,,,,473.00,Feet,North,STATE HWY 254,,,,0.00,N,Not at Intersection, ,Non-Junction,None,,,         ,Thomas,Odom,Rain,Angle,no,no,no,no,no,False
100772195,METROPOLITAN NASHVILLE POLICE DEPT,20150247123,Davidson,Nashville,3/14/2015 3:30:00 PM,2,0,0,36.139760,-86.760820,OLD RADNOR CAR LINE RD,,,,0.00,,,US HWY 31 ALT,,,,0.00,Y,Four-Way, ,Intersection,None,,,         ,Adam,Earle,Rain,"Sideswipe, Same Direction",no,no,no,no,no,False
100772205,METROPOLITAN NASHVILLE POLICE DEPT,20150247803,Davidson,Nashville,3/14/2015 8:06:00 PM,1,0,0,36.255360,-86.654520,MERRITT ST,,,,200.00,Feet,South,STATE HWY 45,,,,0.00,N,Not at Intersection, ,Non-Junction,None,,,         ,Tyler,Conrads,Clear,Not Collision with Motor Vehicle in Transport,no,no,no,no,no,False
100772211,METROPOLITAN NASHVILLE POLICE DEPT,20150247653,Davidson,Nashville,3/14/2015 7:11:00 PM,4,2,0,36.132190,-86.894910,US HWY 70,,,,105.00,Feet,East,-- UNKNOWN RAMP/ROAD --,,,,0.00,N,Not at Intersection,N,Non-Junction,None,,,         ,Adam,Reese,Rain,Front to Rear,no,no,no,no,no,False
100772217,METROPOLITAN NASHVILLE POLICE DEPT,20150245011,Davidson,Nashville,3/13/2015 8:30:00 PM,2,1,0,36.241430,-86.767030,DOVERSIDE DR,,,,75.00,Feet,West,OAKVIEW DR,,,,0.00,N,Not at Intersection,N,Non-Junction,None,,,         ,Nathan,Dungan,Rain,Front to Rear,no,no,no,no,no,False
100772218,METROPOLITAN NASHVILLE POLICE DEPT,20150245200,Davidson,Madison,3/13/2015 9:15:00 PM,2,0,0,36.249220,-86.719510,US HWY 31E,,,,75.00,Feet,South,E PALESTINE AVE,,,,0.00,N,Not at Intersection, ,Non-Junction,None,,,         ,Nathan,Dungan,Rain,"Sideswipe, Same Direction",no,no,no,no,no,False
100772233,METROPOLITAN NASHVILLE POLICE DEPT,20150247603,Davidson,Nashville,3/14/2015 6:42:00 PM,2,0,0,36.213890,-86.775350,I 65,,,,0.00,,,,,,,87.85,N,Not at Intersection,N,Non-Junction,Construction Zone,Intermittent Moving Work,Termination Area,         ,Michael,Brooks,Rain,"Sideswipe, Same Direction",no,no,no,no,yes,False
100772234,METROPOLITAN NASHVILLE POLICE DEPT,20150245350,Davidson,Nashville,3/13/2015 6:00:00 PM,1,0,0,36.278630,-86.787010,STATE HWY 45,,,,668.00,Feet,East,COBBLESTONE CREEK DR,,,,0.00,N,Not at Intersection,N,"Driveway, Alley Access, etc",None,,,         ,Nathan,Dungan,Rain,Not Collision with Motor Vehicle in Transport,no,no,no,no,no,False
100772245,METROPOLITAN NASHVILLE POLICE DEPT,20150247703,Davidson,Nashville,3/14/2015 7:10:00 PM,2,0,0,36.074560,-86.650850,DOVER GLEN DR,,,,335.00,Feet,East,CADOGAN CT,,,,0.00,N,Not at Intersection,N,Non-Junction,None,,,         ,Jared,Jenkins,Rain,"Sideswipe, Same Direction",no,no,no,no,yes,False
100772247,METROPOLITAN NASHVILLE POLICE DEPT,20150247072,Davidson,Nashville,3/14/2015 3:08:00 PM,2,0,0,36.160980,-86.825480,33RD AVE N,,,,245.00,Feet,North,BATAVIA ST,,,,0.00,N,Not at Intersection, ,Non-Junction,None,,,         ,Brian,Woodard,Cloudy,"Sideswipe, Same Direction",no,no,no,no,no,False
100772260,METROPOLITAN NASHVILLE POLICE DEPT,20150247009,Davidson,Nashville,3/14/2015 2:00:00 PM,2,1,0,36.242000,-86.757190,US HWY 31W,,,,0.00,,,RAMP,,,,0.00,Y,Four-Way,N,Intersection-Related,None,,,         ,Nathan,Dungan,Rain,Front to Rear,no,no,no,no,no,False
100772261,METROPOLITAN NASHVILLE POLICE DEPT,20150247796,Davidson,Nashville,3/14/2015 6:50:00 PM,2,0,0,36.206130,-86.768470,US HWY 31W,,,,72.00,Feet,North,E TRINITY LN,,,,0.00,N,Not at Intersection, ,Non-Junction,None,,,         ,Matthew,Cammarn,Rain,Front to Rear,no,no,no,no,no,False
100772298,METROPOLITAN NASHVILLE POLICE DEPT,2015-0244206,Davidson,Nashville,3/13/2015 4:12:00 PM,3,2,0,36.108400,-86.769220,I 65,,,,0.00,,,,,,,79.60,N,Not at Intersection,N,Non-Junction,None,,,         ,William,King,Rain,Front to Rear,no,no,no,no,no,False
100772299,METROPOLITAN NASHVILLE POLICE DEPT,20150248071,Davidson,Nashville,3/14/2015 9:45:00 PM,2,1,0,36.150230,-86.770180,US HWY 31 ALT,,,,0.00,,,-- UNKNOWN RAMP/ROAD --,,,,0.00,Y,Four-Way,N,Intersection,None,,,         ,Mekisha,Page,Cloudy,Angle,no,no,no,no,no,False
100772300,METROPOLITAN NASHVILLE POLICE DEPT,20150248162,Davidson,Nashville,3/14/2015 10:30:00 PM,1,0,0,36.190660,-86.789790,I 65,,,,0.00,,,,,,,85.75,N,Not at Intersection,N,Non-Junction,None,,,         ,Matthew,Lachance,Clear,Not Collision with Motor Vehicle in Transport,no,no,no,no,no,False