master_record_number,agency,agency_tracking_number,county,city,collision_date,vehicles_involved,number_injured,number_dead,latitude,longitude,roadway_name,roadway_suffix,roadway_number,roadway_local_id,distance_from_reference,miles-feet_indicator,direction_from_reference,intersection_road_name,intersection_road_name_suffix,intersection_road_number,intersection_local_id,mile_marker,intersection_indicator,intersect_type,interchange_related_indicator,relation_to_junction,work_zone_type,construction_maintenance_zone,construction_maintenance_zone_location,fatal_case_number,officer_first_name,officer_last_name,weather_condition(s),manner_of_crash,pedestrian,bicycle,scooter,parking,hitrun,mou
100772310,METROPOLITAN NASHVILLE POLICE DEPT,20150248264,Davidson,Nashville,3/14/2015 9:23:00 PM,1,0,0,0.000000,0.000000,MOOREWOOD DR,,,,20.00,Feet,East,BRICK CHURCH PKE,,,,0.00,N,Not at Intersection, ,Non-Junction,None,,,         ,Kenneth,Thomas,Rain,Not Collision with Motor Vehicle in Transport,no,no,no,no,no,False
100772326,METROPOLITAN NASHVILLE POLICE DEPT,20150248568,Davidson,Nashville,3/15/2015 1:27:00 AM,2,0,0,36.191860,-86.781560,I 65,,,,0.00,,,,,,,86.25,N,Not at Intersection,N,Non-Junction,None,,,         ,Kevin,Frei,Cloudy,"Sideswipe, Same Direction",no,no,no,no,yes,False
100772327,METROPOLITAN NASHVILLE POLICE DEPT,20150248384,Davidson,Nashville,3/14/2015 10:45:00 PM,1,0,0,36.231730,-86.803940,KNIGHT DR,,,,41.00,Feet,North,EWING DR,,,,0.00,N,Not at Intersection,N,Non-Junction,None,,,         ,Jarret,Sonnenberg,Clear,Not Collision with Motor Vehicle in Transport,no,no,no,no,yes,False
100772328,METROPOLITAN NASHVILLE POLICE DEPT,20150248608,Davidson,Nashville,3/15/2015 1:45:00 AM,1,0,0,36.199380,-86.740740,GALLATIN PIKE,,,,99.00,Feet,South,DELMAS AVE,,,,0.00,N,Not at Intersection, ,Non-Junction,None,,,         ,Douglas,Smith,Clear,Not Collision with Motor Vehicle in Transport,no,no,no,no,no,False
100772329,METROPOLITAN NASHVILLE POLICE DEPT,20150248292,Davidson,Nashville,3/14/2015 11:16:00 PM,2,0,0,36.035200,-86.783240,I 65,,,,0.00,,,,,,,74.30,N,Not at Intersection,N,Non-Junction,None,,,         ,John,Riddle,Clear,Front to Rear,no,no,no,no,no,False
100772333,METROPOLITAN NASHVILLE POLICE DEPT,20150248506,Davidson,Nashville,3/15/2015 12:54:00 AM,1,0,0,36.077760,-86.778850,TYNE BLVD,,,,83.00,Feet,East,TYNE VALLEY BLVD,,,,0.00,N,Not at Intersection,N,Non-Junction,None,,,         ,Jason,Thomas,Fog,Not Collision with Motor Vehicle in Transport,no,no,no,no,no,False
100772347,METROPOLITAN NASHVILLE POLICE DEPT,20150248761,Davidson,Nashville,3/15/2015 3:03:00 AM,1,0,0,36.169510,-86.678660,US HWY 70,,,,361.00,Feet,East,MCGAVOCK PIKE,,,,0.00,N,Not at Intersection,N,Non-Junction,None,,,         ,Evan,Hibschman,Clear,Not Collision with Motor Vehicle in Transport,no,no,no,no,no,False
100772349,METROPOLITAN NASHVILLE POLICE DEPT,20150248744,Davidson,Nashville,3/15/2015 3:20:00 AM,2,0,0,36.194470,-86.761750,N 5TH ST,,,,186.00,Feet,North,DOUGLAS AVE,,,,0.00,N,Not at Intersection,N,Non-Junction,None,,,         ,Joshua,Lefler,Clear,Front to Rear,no,no,no,no,yes,False
100772350,METROPOLITAN NASHVILLE POLICE DEPT,20150248718,Davidson,Nashville,3/15/2015 12:00:00 AM,1,0,0,36.049540,-86.713680,ASH GROVE DR,,,,0.00,,,US HWY 31 ALT,,,,0.00,Y,T-Intersection,N,Non-Junction,None,,,         ,Charles,Wingo,Clear,Not Collision with Motor Vehicle in Transport,no,no,no,no,yes,False
100772353,METROPOLITAN NASHVILLE POLICE DEPT,20150248353,Davidson,Nashville,3/14/2015 11:40:00 PM,2,0,0,36.086790,-86.648600,UNA ANTIOCH PIKE,,,,0.00,,,NASHBORO BLVD,,,,0.00,Y,Four-Way,N,Intersection-Related,None,,,         ,Bo,Branum,Rain,Front to Rear,no,no,no,no,no,False
100772357,METROPOLITAN NASHVILLE POLICE DEPT,20150248332,Davidson,Nashville,3/14/2015 11:30:00 PM,4,0,0,36.083930,-86.706510,STATE HWY 255,,,,205.00,Feet,West,LARGO DR,,,,0.00,N,Not at Intersection,N,Non-Junction,None,,,         ,Chase,Beck,Cloudy,Front to Rear,no,no,no,no,yes,False
100772361,METROPOLITAN NASHVILLE POLICE DEPT,20150248673,Davidson,Not in City Limit,3/15/2015 12:50:00 AM,1,0,0,36.021390,-86.711400,US HWY 31 ALT,,,,0.00,,,BIENVILLE DR,,,,0.00,Y,T-Intersection, ,Non-Junction,None,,,         ,Charles,Wingo,Fog,Not Collision with Motor Vehicle in Transport,no,no,no,no,no,False
100772366,METROPOLITAN NASHVILLE POLICE DEPT,20150248795,Davidson,Nashville,3/15/2015 3:28:00 AM,1,1,0,36.094380,-86.653330,US HWY 41,,,,0.00,,,FRANKLIN LIMESTONE RD,,,,0.00,Y,T-Intersection,N,Intersection,None,,,         ,Christina,Buckner,Clear,Not Collision with Motor Vehicle in Transport,no,no,no,no,no,False
100772376,METROPOLITAN NASHVILLE POLICE DEPT,20150248865,Davidson,Nashville,3/15/2015 4:47:00 AM,1,0,0,36.175500,-86.875360,CENTENNIAL BLVD,,,,0.00,,,CENTENNIAL PL,,,,0.00,Y,OTHER, ,Non-Junction,None,,,         ,Jeremy,Kidd,Fog,Not Collision with Motor Vehicle in Transport,no,no,no,no,no,False
100772380,METROPOLITAN NASHVILLE POLICE DEPT,2015-0248750,Davidson,Nashville,3/15/2015 3:21:00 AM,3,0,0,36.160520,-86.801850,JO JOHNSTON AVE,,,,0.00,,,DR DB TODD JR BLVD,,,,0.00,Y,Four-Way, ,Intersection,None,,,         ,Jarret,Sonnenberg,Clear,Angle,no,no,no,no,no,False
100772381,METROPOLITAN NASHVILLE POLICE DEPT,20150248762,Davidson,Nashville,3/15/2015 12:00:00 AM,1,0,0,36.157630,-86.801330,US HWY 70,,,,13.00,Feet,East,19TH AVE N,,,,0.00,N,Not at Intersection,N,Non-Junction,None,,,         ,Charles,Duke,Rain,Not Collision with Motor Vehicle in Transport,no,no,no,no,no,False
100772393,METROPOLITAN NASHVILLE POLICE DEPT,20150246801,Davidson,Nashville,3/14/2015 12:00:00 PM,1,0,0,36.252430,-86.739650,I 65,,,,0.00,,,,,,,91.40,N,Not at Intersection,N,Non-Junction,None,,,         ,Melvin,Brown III,Rain,Not Collision with Motor Vehicle in Transport,no,no,no,no,no,False
100772399,METROPOLITAN NASHVILLE POLICE DEPT,20150246969,Davidson,Nashville,3/14/2015 1:55:00 PM,2,0,0,36.110700,-86.785520,STATE HWY 155,,,,476.00,Feet,South,GENERAL BATE DR,,,,0.00,N,Not at Intersection,N,Non-Junction,None,,,         ,James,Smith,Rain,Front to Rear,no,no,no,no,no,False
100772406,METROPOLITAN NASHVILLE POLICE DEPT,2015-0246930,Davidson,Not in City Limit,3/14/2015 1:15:00 PM,1,1,0,36.263200,-86.713320,STATE HWY 45,,,,382.00,Feet,East,DOUGLAS ST,,,,0.00,N,Not at Intersection,N,Non-Junction,None,,,         ,Jordan,Lowry,Rain,Not Collision with Motor Vehicle in Transport,yes,no,no,yes,no,False
100772418,METROPOLITAN NASHVILLE POLICE DEPT,20150246666,Davidson,Nashville,3/14/2015 10:20:00 AM,2,0,0,36.074810,-86.919830,US HWY 70S,,,,340.00,Feet,East,STATE HWY 251,,,,0.00,N,Not at Intersection,Y,Non-Junction,None,,,         ,Ryan,Burger,Rain,Angle,no,no,no,no,no,False
100772425,METROPOLITAN NASHVILLE POLICE DEPT,2015-0243759,Davidson,Nashville,3/13/2015 1:01:00 PM,2,1,0,36.122710,-86.630490,BELL RD,,,,0.00,,,WOODLAND POINT DR,,,,0.00,Y,T-Intersection,N,Intersection,None,,,         ,Jeb,Johnston,Rain,Front to Rear,no,no,no,no,no,False
100772430,METROPOLITAN NASHVILLE POLICE DEPT,20150249002,Davidson,Nashville,3/15/2015 4:00:00 AM,2,0,0,36.241350,-86.774800,HEALY DR,,,,99.00,Feet,West,AUSTIN LN,,,,0.00,N,Not at Intersection, ,Non-Junction,None,,,         ,Clint,Gilleland,Unknown,"Sideswipe, Opposite Direction",no,no,no,no,no,False
100772431,METROPOLITAN NASHVILLE POLICE DEPT,20150249038,Davidson,Antioch,3/15/2015 6:49:00 AM,1,0,0,36.045930,-86.609870,US HWY 41,,,,1490.00,Feet,North,STATE HWY 171,,,,0.00,N,Not at Intersection,N,Non-Junction,None,,,         ,David,Simmonds,Clear,Not Collision with Motor Vehicle in Transport,no,no,no,no,no,False
100772432,METROPOLITAN NASHVILLE POLICE DEPT,2015-0246550,Davidson,Nashville,3/13/2015 12:00:00 AM,1,0,0,36.053470,-86.708090,WESSEX CT,,,,52.00,Feet,West,WESSEX DR,,,,0.00,N,Not at Intersection,N,Non-Junction,None,,,         ,David,Simmonds,Unknown,Not Collision with Motor Vehicle in Transport,no,no,no,no,yes,False
100772437,VANDERBILT UNIVERSITY POLICE,15-0248751,Davidson,Nashville,3/15/2015 3:20:00 AM,2,0,0,36.151360,-86.799320,US HWY 70S,,,,0.00,,,20TH AVE N,,,,0.00,Y,Four-Way,N,Intersection,None,,,         ,Charles,Stevens,Cloudy,Angle,no,no,no,no,yes,Campus
100772439,METROPOLITAN NASHVILLE POLICE DEPT,20150246920,Davidson,Nashville,3/14/2015 1:20:00 PM,2,0,0,36.176920,-86.809730,DR DB TODD JR BLVD,,,,50.00,Feet,South,OSAGE ST,,,,0.00,N,Not at Intersection,N,Non-Junction,None,,,         ,Joseph,Cadden,Rain,Front to Rear,no,no,no,no,no,False
100772441,METROPOLITAN NASHVILLE POLICE DEPT,20150246974,Davidson,Nashville,3/14/2015 2:05:00 PM,3,1,0,36.131340,-86.756190,US HWY 31 ALT,,,,1228.00,Feet,South,CRAIGHEAD ST,,,,0.00,N,Not at Intersection,N,Non-Junction,None,,,         ,Brandon,Tennant,Clear,Rear to Rear,no,no,no,no,no,False
100772451,METROPOLITAN NASHVILLE POLICE DEPT,20150249192,Davidson,Nashville,3/15/2015 8:45:00 AM,2,0,0,36.158690,-86.775620,4TH AVE S,,,,136.00,Feet,South,DEMONBREUN ST,,,,0.00,N,Not at Intersection, ,Non-Junction,None,,,         ,Joshua,Hollins,Clear,Angle,no,no,no,no,no,False
100772461,METROPOLITAN NASHVILLE POLICE DEPT,20150249216,Davidson,Nashville,3/15/2015 8:55:00 AM,1,1,0,36.179620,-86.773960,I 24,,,,0.00,,,,,,,47.70,N,Not at Intersection,N,Non-Junction,None,,,         ,William,Crowe,Clear,Not Collision with Motor Vehicle in Transport,no,no,no,no,no,False
100772472,METROPOLITAN NASHVILLE POLICE DEPT,20150246945,Davidson,Nashville,3/14/2015 2:09:00 PM,3,0,0,36.162780,-86.761330,I 24,,,,0.00,,,,,,,49.30,N,Not at Intersection, ,Non-Junction,None,,,         ,Richard,Olive,Clear,Front to Rear,no,no,no,no,no,False
100772475,GOODLETTSVILLE POLICE DEPT,15-10100,Davidson,Goodlettsville,3/15/2015 9:20:00 AM,2,1,0,36.323360,-86.706190,STATE HWY 174,,,,0.00,Feet,East,I 65,,,,0.00,N,Not at Intersection,Y,Non-Junction,None,,,         ,Benny,Alexander,Clear,Front to Rear,no,no,no,no,no,False
100772476,METROPOLITAN NASHVILLE POLICE DEPT,20150249355,Davidson,Nashville,3/15/2015 12:00:00 AM,1,0,0,36.210290,-86.757040,JONES AVE,,,,0.00,,,,,,,0.00,,,N,Unknown,None,,,         ,Eric,Westbrook,Unknown,Unknown,no,no,no,yes,yes,False
100772482,METROPOLITAN NASHVILLE POLICE DEPT,20150232483,Davidson,Nashville,3/11/2015 1:45:00 PM,2,0,0,36.235050,-86.785610,I 24,,,,0.00,,,,,,,43.75,N,Not at Intersection, ,,None,,,         ,Steven,Spillers,,,no,no,no,no,no,False
100772493,METROPOLITAN NASHVILLE POLICE DEPT,2015-0242818,Davidson,Nashville,3/13/2015 8:09:00 AM,2,0,0,36.132770,-86.727110,I 24,,,,0.00,,,,,,,52.00,N,Not at Intersection,N,Non-Junction,None,,,         ,Jeb,Johnston,Rain,Front to Rear,no,no,no,no,no,False
100772496,METROPOLITAN NASHVILLE POLICE DEPT,20150249387,Davidson,Nashville,3/15/2015 10:30:00 AM,2,0,0,36.153140,-86.795710,US HWY 70S,,,,99.00,Feet,East,18TH AVE N,,,,0.00,N,Not at Intersection,N,Non-Junction,None,,,         ,Joseph,Cadden,Clear,Angle,no,no,no,no,no,False
100772502,METROPOLITAN NASHVILLE POLICE DEPT,2015-0249406,Davidson,Nashville,3/15/2015 10:56:00 AM,1,0,0,36.150960,-86.750180,I 40,,,,0.00,,,,,,,211.60,N,Not at Intersection,N,Non-Junction,None,,,         ,Eric,Uruski,Clear,Not Collision with Motor Vehicle in Transport,no,no,no,no,no,False
100772503,METROPOLITAN NASHVILLE POLICE DEPT,20150249308,Davidson,Nashville,3/15/2015 9:55:00 AM,1,0,0,36.154130,-86.836190,I 40,,,,0.00,,,,,,,205.15,N,Not at Intersection,N,Non-Junction,None,,,         ,Jack,Crouch,Clear,Not Collision with Motor Vehicle in Transport,no,no,no,no,no,False
100772506,METROPOLITAN NASHVILLE POLICE DEPT,20150249079,Davidson,Nashville,3/15/2015 7:45:00 AM,2,0,0,36.157640,-86.848860,ILLINOIS AVE,,,,0.00,,,51ST AVE N,,,,0.00,Y,Four-Way,N,Intersection,None,,,         ,Daniel,Alford,Clear,Front to Rear,no,no,no,no,yes,False
100772508,METROPOLITAN NASHVILLE POLICE DEPT,20150249454,Davidson,Nashville,3/15/2015 11:30:00 AM,2,0,0,36.137000,-86.727150,-- UNKNOWN RAMP/ROAD --,,,,0.00,,,I 24,,,,0.00,Y,OTHER, ,Entrance/Exit Ramp Related,None,,,         ,Kevin,Caperton,Clear,Front to Rear,no,no,no,no,no,False
100772519,METROPOLITAN NASHVILLE POLICE DEPT,20150249312,Davidson,Nashville,3/15/2015 9:50:00 AM,1,0,0,36.154130,-86.837600,EXIT 205,,,,0.00,Feet,East,I 40,,,,0.00,N,Not at Intersection,N,Non-Junction,None,,,         ,Melvin,Foster,Clear,Not Collision with Motor Vehicle in Transport,no,no,no,no,no,False
100772520,METROPOLITAN NASHVILLE POLICE DEPT,20150249407,Davidson,Nashville,3/15/2015 10:50:00 AM,2,0,0,36.176950,-86.800930,-- UNKNOWN RAMP/ROAD --,,,,0.00,Feet,East,I 65,,,,0.00,N,Not at Intersection,N,Non-Junction,None,,,         ,Joshua,Baker,Clear,"Sideswipe, Same Direction",no,no,no,no,yes,False
100772532,METROPOLITAN NASHVILLE POLICE DEPT,2015-0249449,Davidson,Nashville,3/15/2015 12:00:00 AM,1,0,0,36.065930,-86.918250,N HIGHLANDS DR,,,,234.00,Feet,South,N HIGHLANDS CT,,,,0.00,N,Not at Intersection,N,Non-Junction,None,,,         ,Ryan,Burger,Unknown,Not Collision with Motor Vehicle in Transport,no,no,no,yes,yes,False
100772536,METROPOLITAN NASHVILLE POLICE DEPT,20150249223,Davidson,Nashville,3/15/2015 8:55:00 AM,2,2,0,36.070620,-86.828890,TYNE BLVD,,,,0.00,,,ROBERT E LEE DR,,,,0.00,Y,T-Intersection,N,Intersection,None,,,         ,David,Barras,Clear,Angle,no,no,no,no,no,False
100772537,METROPOLITAN NASHVILLE POLICE DEPT,2015-0246959,Davidson,Nashville,3/14/2015 1:45:00 PM,2,0,0,36.133470,-86.779110,US HWY 31,,,,20.00,Feet,South,ROYCROFT PL,,,,0.00,N,Not at Intersection, ,Non-Junction,None,,,         ,David,Anderson,Cloudy,"Sideswipe, Same Direction",no,no,no,no,no,False
100772538,METROPOLITAN NASHVILLE POLICE DEPT,20150249611,Davidson,Nashville,3/15/2015 1:35:00 PM,2,0,0,36.207350,-86.776150,I 65,,,,0.00,,,,,,,87.40,N,Not at Intersection,N,Non-Junction,Construction Zone,Lane Shift-Crossover,Advanced Warning Area,         ,Jared,Eaves,Clear,Front to Rear,no,no,no,no,no,False
100772540,METROPOLITAN NASHVILLE POLICE DEPT,20150249624,Davidson,Nashville,3/15/2015 12:00:00 AM,1,0,0,36.121530,-86.724720,WIMPOLE DR,,,,373.00,Feet,North,FLUSHING DR,,,,0.00,N,Not at Intersection,N,Non-Junction,None,,,         ,Kevin,Caperton,Unknown,Not Collision with Motor Vehicle in Transport,no,no,no,no,yes,False
100772542,METROPOLITAN NASHVILLE POLICE DEPT,20150249565,Davidson,Nashville,3/15/2015 1:05:00 PM,2,0,0,36.188100,-86.629470,US HWY 70,,,,79.00,Feet,West,HICKORY HILL LN,,,,0.00,N,Not at Intersection, ,Non-Junction,None,,,         ,Johnathan,Carlisle,Clear,Front to Rear,no,no,no,no,no,False
100772547,METROPOLITAN NASHVILLE POLICE DEPT,2015-0249589,Davidson,Nashville,3/15/2015 1:15:00 PM,2,0,0,36.198780,-86.751740,US HWY 31E,,,,358.00,Feet,South,CHICKASAW AVE,,,,0.00,N,Not at Intersection, ,Non-Junction,None,,,         ,Doyle,Price,Clear,"Sideswipe, Same Direction",no,no,no,no,no,False
100772568,METROPOLITAN NASHVILLE POLICE DEPT,20150249661,Davidson,Nashville,3/15/2015 2:15:00 PM,2,0,0,36.188000,-86.776090,I 24,,,,0.00,,,,,,,47.00,N,Not at Intersection,N,Entrance/Exit Ramp Related,None,,,         ,Bryan,Birdwell,Clear,"Sideswipe, Same Direction",no,no,no,no,no,False
100772570,METROPOLITAN NASHVILLE POLICE DEPT,20150248043,Davidson,Nashville,3/14/2015 9:35:00 PM,3,1,0,36.194850,-86.726030,BRANCH ST,,,,0.00,,,CAHAL AVE,,,,0.00,Y,Unknown,Y,Intersection,None,,,         ,Rachael,Sacco,Cloudy,Other,no,no,no,no,yes,False
100772588,METROPOLITAN NASHVILLE POLICE DEPT,20150249755,Davidson,Not in City Limit,3/15/2015 3:17:00 PM,2,0,0,36.272200,-86.690660,ANDERSON LN,,,,0.00,,,MCARTHUR DR,,,,0.00,Y,Four-Way, ,Intersection-Related,None,,,         ,Ryan,Sabel,Clear,Front to Rear,no,no,no,no,no,False
100772592,METROPOLITAN NASHVILLE POLICE DEPT,20150249686,Davidson,Nashville,3/15/2015 2:39:00 PM,1,1,0,36.110490,-86.745940,ELIZABETH ST,,,,171.00,Feet,South,RAMP,,,,0.00,N,Not at Intersection,N,OtherLocation,None,,,         ,Tien,Nguyen,Clear,Not Collision with Motor Vehicle in Transport,no,yes,no,yes,no,False
100772593,METROPOLITAN NASHVILLE POLICE DEPT,20150249693,Davidson,Nashville,3/15/2015 2:22:00 PM,2,0,0,36.081240,-86.726820,US HWY 31 ALT,,,,298.00,Feet,North,RAMP,,,,0.00,N,Not at Intersection, ,Non-Junction,None,,,         ,Tien,Nguyen,Clear,Angle,no,no,no,no,no,False
100772600,METROPOLITAN NASHVILLE POLICE DEPT,20150249801,Davidson,Nashville,3/15/2015 3:30:00 PM,2,0,0,36.187460,-86.794760,I 65,,,,0.00,,,,,,,85.40,N,Not at Intersection, ,Non-Junction,None,,,         ,Benjamin,Smith,Clear,"Sideswipe, Same Direction",no,no,no,no,no,False
100772603,METROPOLITAN NASHVILLE POLICE DEPT,20150249632,Davidson,Nashville,3/15/2015 1:40:00 PM,2,0,0,36.169800,-86.676050,US HWY 70,,,,26.00,Feet,West,PARK DR,,,,0.00,N,Not at Intersection,N,Non-Junction,None,,,         ,John,Kelley,Clear,Angle,no,no,no,no,no,False
100772611,METROPOLITAN NASHVILLE POLICE DEPT,20150249811,Davidson,Nashville,3/15/2015 3:46:00 PM,2,0,0,36.183090,-86.798900,I 65,,,,0.00,,,,,,,85.25,N,Not at Intersection, ,Non-Junction,None,,,         ,Brian,Woodard,Clear,Front to Rear,no,no,no,no,no,False
100772612,METROPOLITAN NASHVILLE POLICE DEPT,20150249691,Davidson,Nashville,3/15/2015 1:54:00 PM,2,0,0,36.106470,-86.736350,DOBBS AVE,,,,230.00,Feet,North,MORTON AVE,,,,0.00,N,Not at Intersection, ,Non-Junction,None,,,         ,Tien,Nguyen,Clear,Front to Rear,no,no,no,no,no,False
100772615,METROPOLITAN NASHVILLE POLICE DEPT,20150249911,Davidson,Nashville,3/15/2015 4:30:00 PM,2,0,0,36.150370,-86.856950,US HWY 70,,,,104.00,Feet,East,ORLANDO AVE,,,,0.00,N,Not at Intersection, ,Non-Junction,None,,,         ,Brandon,Rardin,Clear,Angle,no,no,no,no,no,False
100772616,METROPOLITAN NASHVILLE POLICE DEPT,2015-0249862,Davidson,Nashville,3/15/2015 4:05:00 PM,2,1,0,36.131630,-86.833540,US HWY 70S,,,,0.00,,,N WILSON BLVD,,,,0.00,Y,T-Intersection,N,Intersection,None,,,         ,Christopher,Clark,Clear,Front to Rear,no,no,no,no,no,False
100772618,METROPOLITAN NASHVILLE POLICE DEPT,20150249675,Davidson,Nashville,3/15/2015 2:20:00 PM,2,0,0,36.191940,-86.781880,I 65,,,,0.00,,,,,,,86.20,N,Not at Intersection, ,Non-Junction,None,,,         ,Clinton,Schroeder,Clear,Front to Rear,no,no,no,no,no,False
100772619,METROPOLITAN NASHVILLE POLICE DEPT,20150249793,Davidson,Nashville,3/15/2015 2:30:00 PM,2,0,0,36.130380,-86.801960,US HWY 431,,,,0.00,,,BLAIR BLVD,,,,0.00,Y,Four-Way, ,,None,,,         ,William,Taylor,,,no,no,no,yes,no,False
100772629,METROPOLITAN NASHVILLE POLICE DEPT,20150248097,Davidson,Nashville,3/14/2015 9:57:00 PM,1,0,0,36.152250,-86.625910,CONNECTING ROAD,,,,228.00,Feet,West,STEWARTS FERRY PIKE,,,,0.00,N,Not at Intersection,N,Non-Junction,None,,,         ,Brandon,Vance,Clear,Not Collision with Motor Vehicle in Transport,no,no,no,no,no,False
100772630,METROPOLITAN NASHVILLE POLICE DEPT,20150249685,Davidson,Nashville,3/15/2015 2:38:00 PM,2,1,0,36.205840,-86.776320,I 65,,,,0.00,,,,,,,87.30,N,Not at Intersection,Y,Entrance/Exit Ramp Related,Construction Zone,Other,Activity Area,         ,Victor,Alexander,Clear,Angle,no,no,no,no,no,False
100772634,METROPOLITAN NASHVILLE POLICE DEPT,20150247698,Davidson,Nashville,3/14/2015 6:55:00 PM,2,0,0,36.205950,-86.768540,E TRINITY LN,,,,0.00,,,US HWY 31W,,,,0.00,Y,Four-Way, ,Intersection,None,,,         ,Robert,Croteau,Rain,Angle,no,no,no,no,no,False
100772635,METROPOLITAN NASHVILLE POLICE DEPT,20150250023,Davidson,Nashville,3/15/2015 5:17:00 PM,1,0,0,36.145430,-86.695490,-- UNKNOWN RAMP/ROAD --,,,,0.00,Feet,East,EXIT 6B,,,,0.00,N,Not at Intersection,Y,Entrance/Exit Ramp Related,None,,,         ,Leslie,Hale,Clear,Not Collision with Motor Vehicle in Transport,no,no,no,no,no,False
100772636,METROPOLITAN NASHVILLE POLICE DEPT,20150249942,Davidson,Not in City Limit,3/15/2015 4:42:00 PM,2,0,0,36.272420,-86.735950,I 65,,,,0.00,,,,,,,92.80,N,Not at Intersection, ,Non-Junction,None,,,         ,Rodney,Phipps,Clear,"Sideswipe, Same Direction",no,no,no,no,no,False
100772645,METROPOLITAN NASHVILLE POLICE DEPT,2015-0250035,Davidson,Nashville,3/15/2015 5:17:00 PM,1,0,0,36.122250,-86.909760,I 40,,,,0.00,,,,,,,200.25,N,Not at Intersection, ,,None,,,         ,Michael,Rogers,,,no,no,no,no,no,False
100772647,METROPOLITAN NASHVILLE POLICE DEPT,20150249921,Davidson,Not in City Limit,3/15/2015 2:50:00 PM,1,0,0,36.272750,-86.697380,ANDERSON LN,,,,284.00,Feet,East,SNOW AVE,,,,0.00,N,Not at Intersection,N,Non-Junction,None,,,         ,Ryan,Sabel,Clear,Not Collision with Motor Vehicle in Transport,no,no,no,no,no,False
100772649,METROPOLITAN NASHVILLE POLICE DEPT,20150250121,Davidson,Nashville,3/15/2015 6:06:00 PM,1,1,0,36.046170,-86.676350,STATE HWY 254,,,,613.00,Feet,West,BLUE HOLE RD,,,,0.00,N,Not at Intersection,N,Non-Junction,None,,,         ,Thomas,Odom,Clear,Not Collision with Motor Vehicle in Transport,no,no,no,no,no,False
100772650,METROPOLITAN NASHVILLE POLICE DEPT,20150250072,Davidson,Not in City Limit,3/15/2015 5:28:00 PM,2,0,0,35.996060,-86.690700,STATE HWY 253,,,,375.00,Feet,South,US HWY 31 ALT,,,,0.00,N,Not at Intersection, ,OtherLocation,None,,,         ,Tien,Nguyen,Clear,Front to Rear,no,no,no,no,yes,False
100772665,METROPOLITAN NASHVILLE POLICE DEPT,20150250125,Davidson,Nashville,3/15/2015 6:08:00 PM,2,0,0,36.082560,-86.727220,US HWY 31 ALT,,,,39.00,Feet,South,WELSHWOOD DR,,,,0.00,N,Not at Intersection,N,Non-Junction,None,,,         ,Kevin,Wiles,Clear,Angle,no,no,no,no,no,False
100772667,METROPOLITAN NASHVILLE POLICE DEPT,20150250169,Davidson,Not in City Limit,3/15/2015 5:50:00 PM,2,0,0,36.263520,-86.716370,STATE HWY 45,,,,66.00,Feet,East,PEGGY ST,,,,0.00,N,Not at Intersection, ,Non-Junction,None,,,         ,Ryan,Stanford,Clear,Front to Rear,no,no,no,no,no,False
100772679,METROPOLITAN NASHVILLE POLICE DEPT,20150250150,Davidson,Goodlettsville,3/15/2015 5:32:00 PM,2,0,0,36.298210,-86.699800,GLEAVES ST,,,,0.00,,,RIVERGATE PKWY,,,,0.00,Y,Four-Way,N,Intersection,None,,,         ,Ryan,Allen,Clear,Angle,no,no,no,no,no,False
100772681,METROPOLITAN NASHVILLE POLICE DEPT,20150249738,Davidson,Nashville,3/15/2015 3:00:00 PM,3,0,0,36.181520,-86.749300,GALLATIN AVE,,,,74.00,Feet,South,CALVIN AVE,,,,0.00,N,Not at Intersection, ,Non-Junction,None,,,         ,Kimberly,Brown,Clear,Front to Rear,no,no,no,no,no,False
100772686,METROPOLITAN NASHVILLE POLICE DEPT,20150248002,Davidson,Nashville,3/14/2015 9:19:00 PM,2,0,0,36.074910,-86.634940,RAMP,,,,0.00,Feet,East,BELL RD,,,,0.00,N,Not at Intersection,N,Crossover-Related,None,,,         ,Joseph,Progar,Rain,Angle,no,no,no,no,no,False
100772694,METROPOLITAN NASHVILLE POLICE DEPT,20150250165,Davidson,Nashville,3/15/2015 6:34:00 PM,1,2,0,36.132690,-86.726750,I 24,,,,0.00,,,,,,,52.00,N,Not at Intersection,N,Non-Junction,None,,,         ,Torrance,Bennett,Clear,Not Collision with Motor Vehicle in Transport,no,no,no,no,no,False
100772696,METROPOLITAN NASHVILLE POLICE DEPT,20150250075,Davidson,Nashville,3/15/2015 5:35:00 PM,2,0,0,36.187880,-86.818550,26TH AVE N,,,,232.00,Feet,South,DOWLAN ST,,,,0.00,N,Not at Intersection,N,Non-Junction,None,,,         ,Ian,Lynch,Clear,Front to Rear,no,no,no,yes,no,False
100772708,METROPOLITAN NASHVILLE POLICE DEPT,20150249958,Davidson,Nashville,3/15/2015 4:45:00 PM,2,1,0,36.228470,-86.759430,US HWY 31W,,,,330.00,Feet,South,BROADMOOR DR,,,,0.00,N,Not at Intersection,N,Non-Junction,None,,,         ,Kimberly,Brown,Clear,Front to Rear,no,no,no,no,yes,False