master_record_number,agency,agency_tracking_number,county,city,collision_date,vehicles_involved,number_injured,number_dead,latitude,longitude,roadway_name,roadway_suffix,roadway_number,roadway_local_id,distance_from_reference,miles-feet_indicator,direction_from_reference,intersection_road_name,intersection_road_name_suffix,intersection_road_number,intersection_local_id,mile_marker,intersection_indicator,intersect_type,interchange_related_indicator,relation_to_junction,work_zone_type,construction_maintenance_zone,construction_maintenance_zone_location,fatal_case_number,officer_first_name,officer_last_name,weather_condition(s),manner_of_crash,pedestrian,bicycle,scooter,parking,hitrun,mou
100772711,METROPOLITAN NASHVILLE POLICE DEPT,20150250329,Davidson,Not in City Limit,3/15/2015 8:18:00 PM,2,0,0,36.275530,-86.735310,I 65,,,,0.00,,,,,,,93.00,N,Not at Intersection, ,Non-Junction,None,,,         ,Ryan,Allen,Clear,"Sideswipe, Same Direction",no,no,no,no,no,False
100772712,METROPOLITAN NASHVILLE POLICE DEPT,20150237789,Davidson,Nashville,3/11/2015 10:08:00 PM,2,0,0,36.163060,-86.819490,I 40,,,,0.00,,,28TH AVE N,,,,0.00,Y,Y-Intersection, ,,None,,,         ,Garet,Davidson,,,no,no,no,no,no,False
100772717,METROPOLITAN NASHVILLE POLICE DEPT,20150249989,Davidson,Nashville,3/15/2015 12:00:00 AM,2,0,0,36.181140,-86.791820,5TH AVE N,,,,265.00,Feet,North,HUME ST,,,,0.00,N,Not at Intersection,N,Non-Junction,None,,,         ,Ashton,Hill,Clear,Front to Rear,no,no,no,no,yes,False
100772729,METROPOLITAN NASHVILLE POLICE DEPT,20150250395,Davidson,Nashville,3/15/2015 8:45:00 PM,2,0,0,36.138770,-86.701830,LOUANNE DR,,,,190.00,Feet,West,DABBS AVE,,,,0.00,N,Not at Intersection, ,"Driveway, Alley Access, etc",None,,,         ,Jared,Ester,Clear,Angle,no,no,no,no,yes,False
100772736,METROPOLITAN NASHVILLE POLICE DEPT,20150250393,Davidson,Nashville,3/15/2015 8:05:00 PM,3,0,0,36.215340,-86.588700,US HWY 70,,,,50.00,Feet,West,BIG HORN DR,,,,0.00,N,Not at Intersection,N,Non-Junction,None,,,         ,David,Abbott,Cloudy,Front to Rear,no,no,no,no,yes,False
100772737,GOODLETTSVILLE POLICE DEPT,15-10178,Davidson,Goodlettsville,3/15/2015 8:32:00 PM,2,0,0,36.292890,-86.719620,I 65,,,,0.00,,,,,,,94.50,N,Not at Intersection,Y,Non-Junction,None,,,         ,Brandon,Wright,Clear,"Sideswipe, Same Direction",no,no,no,no,yes,False
100772740,METROPOLITAN NASHVILLE POLICE DEPT,20150250453,Davidson,Nashville,3/15/2015 9:31:00 PM,1,1,0,36.179300,-86.741550,N 16TH ST,,,,155.00,Feet,North,GARTLAND AVE,,,,0.00,N,Not at Intersection,N,Non-Junction,None,,,         ,Rachael,Sacco,Clear,Not Collision with Motor Vehicle in Transport,no,no,no,no,no,False
100772741,METROPOLITAN NASHVILLE POLICE DEPT,20150250434,Davidson,Nashville,3/15/2015 9:15:00 PM,2,0,0,36.199050,-86.765300,PENNOCK AVE,,,,131.00,Feet,South,GATEWOOD AVE,,,,0.00,N,Not at Intersection, ,Non-Junction,None,,,         ,Terence,Maahs,Clear,Rear to Rear,no,no,no,no,no,False
100772746,METROPOLITAN NASHVILLE POLICE DEPT,20150250349,Davidson,Nashville,3/15/2015 8:33:00 PM,2,0,0,36.042000,-86.671680,HICKORY PARK DR,,,,123.00,Feet,North,SYCAMORE CT,,,,0.00,N,Not at Intersection,N,Non-Junction,None,,,         ,Joseph,Progar,Cloudy,HeadOn,no,no,no,yes,no,False
100772755,METROPOLITAN NASHVILLE POLICE DEPT,20150249747,Davidson,Nashville,3/15/2015 3:06:00 PM,2,0,0,36.193320,-86.776210,I 24,,,,0.00,,,,,,,46.65,N,Not at Intersection, ,Non-Junction,None,,,         ,Ethan,Luffman,Clear,Front to Rear,no,no,no,no,yes,False
100772756,METROPOLITAN NASHVILLE POLICE DEPT,20150250155,Davidson,Nashville,3/15/2015 6:25:00 PM,2,1,0,36.176900,-86.776130,COWAN ST,,,,0.00,,,SPRING ST,,,,0.00,Y,Four-Way,Y,Intersection,None,,,         ,Ethan,Luffman,Clear,Front to Rear,no,no,no,no,no,False
100772757,METROPOLITAN NASHVILLE POLICE DEPT,20150250501,Davidson,Nashville,3/15/2015 9:59:00 PM,2,0,0,36.163290,-86.776050,2ND AVE N,,,,0.00,,,COMMERCE ST,,,,0.00,Y,OTHER, ,Non-Junction,None,,,         ,Ethan,Luffman,Clear,Front to Rear,no,no,no,no,no,False
100772763,METROPOLITAN NASHVILLE POLICE DEPT,20150250487,Davidson,Nashville,3/15/2015 9:56:00 PM,2,0,0,36.078880,-86.695520,I 24,,,,0.00,,,,,,,56.30,N,Not at Intersection,N,Non-Junction,None,,,         ,John,Stanfield,Clear,Front to Rear,no,no,no,no,no,False
100772764,METROPOLITAN NASHVILLE POLICE DEPT,20150250382,Davidson,Nashville,3/15/2015 8:45:00 PM,2,0,0,36.204150,-86.743880,E TRINITY LN,,,,151.00,Feet,East,KEELING AVE,,,,0.00,N,Not at Intersection,N,Non-Junction,None,,,         ,Clinton,Schroeder,Clear,Front to Rear,no,no,no,no,yes,False
100772771,METROPOLITAN NASHVILLE POLICE DEPT,20150250522,Davidson,Nashville,3/15/2015 10:15:00 PM,2,0,0,36.069570,-86.693930,APACHE TRL,,,,0.00,,,EZELL RD,,,,0.00,Y,Four-Way,N,Non-Junction,None,,,         ,Joshua,Vaughn,Clear,Front to Rear,no,no,no,no,yes,False
100772772,METROPOLITAN NASHVILLE POLICE DEPT,20150250286,Davidson,Nashville,3/15/2015 6:40:00 PM,2,0,0,36.166190,-86.815290,ALAMEDA ST,,,,231.00,Feet,West,25TH AVE N,,,,0.00,N,Not at Intersection, ,Non-Junction,None,,,         ,Alex,Marchak,Clear,Front to Rear,no,no,no,no,no,False
100772784,METROPOLITAN NASHVILLE POLICE DEPT,20150250586,Davidson,Nashville,3/15/2015 10:24:00 PM,2,0,0,36.153740,-86.757640,I 40,,,,0.00,,,,,,,211.10,N,Not at Intersection, ,Non-Junction,None,,,         ,Benjamin,Cole,Clear,"Sideswipe, Same Direction",no,no,no,no,no,False
100772786,METROPOLITAN NASHVILLE POLICE DEPT,20150242539,Davidson,Nashville,3/13/2015 5:47:00 AM,2,0,0,36.044910,-86.667270,STATE HWY 254,,,,36.00,Feet,West,CEDAR POINTE PKWY,,,,0.00,N,Not at Intersection,N,OtherLocation,None,,,         ,William,Williams,Rain,Front to Rear,no,no,no,no,no,False
100772795,METROPOLITAN NASHVILLE POLICE DEPT,20150250884,Davidson,Nashville,3/16/2015 12:40:00 AM,2,0,0,36.064800,-86.622090,HAMILTON CHURCH RD,,,,0.00,,,OWENDALE DR,,,,0.00,Y,T-Intersection, ,Intersection,None,,,         ,Noah,Melton,Clear,Angle,no,no,no,no,yes,False
100772802,METROPOLITAN NASHVILLE POLICE DEPT,20150250653,Davidson,Nashville,3/15/2015 11:22:00 PM,2,0,0,36.195950,-86.717200,PORTER RD,,,,0.00,,,STRATFORD AVE,,,,0.00,Y,Four-Way, ,Intersection,None,,,         ,Andrew,Mrosla,Clear,Angle,no,no,no,no,no,False
100772812,METROPOLITAN NASHVILLE POLICE DEPT,2015-0248539,Davidson,Nashville,3/15/2015 1:16:00 AM,1,0,0,36.229820,-86.771730,I 65,,,,0.00,,,,,,,89.00,N,Not at Intersection, ,,Construction Zone,,,         ,Michael,Johnson,,,no,no,no,no,no,False
100772813,METROPOLITAN NASHVILLE POLICE DEPT,2015-0248269,Davidson,Nashville,3/14/2015 11:00:00 PM,2,0,0,36.231600,-86.781520,BRICK CHURCH PIKE,,,,0.00,,,EWING DR,,,,0.00,Y,Four-Way,N,Non-Junction,None,,,         ,Michael,Johnson,Clear,Angle,no,no,no,no,yes,False
100772814,METROPOLITAN NASHVILLE POLICE DEPT,20150248407,Davidson,Nashville,3/15/2015 12:09:00 AM,1,0,0,36.069250,-86.669170,DOWDY DR,,,,441.00,Feet,North,MINERS CV,,,,0.00,N,Not at Intersection,N,Non-Junction,None,,,         ,William,Williams,Rain,Not Collision with Motor Vehicle in Transport,no,no,no,no,no,False
100772815,METROPOLITAN NASHVILLE POLICE DEPT,20150248627,Davidson,Nashville,3/15/2015 1:06:00 AM,1,1,0,36.117380,-87.003470,MANNING HOLLOW RD,,,,0.00,,,OLD CHARLOTTE PIKE,,,,0.00,Y,T-Intersection,N,Intersection-Related,None,,,         ,Ryan,McManman,Fog,Not Collision with Motor Vehicle in Transport,no,no,no,no,no,False
100772830,METROPOLITAN NASHVILLE POLICE DEPT,15-0248354,Davidson,Nashville,3/14/2015 11:45:00 PM,2,0,0,36.238820,-86.723910,WALTON LN,,,,0.00,,,US HWY 31E,,,,0.00,Y,T-Intersection,N,Non-Junction,None,,,         ,Brian,Mclarty,Clear,Angle,no,no,no,no,no,False
100772832,METROPOLITAN NASHVILLE POLICE DEPT,2015-0246853,Davidson,Nashville,3/14/2015 12:35:00 PM,2,1,0,36.169920,-86.756180,SHELBY AVE,,,,0.00,,,S 8TH ST,,,,0.00,Y,Four-Way,N,Intersection,None,,,         ,Ian,Herlein,Rain,Angle,no,no,no,no,no,False
100772841,METROPOLITAN NASHVILLE POLICE DEPT,2015-0243713,Davidson,Antioch,3/13/2015 1:03:00 PM,2,0,0,36.063720,-86.601590,MOUNT VIEW ROAD,,,,0.00,,,,,SR,,0.00,Y,Four-Way, ,Intersection,None,,,         ,Erik,Dabbs,Rain,Angle,no,no,no,no,no,False
100772852,METROPOLITAN NASHVILLE POLICE DEPT,2015-243588,Davidson,Nashville,3/13/2015 12:25:00 PM,2,4,0,36.050300,-86.608340,PIN HOOK RD,,,,657.00,Feet,West,GROVEDALE TRC,,,,0.00,N,Not at Intersection,N,Non-Junction,None,,,         ,James,Grady,Rain,Angle,no,no,no,no,no,False
100772854,METROPOLITAN NASHVILLE POLICE DEPT,20150249458,Davidson,Nashville,3/15/2015 11:37:00 AM,2,4,0,36.081970,-86.761400,-- UNKNOWN RAMP/ROAD --,,,,0.00,,,STATE HWY 255,,,,0.00,Y,Four-Way,N,Intersection-Related,None,,,         ,Joshua,Dickall,Clear,Front to Rear,no,no,no,no,no,False
100772856,METROPOLITAN NASHVILLE POLICE DEPT,20150251480,Davidson,Nashville,3/16/2015 6:26:00 AM,1,1,0,36.153520,-86.805070,22ND AVE N,,,,118.00,Feet,South,PATTERSON ST,,,,0.00,N,Not at Intersection,N,Non-Junction,Construction Zone,Lane Shift-Crossover,Activity Area,         ,Nathan,Kemp,Clear,Not Collision with Motor Vehicle in Transport,no,no,no,no,no,False
100772857,METROPOLITAN NASHVILLE POLICE DEPT,20150243315,Davidson,Nashville,3/13/2015 10:48:00 AM,2,0,0,36.155170,-86.788330,-- UNKNOWN RAMP/ROAD --,,,,0.00,,,I 40,,,,0.00,Y,Y-Intersection, ,Non-Junction,None,,,         ,Wesley,Henderson,Rain,Front to Rear,no,no,no,no,no,False
100772859,METROPOLITAN NASHVILLE POLICE DEPT,20150249618,Davidson,Nashville,3/15/2015 1:33:00 PM,2,1,0,36.130330,-86.900180,EXIT 201A,,,,0.00,,,I 40,,,,0.00,Y,Four-Way,N,Entrance/Exit Ramp Related,None,,,         ,Corteze,Armstrong,Clear,Front to Rear,no,no,no,no,no,False
100772862,METROPOLITAN NASHVILLE POLICE DEPT,2015-0249535,Davidson,Nashville,3/15/2015 1:00:00 PM,3,0,0,36.218270,-86.774800,I 65,,,,0.00,,,,,,,88.15,N,Not at Intersection,N,Non-Junction,Unknown,Unknown,Unknown,         ,Jordan,Lowry,Clear,Front to Rear,no,no,no,no,no,False
100772864,METROPOLITAN NASHVILLE POLICE DEPT,2015-0251516,Davidson,Not in City Limit,3/16/2015 7:00:00 AM,2,0,0,36.100330,-86.934860,I 40,,,,0.00,,,,,,,198.20,N,Not at Intersection,N,Non-Junction,None,,,         ,Curtis,Rich,Clear,Front to Rear,no,no,no,no,no,False
100772868,METROPOLITAN NASHVILLE POLICE DEPT,20150243520,Davidson,Nashville,3/13/2015 11:59:00 AM,2,0,0,0.000000,0.000000,8TH AVE SOUTH,,,,0.00,,,LAFAYETTE STREET,,,,0.00,Y,Traffic Circle, ,Intersection,None,,,         ,Wesley,Henderson,Rain,Angle,no,no,no,no,no,False
100772873,METROPOLITAN NASHVILLE POLICE DEPT,20150251575,Davidson,Nashville,3/16/2015 7:35:00 AM,2,0,0,36.123420,-86.786790,MONTROSE AVE,,,,107.00,Feet,West,10TH AVE S,,,,0.00,N,Not at Intersection, ,,None,,,         ,Nathan,Kemp,,,no,no,no,no,no,False
100772881,METROPOLITAN NASHVILLE POLICE DEPT,2015-0251607,Davidson,Nashville,3/16/2015 8:20:00 AM,2,0,0,36.141260,-86.885570,I 40,,,,0.00,,,,,,,202.15,N,Not at Intersection, ,Non-Junction,None,,,         ,George,Spencer,Clear,Front to Rear,no,no,no,no,no,False
100772885,METROPOLITAN NASHVILLE POLICE DEPT,20150251562,Davidson,Nashville,3/16/2015 7:31:00 AM,2,0,0,36.081790,-86.758280,TROUSDALE DR,,,,0.00,,,RAMP,,,,0.00,Y,Y-Intersection, ,Intersection-Related,None,,,         ,Erik,Wagner,Clear,Front to Rear,no,no,no,no,no,False
100772887,METROPOLITAN NASHVILLE POLICE DEPT,2015-0251631,Davidson,Nashville,3/16/2015 7:55:00 AM,2,0,0,36.128600,-86.907610,RIVER RD,,,,325.00,Feet,West,US HWY 70,,,,0.00,N,Not at Intersection,N,Non-Junction,None,,,         ,Curtis,Rich,Clear,Angle,no,no,no,no,no,False
100772892,METROPOLITAN NASHVILLE POLICE DEPT,20150249639,Davidson,Old Hickory,3/16/2015 1:02:00 PM,2,0,0,36.263710,-86.674550,STATE HWY 45,,,,1710.00,Feet,West,HICKORY INDUSTRIAL DR,,,,0.00,N,Not at Intersection, ,Non-Junction,Work Zone,,,         ,Craig,Carlson,Clear,Front to Rear,no,no,no,no,no,False
100772899,METROPOLITAN NASHVILLE POLICE DEPT,20150251617,Davidson,Nashville,3/16/2015 7:41:00 AM,2,0,0,36.099540,-86.871550,STATE HWY 100,,,,0.00,,,US HWY 70S,,,,0.00,Y,Y-Intersection, ,,None,,,         ,Melvin,Foster,,,no,no,no,no,no,False
100772903,METROPOLITAN NASHVILLE POLICE DEPT,2015-0251597,Davidson,Nashville,3/16/2015 7:34:00 AM,2,0,0,36.087720,-86.691510,STATE HWY 255,,,,226.00,Feet,East,ANTIOCH PIKE,,,,0.00,N,Not at Intersection, ,Non-Junction,None,,,         ,Stanley,Collins,Clear,Angle,no,no,no,no,no,False
100772906,METROPOLITAN NASHVILLE POLICE DEPT,20150243826,Davidson,Nashville,3/13/2015 1:53:00 PM,2,0,0,36.199740,-86.592020,TULIP GROVE RD,,,,0.00,,,CHANDLER RD,,,,0.00,Y,Four-Way, ,Intersection,None,,,         ,Kevin,Coleman,Rain,Front to Rear,no,no,no,no,no,False
100772907,METROPOLITAN NASHVILLE POLICE DEPT,2015-0251598,Davidson,Nashville,3/16/2015 7:40:00 AM,2,0,0,36.140170,-86.827730,MURPHY RD,,,,40.00,Feet,West,ACKLEN PARK DR,,,,0.00,N,Not at Intersection,N,Non-Junction,None,,,         ,Cesar,Castillo,Clear,Front to Rear,no,no,no,no,no,False
100772918,METROPOLITAN NASHVILLE POLICE DEPT,20150251761,Davidson,Nashville,3/16/2015 8:38:00 AM,2,0,0,36.206030,-86.771010,US HWY 431,,,,0.00,,,LUCAS LN,,,,0.00,Y,T-Intersection, ,Non-Junction,None,,,         ,Michael,Watkins,Clear,"Sideswipe, Same Direction",no,no,no,no,no,False
100772921,METROPOLITAN NASHVILLE POLICE DEPT,20150251800,Davidson,Nashville,3/16/2015 8:33:00 AM,2,1,0,36.044890,-86.659660,STATE HWY 254,,,,0.00,,,RAMP,,,,0.00,Y,Y-Intersection,N,Entrance/Exit Ramp Related,None,,,         ,Randall,Combs,Clear,Front to Rear,no,no,no,no,no,False
100772923,METROPOLITAN NASHVILLE POLICE DEPT,20150251750,Davidson,Nashville,3/16/2015 8:30:00 AM,2,0,0,36.089100,-86.649990,US HWY 41,,,,0.00,,,RANSOM PL,,,,0.00,Y,Four-Way, ,Intersection,None,,,         ,Patrick,Taylor,Clear,Front to Rear,no,no,no,no,no,False
100772927,METROPOLITAN NASHVILLE POLICE DEPT,15-0251651,Davidson,Nashville,3/16/2015 7:50:00 AM,3,2,0,36.159300,-86.760430,I 24,,,,0.00,,,,,,,49.50,N,Not at Intersection,N,Non-Junction,None,,,         ,Frank,Campbell,Clear,Front to Rear,no,no,no,no,no,False
100772930,VANDERBILT UNIVERSITY POLICE,15-251723,Davidson,Nashville,3/16/2015 8:20:00 AM,1,0,0,36.139730,-86.801660,22ND AVE S,,,,0.00,,,PIERCE AVE,,,,0.00,Y,OTHER, ,OtherLocation,None,,,         ,Tiffany,Alexander,Clear,Not Collision with Motor Vehicle in Transport,no,no,no,yes,no,Campus
100772935,METROPOLITAN NASHVILLE POLICE DEPT,20150251977,Davidson,Nashville,3/16/2015 9:53:00 AM,2,1,0,36.089580,-86.733130,US HWY 31 ALT,,,,249.00,Feet,South,ZOO RD,,,,0.00,N,Not at Intersection,N,Non-Junction,None,,,         ,Nathan,Kemp,Clear,Front to Rear,no,no,no,no,no,False
100772938,METROPOLITAN NASHVILLE POLICE DEPT,2015-0243256,Davidson,Nashville,3/13/2015 10:30:00 AM,2,1,0,36.125350,-86.742390,GLENROSE AVE,,,,0.00,,,FOSTER AVE,,,,0.00,Y,Four-Way,N,"Driveway, Alley Access, etc",None,,,         ,William,Whitworth,Cloudy,Angle,no,no,no,no,no,False
100772939,METROPOLITAN NASHVILLE POLICE DEPT,2015-0243560,Davidson,Nashville,3/13/2015 12:06:00 PM,3,1,0,36.046020,-86.657970,COLLINS PARK DR,,,,0.00,,,STATE HWY 254,,,,0.00,Y,Four-Way,N,Intersection,None,,,         ,William,Whitworth,Rain,Front to Rear,no,no,no,no,no,False
100772940,METROPOLITAN NASHVILLE POLICE DEPT,2015-0251508,Davidson,Nashville,3/16/2015 7:02:00 AM,2,0,0,36.089760,-86.694200,ANTIOCH PIKE,,,,196.00,Feet,North,CANDY LN,,,,0.00,N,Not at Intersection, ,Non-Junction,None,,,         ,William,Whitworth,Clear,Front to Rear,no,no,no,no,no,False
100772946,METROPOLITAN NASHVILLE POLICE DEPT,20150251788,Davidson,Nashville,3/16/2015 8:44:00 AM,2,0,0,0.000000,0.000000,I40 WEST EXIT RAMP,,,,50.00,Feet,East,DONELSON PIKE,,,,0.00,N,Not at Intersection, ,Entrance/Exit Ramp Related,None,,,         ,Caleb,Jernigan,Clear,"Sideswipe, Same Direction",no,no,no,no,no,False
100772952,METROPOLITAN NASHVILLE POLICE DEPT,20150251929,Davidson,Nashville,3/16/2015 9:39:00 AM,2,0,0,36.153400,-86.800830,20TH AVE N,,,,0.00,,,CHURCH ST,,,,0.00,Y,Four-Way, ,Intersection,None,,,         ,Joshua,Dickall,Clear,Angle,no,no,no,no,no,Campus
100772967,METROPOLITAN NASHVILLE POLICE DEPT,20150251902,Davidson,Nashville,3/16/2015 9:27:00 AM,2,0,0,36.045200,-86.715370,STATE HWY 254,,,,182.00,Feet,West,BRENTWOOD EAST DR,,,,0.00,N,Not at Intersection,N,Non-Junction,None,,,         ,Nathan,Kemp,Clear,Front to Rear,no,no,no,no,yes,False
100772968,METROPOLITAN NASHVILLE POLICE DEPT,20150251832,Davidson,Nashville,3/16/2015 8:58:00 AM,3,0,0,36.122470,-86.726950,EXIT 53,,,,0.00,,,I 24,,,,0.00,Y,Y-Intersection, ,Entrance/Exit Ramp Related,None,,,         ,Brandon,Tennant,Clear,Rear to Rear,no,no,no,no,no,False
100772979,METROPOLITAN NASHVILLE POLICE DEPT,2015-0243930,Davidson,Nashville,3/13/2015 2:50:00 PM,2,0,0,36.044750,-86.779870,-- UNKNOWN RAMP/ROAD --,,,,0.00,,,I 65,,,,0.00,Y,Unknown, ,Entrance/Exit Ramp Related,None,,,         ,David,Barras,Clear,"Sideswipe, Same Direction",no,no,no,no,no,False
100772987,METROPOLITAN NASHVILLE POLICE DEPT,20150249450,Davidson,Nashville,3/15/2015 11:25:00 AM,3,0,0,36.105330,-86.670760,US HWY 41,,,,302.00,Feet,West,REEDWOOD DR,,,,0.00,N,Not at Intersection,N,Non-Junction,None,,,         ,Justin,Franklin,Clear,Other,no,no,no,no,yes,False
100772992,METROPOLITAN NASHVILLE POLICE DEPT,20150252281,Davidson,Nashville,3/16/2015 10:58:00 AM,2,1,0,36.164960,-86.820010,I 40,,,,0.00,,,28TH AVE N,,,,0.00,Y,T-Intersection,N,Entrance/Exit Ramp Related,None,,,         ,Michael,Parman,Clear,Front to Rear,no,no,no,no,no,False
100772997,METROPOLITAN NASHVILLE POLICE DEPT,20150251478,Davidson,Nashville,3/16/2015 6:35:00 AM,3,1,0,36.249660,-86.741770,I 65,,,,0.00,,,,,,,91.20,N,Not at Intersection,N,Non-Junction,None,,,         ,Kevin,Reynolds,Clear,Front to Rear,no,no,no,no,no,False
100773005,METROPOLITAN NASHVILLE POLICE DEPT,20150252290,Davidson,Nashville,3/16/2015 12:00:00 AM,2,0,0,36.177880,-86.748390,N 12TH ST,,,,172.00,Feet,South,FORREST AVE,,,,0.00,N,Not at Intersection, ,Non-Junction,None,,,         ,Ian,Herlein,Clear,Unknown,no,no,no,no,yes,False
100773028,THP District 9 - Administrative,315014741,Davidson,Nashville,3/16/2015 11:35:00 AM,2,0,0,36.182260,-86.608280,STATE HWY 45,,,,58.00,Feet,East,ANDREW JACKSON WAY,,,,0.00,N,Not at Intersection, ,Non-Junction,None,,,         ,Allan,Brenneis,Clear,Front to Rear,no,no,no,no,no,False
100773034,METROPOLITAN NASHVILLE POLICE DEPT,20150252460,Davidson,Nashville,3/16/2015 12:21:00 PM,2,0,0,36.176350,-86.785530,3RD AVE N,,,,0.00,,,MADISON ST,,,,0.00,Y,Four-Way, ,,None,,,         ,Bryan,Birdwell,,,no,no,no,no,no,False
100773036,METROPOLITAN NASHVILLE POLICE DEPT,20150251740,Davidson,Not in City Limit,3/16/2015 8:10:00 AM,1,0,0,36.278210,-86.789220,STATE HWY 45,,,,0.00,,,COBBLESTONE CREEK DR,,,,0.00,Y,OTHER,N,Non-Junction,None,,,         ,Jeffery,Burnette,Clear,Not Collision with Motor Vehicle in Transport,no,no,no,no,no,False
100773049,METROPOLITAN NASHVILLE POLICE DEPT,2015-0252286,Davidson,Nashville,3/16/2015 11:48:00 AM,2,0,0,36.085540,-86.690710,ANTIOCH PIKE,,,,0.00,,,PERIMETER HILL DR,,,,0.00,Y,T-Intersection, ,Intersection,None,,,         ,William,Whitworth,Clear,Front to Rear,no,no,no,no,no,False
100773051,METROPOLITAN NASHVILLE POLICE DEPT,2015-0252539,Davidson,Nashville,3/16/2015 12:47:00 PM,2,0,0,36.086850,-86.691760,ANTIOCH PIKE,,,,243.00,Feet,South,STATE HWY 255,,,,0.00,N,Not at Intersection,N,"Driveway, Alley Access, etc",None,,,         ,William,Whitworth,Clear,Angle,no,no,no,no,no,False
100773056,METROPOLITAN NASHVILLE POLICE DEPT,20150252644,Davidson,Nashville,3/16/2015 1:36:00 PM,2,0,0,36.167800,-86.787810,US HWY 41 ALT,,,,68.00,Feet,North,RAMP,,,,0.00,N,Not at Intersection,N,Non-Junction,None,,,         ,Joshua,Hollins,Clear,Front to Rear,no,no,no,no,no,False
100773060,METROPOLITAN NASHVILLE POLICE DEPT,20150252570,Davidson,Nashville,3/16/2015 1:15:00 PM,2,0,0,36.136590,-86.727040,-- UNKNOWN RAMP/ROAD --,,,,0.00,,,I 24,,,,0.00,Y,OTHER, ,Non-Junction,None,,,         ,Kevin,Caperton,Clear,Front to Rear,no,no,no,no,no,False
100773065,METROPOLITAN NASHVILLE POLICE DEPT,20150252285,Davidson,Nashville,3/16/2015 11:50:00 AM,2,0,0,36.203580,-86.738480,GALLATIN PIKE,,,,0.00,,,E TRINITY LN,,,,0.00,Y,OTHER, ,Non-Junction,None,,,         ,William,Crowe,Clear,Angle,no,no,no,no,no,False
100773066,METROPOLITAN NASHVILLE POLICE DEPT,20150252680,Davidson,Nashville,3/16/2015 1:45:00 PM,2,0,0,36.187560,-86.755450,US HWY 31E,,,,0.00,,,PETWAY AVE,,,,0.00,Y,Four-Way, ,,None,,,         ,John,Joyce,,,no,no,no,no,no,False
100773067,METROPOLITAN NASHVILLE POLICE DEPT,20150252652,Davidson,Nashville,3/16/2015 1:40:00 PM,2,0,0,36.210730,-86.775740,I 65,,,,0.00,,,,,,,87.65,N,Not at Intersection,Y,Entrance/Exit Ramp Related,Construction Zone,Laneclosure,Activity Area,         ,Michael,Watkins,Cloudy,"Sideswipe, Same Direction",no,no,no,no,yes,False
100773069,METROPOLITAN NASHVILLE POLICE DEPT,2015-0252556,Davidson,Nashville,3/16/2015 12:57:00 PM,2,0,0,36.060510,-86.695440,COLEMONT DR,,,,0.00,,,KEELEY DR,,,,0.00,Y,Four-Way,N,Intersection,None,,,         ,Stanley,Collins,Clear,Angle,no,no,no,no,no,False
100773079,METROPOLITAN NASHVILLE POLICE DEPT,2015-247734,Davidson,Nashville,3/14/2015 5:10:00 PM,2,0,0,36.251010,-86.718290,US HWY 31E,,,,91.00,Feet,North,MOVING CENTER CT,,,,0.00,N,Not at Intersection,N,Non-Junction,None,,,         ,Sandra,Talavera,Rain,Front to Rear,no,no,no,no,yes,False
100773082,METROPOLITAN NASHVILLE POLICE DEPT,2015-0252637,Davidson,Nashville,3/16/2015 1:34:00 PM,2,0,0,36.134170,-86.889430,US HWY 70,,,,386.00,Feet,East,OLD CHARLOTTE PIKE,,,,0.00,N,Not at Intersection, ,Non-Junction,None,,,         ,Walter,Gray II,Clear,Front to Rear,no,no,no,no,no,False
100773102,METROPOLITAN NASHVILLE POLICE DEPT,20150251876,Davidson,Nashville,3/16/2015 9:11:00 AM,2,0,0,36.187940,-86.798400,DOMINICAN DR,,,,0.00,,,US HWY 41 ALT,,,,0.00,Y,Four-Way,N,Intersection-Related,None,,,         ,Ky,Luu,Clear,Front to Rear,no,no,no,no,no,False
100773103,METROPOLITAN NASHVILLE POLICE DEPT,20150252714,Davidson,Nashville,3/16/2015 2:09:00 PM,2,3,0,36.214110,-86.764320,US HWY 31W,,,,50.00,Feet,North,ROCK ST,,,,0.00,N,Not at Intersection,N,Non-Junction,None,,,         ,Eric,Westbrook,Clear,Front to Rear,no,no,no,no,no,False
100773113,METROPOLITAN NASHVILLE POLICE DEPT,20150252962,Davidson,Nashville,3/16/2015 3:50:00 PM,1,2,0,36.106520,-86.718880,I 24,,,,0.00,,,,,,,54.00,N,Not at Intersection,N,Non-Junction,None,,,         ,Daniel,Cayton,Clear,Not Collision with Motor Vehicle in Transport,no,no,no,no,no,False
100773119,METROPOLITAN NASHVILLE POLICE DEPT,20150252889,Davidson,Nashville,3/16/2015 3:20:00 PM,3,0,0,36.184360,-86.611990,STATE HWY 45,,,,500.00,Feet,West,ANDREW JACKSON PKWY,,,,0.00,N,Not at Intersection, ,Non-Junction,None,,,         ,Tyler,Conrads,Clear,Front to Rear,no,no,no,no,no,False
100773124,METROPOLITAN NASHVILLE POLICE DEPT,20150252823,Davidson,Nashville,3/16/2015 3:06:00 PM,1,1,0,36.088650,-86.794650,BATTERY LN,,,,431.00,Feet,East,PADDOCK PARK,,,,0.00,N,Not at Intersection,N,Non-Junction,None,,,         ,Nicholas,Smith,Clear,Not Collision with Motor Vehicle in Transport,no,no,no,no,no,False