master_record_number,agency,agency_tracking_number,county,city,collision_date,vehicles_involved,number_injured,number_dead,latitude,longitude,roadway_name,roadway_suffix,roadway_number,roadway_local_id,distance_from_reference,miles-feet_indicator,direction_from_reference,intersection_road_name,intersection_road_name_suffix,intersection_road_number,intersection_local_id,mile_marker,intersection_indicator,intersect_type,interchange_related_indicator,relation_to_junction,work_zone_type,construction_maintenance_zone,construction_maintenance_zone_location,fatal_case_number,officer_first_name,officer_last_name,weather_condition(s),manner_of_crash,pedestrian,bicycle,scooter,parking,hitrun,mou
100773127,GOODLETTSVILLE POLICE DEPT,15-10276,Davidson,Goodlettsville,3/16/2015 3:41:00 PM,1,0,0,36.305086,-86.703731,MEADOW LARK,,,,50.00,Feet,West,RIVERGATE,PKWY,,,0.00,N,Not at Intersection,N,Non-Junction,None,,,         ,Jeffery,Hunter,Clear,Not Collision with Motor Vehicle in Transport,no,no,no,no,no,False
100773134,METROPOLITAN NASHVILLE POLICE DEPT,20150252913,Davidson,Nashville,3/16/2015 3:23:00 PM,2,0,0,36.140900,-86.817420,US HWY 70S,,,,0.00,,,ACKLEN PARK DR,,,,0.00,Y,T-Intersection, ,Intersection-Related,None,,,         ,Tien,Nguyen,Clear,Angle,no,no,no,no,no,False
100773135,METROPOLITAN NASHVILLE POLICE DEPT,20150253036,Davidson,Nashville,3/16/2015 4:17:00 PM,2,1,0,36.149340,-86.803450,US HWY 70S,,,,0.00,,,LOUISE AVE,,,,0.00,Y,T-Intersection,N,Intersection-Related,None,,,         ,Tien,Nguyen,Clear,Front to Rear,no,no,no,no,no,Campus
100773138,METROPOLITAN NASHVILLE POLICE DEPT,20150252788,Davidson,Nashville,3/16/2015 2:49:00 PM,3,2,0,36.093280,-87.023140,MCCRORY LN,,,,37.00,Feet,South,US HWY 70,,,,0.00,N,Not at Intersection,Y,Non-Junction,None,,,         ,Tyler,Reese,Clear,Angle,no,no,no,no,no,False
100773142,METROPOLITAN NASHVILLE POLICE DEPT,20150252998,Davidson,Nashville,3/16/2015 4:05:00 PM,3,0,0,36.066510,-86.686350,I 24,,,,0.00,,,,,,,57.25,N,Not at Intersection, ,Non-Junction,None,,,         ,Jonathan,Frith,Clear,Front to Rear,no,no,no,no,no,False
100773147,METROPOLITAN NASHVILLE POLICE DEPT,20150253013,Davidson,Nashville,3/16/2015 4:08:00 PM,2,1,0,36.177150,-86.585880,FOREST RIDGE DR,,,,150.00,Feet,South,FOREST RIDGE WAY,,,,0.00,N,Not at Intersection,N,Non-Junction,None,,,         ,Tyler,Conrads,Clear,Not Collision with Motor Vehicle in Transport,no,no,no,no,no,False
100773150,METROPOLITAN NASHVILLE POLICE DEPT,20150253127,Davidson,Nashville,3/16/2015 4:45:00 PM,3,0,0,36.151800,-86.690820,ELM HILL PIKE,,,,0.00,,,STATE HWY 155,,,,0.00,Y,OTHER, ,Intersection-Related,None,,,         ,Brent,Palte,Clear,Front to Rear,no,no,no,no,no,False
100773151,METROPOLITAN NASHVILLE POLICE DEPT,20150252770,Davidson,Nashville,3/16/2015 3:37:00 PM,2,0,0,36.071360,-86.636360,RAMP,,,,232.00,Feet,South,US HWY 41,,,,0.00,N,Not at Intersection, ,Non-Junction,None,,,         ,Thomas,Barnes,Clear,Front to Rear,no,no,no,no,yes,False
100773153,METROPOLITAN NASHVILLE POLICE DEPT,20150253015,Davidson,Nashville,3/16/2015 4:10:00 PM,2,0,0,36.190720,-86.789320,I 65,,,,0.00,,,,,,,85.80,N,Not at Intersection,N,Non-Junction,None,,,         ,Christopher,Littles,Clear,Front to Rear,no,no,no,no,no,False
100773157,VANDERBILT UNIVERSITY POLICE,15-253154,Davidson,Nashville,3/16/2015 12:00:00 AM,2,0,0,36.143020,-86.810810,VANDERBILT PL,,,,150.00,Feet,West,28TH AVE S,,,,0.00,N,Not at Intersection,N,Non-Junction,None,,,         ,William,Gladu,Clear,Front to Rear,no,no,no,no,yes,Campus
100773162,METROPOLITAN NASHVILLE POLICE DEPT,2015-0253051,Davidson,Nashville,3/16/2015 4:23:00 PM,2,0,0,36.149950,-86.857890,STATE HWY 155,,,,75.00,Feet,South,US HWY 70,,,,0.00,N,Not at Intersection, ,Non-Junction,None,,,         ,Walter,Gray II,Clear,"Sideswipe, Same Direction",no,no,no,no,no,False
100773164,METROPOLITAN NASHVILLE POLICE DEPT,20150253104,Davidson,Nashville,3/16/2015 5:23:00 PM,2,0,0,36.168120,-86.816810,-- UNKNOWN RAMP/ROAD --,,,,0.00,,,I 40,,,,0.00,Y,T-Intersection, ,Intersection-Related,None,,,         ,Brian,Smith,Clear,HeadOn,no,no,no,no,no,False
100773165,METROPOLITAN NASHVILLE POLICE DEPT,20150253044,Davidson,Nashville,3/16/2015 4:20:00 PM,2,1,0,36.213500,-86.764200,DELLWAY VILLA RD,,,,95.00,Feet,East,US HWY 31W,,,,0.00,N,Not at Intersection,Y,Non-Junction,None,,,         ,Paul,Stein,Clear,Angle,no,no,no,no,no,False
100773172,METROPOLITAN NASHVILLE POLICE DEPT,2015-0251063,Davidson,Not in City Limit,3/16/2015 1:37:00 AM,1,0,0,36.084950,-86.939420,SAWYER BROWN RD,,,,0.00,,,CROSS TIMBERS DR,,,,0.00,Y,T-Intersection,N,Intersection-Related,None,,,         ,Joel,Callies,Clear,Not Collision with Motor Vehicle in Transport,no,no,no,no,yes,False
100773173,METROPOLITAN NASHVILLE POLICE DEPT,20150252939,Davidson,Nashville,3/16/2015 4:30:00 PM,1,1,0,36.047570,-86.738670,BRENTWOOD PL,,,,340.00,Feet,East,BRENTWOOD TER,,,,0.00,N,Not at Intersection,N,Non-Junction,None,,,         ,Ricki,Armstrong,Clear,Not Collision with Motor Vehicle in Transport,no,no,no,yes,no,False
100773174,METROPOLITAN NASHVILLE POLICE DEPT,20150253227,Davidson,Nashville,3/16/2015 4:44:00 PM,1,0,0,36.143750,-86.730800,ELM HILL PIKE,,,,111.00,Feet,West,ARLINGTON AVE,,,,0.00,N,Not at Intersection,N,Non-Junction,None,,,         ,Mark,Harrison,Clear,Not Collision with Motor Vehicle in Transport,no,no,no,no,no,False
100773179,METROPOLITAN NASHVILLE POLICE DEPT,20150253309,Davidson,Nashville,3/16/2015 5:42:00 PM,2,1,0,36.128430,-86.803050,US HWY 431,,,,0.00,,,SUNSET PL,,,,0.00,Y,T-Intersection,N,Intersection-Related,None,,,         ,Tien,Nguyen,Clear,Angle,no,no,no,no,no,False
100773181,METROPOLITAN NASHVILLE POLICE DEPT,20150253290,Davidson,Nashville,3/16/2015 5:19:00 PM,1,0,0,36.160290,-86.706810,WILOWEN DR,,,,365.00,Feet,South,DAHLIA DR,,,,0.00,N,Not at Intersection, ,,,,,         ,Leslie,Hale,,,no,no,no,yes,no,False
100773182,METROPOLITAN NASHVILLE POLICE DEPT,20150253151,Davidson,Nashville,3/16/2015 4:45:00 PM,2,0,0,36.139340,-86.700150,STATE HWY 155,,,,63.00,Feet,South,KAREN DR,,,,0.00,N,Not at Intersection, ,Non-Junction,None,,,         ,Jared,Ester,Clear,Front to Rear,no,no,no,no,no,False
100773186,METROPOLITAN NASHVILLE POLICE DEPT,20150253317,Davidson,Nashville,3/16/2015 5:45:00 PM,1,1,0,36.099870,-86.739580,US HWY 31 ALT,,,,0.00,,,ELGIN ST,,,,0.00,Y,T-Intersection,N,Non-Junction,None,,,         ,Daniel,Cayton,Clear,Not Collision with Motor Vehicle in Transport,no,yes,no,no,no,False
100773188,METROPOLITAN NASHVILLE POLICE DEPT,2015-0252908,Davidson,Nashville,3/16/2015 3:30:00 PM,3,0,0,36.142590,-86.822610,I 440,,,,0.00,,,,,,,1.05,N,Not at Intersection, ,Non-Junction,None,,,         ,Christopher,Clark,Clear,Front to Rear,no,no,no,no,no,False
100773190,METROPOLITAN NASHVILLE POLICE DEPT,20150253207,Davidson,Not in City Limit,3/16/2015 4:45:00 PM,2,1,0,36.311580,-86.882720,RAWLINGS RD,,,,0.00,,,US HWY 41 ALT,,,,0.00,Y,Four-Way,N,Intersection-Related,None,,,         ,Kenneth,Oneal,Clear,"Sideswipe, Opposite Direction",no,no,no,no,no,False
100773191,METROPOLITAN NASHVILLE POLICE DEPT,20150253337,Davidson,Nashville,3/16/2015 5:51:00 PM,2,1,0,36.144060,-86.692680,I 40,,,,0.00,,,,,,,215.15,N,Not at Intersection,N,Non-Junction,None,,,         ,David,Abbott,Clear,Front to Rear,no,no,no,no,no,False
100773195,METROPOLITAN NASHVILLE POLICE DEPT,20150253366,Davidson,Nashville,3/16/2015 4:52:00 PM,2,0,0,36.097370,-86.709250,I 24,,,,0.00,,,,,,,54.80,N,Not at Intersection, ,Non-Junction,None,,,         ,Torrance,Bennett,Clear,Front to Rear,no,no,no,no,no,False
100773198,METROPOLITAN NASHVILLE POLICE DEPT,20150253199,Davidson,Nashville,3/16/2015 5:00:00 PM,2,0,0,36.156340,-86.782090,DEMONBREUN ST,,,,0.00,,,9TH AVE S,,,,0.00,Y,T-Intersection, ,,None,,,         ,Tyler,Hutton,,,no,no,no,no,no,False
100773202,METROPOLITAN NASHVILLE POLICE DEPT,20150253499,Davidson,Nashville,3/16/2015 6:47:00 PM,1,0,0,36.252220,-86.843230,US HWY 41 ALT,,,,922.00,Feet,North,DRY FORK RD,,,,0.00,,Not at Intersection,N,Non-Junction,None,,,         ,Brian,Smith,Clear,Not Collision with Motor Vehicle in Transport,no,no,no,no,no,False
100773205,METROPOLITAN NASHVILLE POLICE DEPT,20150207261,Davidson,Goodlettsville,3/2/2015 7:45:00 PM,3,0,0,36.296160,-86.699830,US HWY 31E,,,,0.00,,,RAMP,,,,0.00,Y,Four-Way,N,Intersection-Related,None,,,         ,Edward,Draves,Cloudy,Front to Rear,no,no,no,no,yes,False
100773206,METROPOLITAN NASHVILLE POLICE DEPT,20150253469,Davidson,Nashville,3/16/2015 6:21:00 PM,2,0,0,36.140990,-86.717880,I 40,,,,0.00,,,,,,,213.75,N,Not at Intersection, ,Non-Junction,None,,,         ,Leslie,Hale,Clear,Front to Rear,no,no,no,no,no,False
100773209,METROPOLITAN NASHVILLE POLICE DEPT,20150253158,Davidson,Nashville,3/16/2015 6:13:00 PM,2,0,0,36.167470,-86.786780,US HWY 31,,,,60.00,Feet,East,RAMP,,,,0.00,N,Not at Intersection, ,Non-Junction,None,,,         ,Pedro,Rivera Chaparro,Clear,Angle,no,no,no,no,no,False
100773214,METROPOLITAN NASHVILLE POLICE DEPT,2015-0250242,Davidson,Nashville,3/15/2015 6:50:00 PM,2,0,0,36.275150,-86.735400,I 65,,,,0.00,,,,,,,93.00,N,Not at Intersection,N,Non-Junction,None,,,         ,Luis,Lopez,Clear,"Sideswipe, Same Direction",no,no,no,no,no,False
100773215,METROPOLITAN NASHVILLE POLICE DEPT,20150253432,Davidson,Nashville,3/16/2015 6:20:00 PM,2,0,0,36.154150,-86.770170,2ND AVE S,,,,0.00,,,ELM ST,,,,0.00,Y,T-Intersection,N,Non-Junction,None,,,         ,Aaron,Thomas,Clear,"Sideswipe, Same Direction",no,no,no,no,no,False
100773216,METROPOLITAN NASHVILLE POLICE DEPT,20150253398,Davidson,Nashville,3/16/2015 5:55:00 PM,2,0,0,36.233590,-86.758560,US HWY 31W,,,,180.00,Feet,North,MAPLEWOOD TRC,,,,0.00,N,Not at Intersection, ,Non-Junction,None,,,         ,Justin,Coyle,Clear,Angle,no,no,no,no,no,False
100773218,METROPOLITAN NASHVILLE POLICE DEPT,20150253386,Davidson,Nashville,3/16/2015 6:03:00 PM,2,0,0,36.180030,-86.809800,BUCHANAN ST,,,,0.00,,,16TH AVE N,,,,0.00,Y,T-Intersection,N,Non-Junction,None,,,         ,Christopher,Littles,Clear,Angle,no,no,no,no,no,False
100773223,METROPOLITAN NASHVILLE POLICE DEPT,20150253473,Davidson,Nashville,3/16/2015 5:30:00 PM,2,0,0,36.064130,-86.629190,HAMILTON CHURCH RD,,,,315.00,Feet,South,US HWY 41,,,,0.00,N,Not at Intersection, ,Non-Junction,None,,,         ,Natalie,Robinson,Clear,Angle,no,no,no,no,no,False
100773224,METROPOLITAN NASHVILLE POLICE DEPT,20150253338,Davidson,Nashville,3/16/2015 5:43:00 PM,2,0,0,36.108740,-86.769450,I 65,,,,0.00,,,,,,,79.65,N,Not at Intersection, ,Non-Junction,None,,,         ,Nicholas,Smith,Clear,Front to Rear,no,no,no,no,no,False
100773230,METROPOLITAN NASHVILLE POLICE DEPT,20150253416,Davidson,Nashville,3/16/2015 6:00:00 PM,3,2,0,36.122270,-86.630530,BELL RD,,,,166.00,Feet,South,WOODLAND POINT DR,,,,0.00,N,Not at Intersection,N,Non-Junction,None,,,         ,Thomas,Barnes,Clear,Front to Rear,no,no,no,no,yes,False
100773234,METROPOLITAN NASHVILLE POLICE DEPT,20150253463,Davidson,Nashville,3/16/2015 5:50:00 PM,2,0,0,36.080180,-86.763590,-- UNKNOWN RAMP/ROAD --,,,,0.00,Feet,East,I 65,,,,0.00,N,Not at Intersection, ,OtherLocation,None,,,         ,Tien,Nguyen,Clear,Front to Rear,no,no,no,no,no,False
100773241,METROPOLITAN NASHVILLE POLICE DEPT,20150253248,Davidson,Nashville,3/16/2015 5:21:00 PM,2,0,0,36.246650,-86.721190,BERKLEY DR,,,,0.00,,,US HWY 31E,,,,0.00,Y,Four-Way, ,OtherLocation,None,,,         ,Edward,Draves,Clear,"Sideswipe, Opposite Direction",no,no,no,yes,yes,False
100773242,METROPOLITAN NASHVILLE POLICE DEPT,20150244204,Davidson,Nashville,3/13/2015 3:50:00 PM,2,0,0,36.167780,-86.778370,US HWY 31,,,,85.00,Feet,East,2ND AVE N,,,,0.00,N,Not at Intersection, ,Non-Junction,None,,,         ,Michael,Schlegel,Rain,"Sideswipe, Same Direction",no,no,no,no,yes,False
100773252,METROPOLITAN NASHVILLE POLICE DEPT,20150253073,Davidson,Nashville,3/16/2015 4:25:00 PM,2,0,0,36.077520,-86.766190,I 65,,,,0.00,,,,,,,77.50,N,Not at Intersection, ,Entrance/Exit Ramp Related,None,,,         ,William,Taylor,Clear,"Sideswipe, Same Direction",no,no,no,no,no,False
100773263,METROPOLITAN NASHVILLE POLICE DEPT,20150253627,Davidson,Nashville,3/16/2015 7:55:00 PM,1,1,0,36.053300,-86.737310,MCMURRAY DR,,,,293.00,Feet,South,ASHMORE DR,,,,0.00,N,Not at Intersection,N,Non-Junction,None,,,         ,Tien,Nguyen,Clear,Not Collision with Motor Vehicle in Transport,no,no,no,no,no,False
100773264,METROPOLITAN NASHVILLE POLICE DEPT,20150252906,Davidson,Nashville,3/16/2015 2:59:00 PM,2,1,0,36.109480,-86.727650,STATE HWY 155,,,,57.00,Feet,East,RAMP,,,,0.00,N,Not at Intersection,N,Non-Junction,None,,,         ,Jessie,Meadows,Clear,Front to Rear,no,no,no,no,no,False
100773265,METROPOLITAN NASHVILLE POLICE DEPT,20150253143,Davidson,Nashville,3/16/2015 5:13:00 PM,2,0,0,36.120540,-86.749830,PEACHTREE ST,,,,47.00,Feet,East,US HWY 31 ALT,,,,0.00,N,Not at Intersection, ,,,,,         ,Jessie,Meadows,,,no,no,no,no,no,False
100773266,METROPOLITAN NASHVILLE POLICE DEPT,20150253272,Davidson,Nashville,3/16/2015 5:55:00 PM,2,0,0,36.114700,-86.719670,E THOMPSON LN,,,,59.00,Feet,South,GLENROSE AVE,,,,0.00,N,Not at Intersection, ,Non-Junction,None,,,         ,Jessie,Meadows,Clear,Angle,no,no,no,no,no,False
100773267,METROPOLITAN NASHVILLE POLICE DEPT,20150253489,Davidson,Nashville,3/16/2015 7:08:00 PM,2,0,0,36.126380,-86.728980,-- UNKNOWN RAMP/ROAD --,,,,0.00,Feet,East,I 24,,,,0.00,N,Not at Intersection, ,Non-Junction,None,,,         ,Jessie,Meadows,Clear,Front to Rear,no,no,no,no,no,False
100773268,METROPOLITAN NASHVILLE POLICE DEPT,20150253619,Davidson,Nashville,3/16/2015 7:57:00 PM,2,1,0,36.134690,-86.726740,I 24,,,,0.00,,,,,,,52.15,N,Not at Intersection,N,Non-Junction,None,,,         ,Jessie,Meadows,Clear,Front to Rear,no,no,no,no,no,False
100773288,METROPOLITAN NASHVILLE POLICE DEPT,20150253663,Davidson,Nashville,3/16/2015 8:09:00 PM,2,0,0,36.009480,-86.614880,I 24,,,,0.00,,,,,,,63.00,N,Not at Intersection, ,Non-Junction,None,,,         ,Joseph,Progar,Clear,"Sideswipe, Same Direction",no,no,no,no,no,False
100773289,METROPOLITAN NASHVILLE POLICE DEPT,20150253528,Davidson,Nashville,3/16/2015 6:08:00 PM,3,1,0,36.241570,-86.723290,US HWY 31E,,,,1016.00,Feet,North,LAKEWOOD DR,,,,0.00,N,Not at Intersection,N,Non-Junction,None,,,         ,Lawrence,Lacy,Clear,Front to Rear,no,no,no,no,yes,False
100773292,METROPOLITAN NASHVILLE POLICE DEPT,20150252792,Davidson,Nashville,3/16/2015 2:40:00 PM,3,1,0,36.107430,-86.801390,GLEN ECHO RD,,,,197.00,Feet,West,BELMONT BLVD,,,,0.00,N,Not at Intersection,N,Non-Junction,None,,,         ,Christopher,Davis,Clear,Front to Rear,no,no,no,no,no,False
100773293,METROPOLITAN NASHVILLE POLICE DEPT,20150253331,Davidson,Nashville,3/16/2015 4:54:00 PM,2,0,0,36.152270,-86.839680,US HWY 70,,,,30.00,Feet,West,44TH AVE N,,,,0.00,N,Not at Intersection, ,Non-Junction,None,,,         ,Torian,Cox,Clear,Front to Rear,no,no,no,no,no,False
100773294,METROPOLITAN NASHVILLE POLICE DEPT,20150253570,Davidson,Nashville,3/16/2015 7:22:00 PM,2,0,0,36.080850,-86.758040,RAMP,,,,0.00,,,STATE HWY 255,,,,0.00,Y,Four-Way, ,Intersection-Related,None,,,         ,Miguel,Garcia,Clear,Front to Rear,no,no,no,no,no,False
100773295,METROPOLITAN NASHVILLE POLICE DEPT,2015-0244723,Davidson,Nashville,3/13/2015 6:56:00 PM,2,0,0,36.144130,-86.738910,I 40,,,,0.00,,,,,,,212.40,N,Not at Intersection, ,Non-Junction,None,,,         ,Brent,Palte,Rain,Front to Rear,no,no,no,no,no,False
100773296,METROPOLITAN NASHVILLE POLICE DEPT,20150252780,Davidson,Nashville,3/16/2015 3:14:00 PM,2,0,0,36.084590,-86.702120,LARGO DR,,,,40.00,Feet,West,WALLACE RD,,,,0.00,N,Not at Intersection, ,Non-Junction,None,,,         ,Jessie,Meadows,Clear,Angle,no,no,no,no,no,False
100773298,METROPOLITAN NASHVILLE POLICE DEPT,20150253792,Davidson,Nashville,3/16/2015 9:15:00 PM,2,0,0,36.064760,-86.628450,HAMILTON CHURCH RD,,,,0.00,,,US HWY 41,,,,0.00,Y,Four-Way, ,Intersection,None,,,         ,Oscar,Gomez,Clear,Angle,no,no,no,no,no,False
100773302,METROPOLITAN NASHVILLE POLICE DEPT,20150250764,Davidson,Nashville,3/15/2015 11:47:00 PM,2,1,0,36.141330,-86.665520,I 40,,,,0.00,,,,,,,218.00,N,Not at Intersection,N,Non-Junction,None,,,         ,Curtis,Fisher,Clear,Front to Rear,no,no,no,no,no,False
100773312,METROPOLITAN NASHVILLE POLICE DEPT,20150253860,Davidson,Nashville,3/16/2015 9:28:00 PM,2,0,0,36.131230,-86.809390,BLAIR BLVD,,,,426.00,Feet,South,25TH AVE S,,,,0.00,N,Not at Intersection,N,Non-Junction,None,,,         ,Tien,Nguyen,Clear,Front to Rear,no,no,no,no,no,False
100773324,METROPOLITAN NASHVILLE POLICE DEPT,20150253589,Davidson,Nashville,3/16/2015 7:34:00 PM,1,1,0,36.139740,-86.823280,MURPHY RD,,,,76.00,Feet,East,-- UNKNOWN RAMP/ROAD --,,,,0.00,N,Not at Intersection,N,Non-Junction,None,,,         ,Brandon,Rardin,Clear,Not Collision with Motor Vehicle in Transport,no,no,no,no,no,False
100773337,METROPOLITAN NASHVILLE POLICE DEPT,20150253852,Davidson,Nashville,3/16/2015 10:15:00 PM,1,0,0,36.021630,-86.702100,ALTERAS DR,,,,122.00,Feet,North,RIGDEN MILL DR,,,,0.00,N,Not at Intersection,N,Non-Junction,None,,,         ,Jessie,Meadows,Clear,Not Collision with Motor Vehicle in Transport,no,no,no,no,no,False
100773351,METROPOLITAN NASHVILLE POLICE DEPT,20150254258,Davidson,Nashville,3/17/2015 1:00:00 AM,2,0,0,36.134230,-86.779040,WEDGEWOOD AVE,,,,0.00,,,US HWY 31,,,,0.00,Y,Four-Way,N,Intersection-Related,None,,,         ,Jason,Dudley,Clear,Angle,no,no,no,no,yes,False
100773352,METROPOLITAN NASHVILLE POLICE DEPT,20150253787,Davidson,Nashville,3/16/2015 9:30:00 PM,2,0,0,36.044840,-86.662240,STATE HWY 254,,,,0.00,,,,,,,0.00,,, ,Non-Junction,None,,,         ,Steven,Williams,Clear,Angle,no,no,no,yes,yes,False
100773353,METROPOLITAN NASHVILLE POLICE DEPT,20150254291,Davidson,Nashville,3/17/2015 12:00:00 AM,1,0,0,36.155420,-86.759290,I 24,,,,0.00,,,,,,,49.80,N,Not at Intersection,N,Non-Junction,None,,,         ,Andy,Esqueda,Clear,Not Collision with Motor Vehicle in Transport,no,no,no,no,no,False
100773357,METROPOLITAN NASHVILLE POLICE DEPT,20150254421,Davidson,Not in City Limit,3/17/2015 2:42:00 AM,2,1,0,36.090290,-86.940060,I 40,,,,0.00,,,,,,,197.45,N,Not at Intersection,N,Non-Junction,None,,,         ,Jeremy,Kidd,Clear,"Sideswipe, Same Direction",no,no,no,no,no,False
100773361,METROPOLITAN NASHVILLE POLICE DEPT,2015-0254532,Davidson,Nashville,3/17/2015 3:37:00 AM,1,1,0,36.157210,-86.774680,4TH AVE S,,,,0.00,,,GATEWAY BLVD,,,,0.00,Y,Four-Way,N,Intersection,None,,,         ,Doyle,Wilhoite,Clear,Not Collision with Motor Vehicle in Transport,yes,no,no,no,no,False
100773385,METROPOLITAN NASHVILLE POLICE DEPT,20150252658,Davidson,Nashville,3/16/2015 1:43:00 PM,2,0,0,36.143070,-86.736620,I 40,,,,0.00,,,,,,,212.70,N,Not at Intersection, ,Non-Junction,None,,,         ,Patrick,Taylor,Clear,Angle,no,no,no,no,no,False
100773393,METROPOLITAN NASHVILLE POLICE DEPT,2015-0254904,Davidson,Nashville,3/17/2015 7:00:00 AM,1,0,0,36.150150,-86.857900,STATE HWY 155,,,,0.00,,,US HWY 70,,,,0.00,Y,Four-Way, ,Intersection,None,,,         ,Curtis,Rich,Clear,Not Collision with Motor Vehicle in Transport,no,no,no,no,no,False
100773395,METROPOLITAN NASHVILLE POLICE DEPT,20150249640,Davidson,Nashville,3/15/2015 1:43:00 PM,2,0,0,36.141890,-86.640280,ELM HILL PIKE,,,,101.00,Feet,East,TIMBER VALLEY DR,,,,0.00,N,Not at Intersection,N,Non-Junction,None,,,         ,Cassandra,Del Bosco,Clear,Angle,no,no,no,no,no,False
100773403,METROPOLITAN NASHVILLE POLICE DEPT,20150254996,Davidson,Nashville,3/17/2015 7:40:00 AM,2,0,0,36.142270,-86.644780,ELM HILL PIKE,,,,1020.00,Feet,West,PATIO DR,,,,0.00,N,Not at Intersection, ,,None,,,         ,Larry,Benz,,,no,no,no,no,no,False
100773404,METROPOLITAN NASHVILLE POLICE DEPT,20150254963,Davidson,Nashville,3/17/2015 7:30:00 AM,3,1,0,36.100010,-86.711410,I 24,,,,0.00,,,,,,,54.55,N,Not at Intersection,N,Non-Junction,None,,,         ,Brandon,Tennant,Clear,"Sideswipe, Opposite Direction",no,no,no,no,yes,False
100773416,METROPOLITAN NASHVILLE POLICE DEPT,2015-0252484,Davidson,Nashville,3/16/2015 12:56:00 PM,2,1,0,36.164610,-86.776870,2ND AVE N,,,,0.00,,,CHURCH ST,,,,0.00,Y,Four-Way,N,Intersection-Related,None,,,         ,Alex,Moore,Clear,Not Collision with Motor Vehicle in Transport,no,no,no,no,no,False
100773420,METROPOLITAN NASHVILLE POLICE DEPT,2015-0254936,Davidson,Nashville,3/17/2015 6:34:00 AM,2,0,0,36.089290,-86.657600,DEERCREEK TRL S,,,,132.00,Feet,West,DEERCREEK TRL N,,,,0.00,N,Not at Intersection,N,Non-Junction,None,,,         ,Stanley,Collins,Clear,Unknown,no,no,no,no,yes,False
100773425,METROPOLITAN NASHVILLE POLICE DEPT,20150254884,Davidson,Not in City Limit,3/17/2015 6:30:00 AM,2,0,0,36.314270,-86.869040,OLD CLARKSVILLE PIKE,,,,611.00,Feet,East,JOELTON COMMUNITY CENTER RD,,,,0.00,N,Not at Intersection,N,Non-Junction,None,,,         ,Alan,Jordan,Clear,Angle,no,no,no,yes,no,False
100773426,METROPOLITAN NASHVILLE POLICE DEPT,20150255026,Davidson,Nashville,3/17/2015 7:57:00 AM,2,0,0,36.189090,-86.628050,US HWY 70,,,,471.00,Feet,East,HICKORY HILL LN,,,,0.00,N,Not at Intersection,N,"Driveway, Alley Access, etc",None,,,         ,Craig,Carlson,Clear,Front to Rear,no,no,no,no,no,False
100773428,METROPOLITAN NASHVILLE POLICE DEPT,20150254984,Davidson,Not in City Limit,3/17/2015 7:13:00 AM,2,0,0,36.023550,-86.699870,SUNNYWOOD DR,,,,0.00,,,ALTERAS DR,,,,0.00,Y,T-Intersection, ,Intersection,None,,,         ,Randall,Combs,Clear,Angle,no,no,no,no,no,False
100773435,METROPOLITAN NASHVILLE POLICE DEPT,2015-0255247,Davidson,Nashville,3/17/2015 9:00:00 AM,2,0,0,36.130340,-86.837670,US HWY 70S,,,,41.00,Feet,East,CHEROKEE RD,,,,0.00,N,Not at Intersection,N,Non-Junction,None,,,         ,Curtis,Rich,Clear,Front to Rear,no,no,no,no,no,False
100773440,VANDERBILT UNIVERSITY POLICE,15-0252743,Davidson,Nashville,3/16/2015 12:00:00 AM,2,0,0,36.137570,-86.802150,BLAKEMORE AVE,,,,0.00,,,,,,,0.00,,,N,Non-Junction,None,,,         ,Linda,Jennings,Clear,Unknown,no,no,no,yes,yes,Campus
100773443,METROPOLITAN NASHVILLE POLICE DEPT,20150255039,Davidson,Nashville,3/17/2015 7:37:00 AM,2,0,0,36.044800,-86.661160,STATE HWY 254,,,,104.00,Feet,East,CANE RIDGE RD,,,,0.00,N,Not at Intersection, ,Non-Junction,None,,,         ,Erik,Dabbs,Clear,"Sideswipe, Same Direction",no,no,no,no,no,False
100773462,METROPOLITAN NASHVILLE POLICE DEPT,20150255116,Davidson,Nashville,3/17/2015 8:20:00 AM,2,0,0,36.151380,-86.751190,I 40,,,,0.00,,,,,,,211.50,N,Not at Intersection,N,Non-Junction,None,,,         ,Larry,Benz,Clear,Front to Rear,no,no,no,no,no,False
100773467,METROPOLITAN NASHVILLE POLICE DEPT,2015-0255044,Davidson,Nashville,3/17/2015 8:00:00 AM,2,0,0,36.151810,-86.771240,US HWY 41,,,,0.00,,,4TH AVE S,,,,0.00,Y,Four-Way, ,Intersection,None,,,         ,Daniel,Massey,Clear,Front to Rear,no,no,no,no,no,False
100773469,METROPOLITAN NASHVILLE POLICE DEPT,2015-0255163,Davidson,Nashville,3/17/2015 8:08:00 AM,2,0,0,36.083890,-86.689450,ANTIOCH PIKE,,,,0.00,,,JANSING DR,,,,0.00,Y,T-Intersection, ,Non-Junction,None,,,         ,John,Neely,Clear,Front to Rear,no,no,no,no,no,False
100773477,METROPOLITAN NASHVILLE POLICE DEPT,20150251594,Davidson,Nashville,3/16/2015 7:43:00 AM,2,4,0,36.082790,-86.628700,BELL RD,,,,0.00,,,MOSSDALE DR,,,,0.00,Y,Four-Way,N,Intersection,None,,,         ,James,Curtis,Clear,Angle,no,no,no,no,no,False
100773486,METROPOLITAN NASHVILLE POLICE DEPT,20150255299,Davidson,Nashville,3/17/2015 9:05:00 AM,2,0,0,36.041620,-86.749210,STATE HWY 254,,,,0.00,,,HILL RD,,,,0.00,Y,T-Intersection, ,Intersection,None,,,         ,Nathan,Kemp,Clear,Front to Rear,no,no,no,no,no,False