master_record_number,agency,agency_tracking_number,county,city,collision_date,vehicles_involved,number_injured,number_dead,latitude,longitude,roadway_name,roadway_suffix,roadway_number,roadway_local_id,distance_from_reference,miles-feet_indicator,direction_from_reference,intersection_road_name,intersection_road_name_suffix,intersection_road_number,intersection_local_id,mile_marker,intersection_indicator,intersect_type,interchange_related_indicator,relation_to_junction,work_zone_type,construction_maintenance_zone,construction_maintenance_zone_location,fatal_case_number,officer_first_name,officer_last_name,weather_condition(s),manner_of_crash,pedestrian,bicycle,scooter,parking,hitrun,mou
100773870,METROPOLITAN NASHVILLE POLICE DEPT,20150258561,Davidson,Nashville,3/18/2015 5:50:00 AM,1,0,0,36.186300,-86.630220,STATE HWY 265,,,,290.00,Feet,East,RAMP,,,,0.00,N,Not at Intersection, ,Non-Junction,None,,,         ,Keith,Holley,Clear,Not Collision with Motor Vehicle in Transport,no,no,no,no,no,False
100773871,METROPOLITAN NASHVILLE POLICE DEPT,20150258600,Davidson,Nashville,3/18/2015 6:13:00 AM,2,0,0,36.050020,-86.649500,MOUNT VIEW RD,,,,0.00,,,STATE HWY 254,,,,0.00,Y,Four-Way, ,,None,,,         ,Steven,Williams,,,no,no,no,no,no,False
100773875,METROPOLITAN NASHVILLE POLICE DEPT,20150256034,Davidson,Nashville,3/17/2015 2:01:00 PM,2,0,0,36.167470,-86.786980,RAMP,,,,0.00,,,US HWY 31,,,,0.00,Y,Y-Intersection, ,Non-Junction,None,,,         ,Michael,Johnson,Cloudy,"Sideswipe, Same Direction",no,no,no,no,no,False
100773878,METROPOLITAN NASHVILLE POLICE DEPT,2015-0255670,Davidson,Nashville,3/17/2015 11:41:00 AM,2,0,0,36.161070,-86.777190,4TH AVE S,,,,0.00,,,US HWY 70,,,,0.00,Y,Four-Way, ,Intersection,None,,,         ,Alex,Moore,Clear,"Sideswipe, Same Direction",no,no,no,no,no,False
100773880,METROPOLITAN NASHVILLE POLICE DEPT,2015-0243887,Davidson,Nashville,3/13/2015 2:13:00 PM,3,2,0,36.215370,-86.588540,TULIP GROVE RD,,,,0.00,,,US HWY 70,,,,0.00,Y,Four-Way,N,Intersection,None,,,         ,Jeb,Johnston,Cloudy,Front to Rear,no,no,no,no,yes,False
100773882,METROPOLITAN NASHVILLE POLICE DEPT,2015-0256797,Davidson,Nashville,3/18/2015 6:02:00 PM,2,0,0,36.131010,-86.835630,WHITLAND AVE,,,,0.00,,,US HWY 70S,,,,0.00,Y,Four-Way, ,Intersection-Related,None,,,         ,Walter,Gray II,Clear,Angle,no,no,no,no,no,False
100773884,METROPOLITAN NASHVILLE POLICE DEPT,2015-0258663,Davidson,Nashville,3/18/2015 6:27:00 AM,2,0,0,36.096040,-86.707930,I 24,,,,0.00,,,,,,,54.90,N,Not at Intersection,N,Non-Junction,None,,,         ,William,Whitworth,Cloudy,Front to Rear,no,no,no,no,yes,False
100773887,METROPOLITAN NASHVILLE POLICE DEPT,20150258769,Davidson,Nashville,3/18/2015 6:44:00 AM,2,0,0,36.155640,-86.789710,14TH AVE,,,,0.00,,,US HWY 70,,,,0.00,Y,Four-Way,N,Intersection,None,,,         ,Nathan,Kemp,Clear,"Sideswipe, Same Direction",no,no,no,no,yes,False
100773894,METROPOLITAN NASHVILLE POLICE DEPT,20150258661,Davidson,Nashville,3/18/2015 6:40:00 AM,2,0,0,36.185360,-86.798000,-- UNKNOWN RAMP/ROAD --,,,,0.00,,,I 65,,,,0.00,Y,Unknown,N,Entrance/Exit Ramp Related,None,,,         ,Joshua,Baker,Clear,"Sideswipe, Same Direction",no,no,no,no,yes,False
100773897,METROPOLITAN NASHVILLE POLICE DEPT,20150252737,Davidson,Nashville,3/16/2015 2:15:00 PM,1,1,0,36.118150,-86.805490,STOKES LN,,,,20.00,Feet,East,HOPKINS ST,,,,0.00,N,Not at Intersection,N,Non-Junction,None,,,         ,Erik,Wagner,Clear,Not Collision with Motor Vehicle in Transport,no,no,no,no,no,False
100773898,METROPOLITAN NASHVILLE POLICE DEPT,2015-0258181,Davidson,Nashville,3/18/2015 7:55:00 AM,2,0,0,36.171330,-86.751910,SHELBY AVE,,,,128.00,Feet,East,S 10TH ST,,,,0.00,N,Not at Intersection, ,Non-Junction,None,,,         ,Coleman,Womack,Cloudy,Front to Rear,no,no,no,no,no,False
100773915,METROPOLITAN NASHVILLE POLICE DEPT,20150256046,Davidson,Not in City Limit,3/17/2015 1:46:00 PM,1,1,0,36.275610,-86.765490,STATE HWY 45,,,,319.00,Feet,West,LAWING DR,,,,0.00,N,Not at Intersection,N,Non-Junction,None,,,         ,Kevin,Reynolds,Clear,Not Collision with Motor Vehicle in Transport,no,no,no,no,no,False
100773916,VANDERBILT UNIVERSITY POLICE,15-258899,Davidson,Nashville,3/18/2015 8:25:00 AM,2,0,0,36.139260,-86.803310,CHILDRENS WAY,,,,0.00,,,,,,,0.00,,, ,,None,,,         ,Jason,Bates,,,no,no,no,yes,no,Campus
100773919,METROPOLITAN NASHVILLE POLICE DEPT,20150258942,Davidson,Nashville,3/18/2015 8:44:00 AM,2,0,0,36.039870,-86.764600,STATE HWY 254,,,,223.00,Feet,East,HEARTHSTONE MANOR LN,,,,0.00,N,Not at Intersection,N,Non-Junction,None,,,         ,Nathan,Kemp,Clear,Front to Rear,no,no,no,no,no,False
100773923,METROPOLITAN NASHVILLE POLICE DEPT,20150255982,Davidson,Nashville,3/17/2015 1:00:00 PM,2,0,0,36.110850,-86.722390,I 24,,,,0.00,,,,,,,53.60,N,Not at Intersection, ,Non-Junction,None,,,         ,Carey,Steel,Cloudy,"Sideswipe, Same Direction",no,no,no,no,yes,False
100773924,METROPOLITAN NASHVILLE POLICE DEPT,20150258863,Davidson,Nashville,3/18/2015 8:10:00 AM,2,0,0,36.113240,-86.723740,I 24,,,,0.00,,,,,,,53.40,N,Not at Intersection, ,,None,,,         ,Douglas,Sykes,,,no,no,no,no,no,False
100773926,METROPOLITAN NASHVILLE POLICE DEPT,20150256027,Davidson,Madison,3/18/2015 2:00:00 PM,2,0,0,0.000000,0.000000,,,SR45,,1.00,Feet,West,,,,,1.00,N,Not at Intersection, ,,,,,         ,Faye,Denson,,,no,no,no,no,no,False
100773927,METROPOLITAN NASHVILLE POLICE DEPT,2015-0258828,Davidson,Nashville,3/18/2015 7:57:00 AM,2,0,0,36.086830,-86.695940,S PERIMETER PARK DR,,,,0.00,,,STATE HWY 255,,,,0.00,Y,Four-Way, ,Intersection,None,,,         ,William,Whitworth,Cloudy,Front to Rear,no,no,no,no,no,False
100773934,METROPOLITAN NASHVILLE POLICE DEPT,20150251968,Davidson,Nashville,3/16/2015 9:30:00 AM,2,0,0,36.051400,-86.714200,US HWY 31 ALT,,,,57.00,Feet,South,OCALA DR,,,,0.00,N,Not at Intersection, ,Non-Junction,None,,,         ,Erik,Wagner,Cloudy,Front to Rear,no,no,no,no,no,False
100773939,GOODLETTSVILLE POLICE DEPT,15-10450,Davidson,Goodlettsville,3/17/2015 4:15:00 PM,3,0,0,36.307190,-86.703750,RIVERGATE PKWY,,,,36.00,Feet,South,I-65 NORTH EXIT RAMP,,,,0.00,N,Not at Intersection,N,Non-Junction,None,,,         ,Jennifer,Hancock,Cloudy,Front to Rear,no,no,no,no,no,False
100773946,METROPOLITAN NASHVILLE POLICE DEPT,20150259082,Davidson,Not in City Limit,3/18/2015 9:35:00 AM,2,0,0,36.263340,-86.714610,STATE HWY 45,,,,0.00,,,DOUGLAS ST,,,,0.00,Y,T-Intersection,N,Intersection-Related,None,,,         ,Brian,Otto,Cloudy,Front to Rear,no,no,no,no,yes,False
100773950,METROPOLITAN NASHVILLE POLICE DEPT,20150258916,Davidson,Nashville,3/18/2015 8:28:00 AM,2,0,0,36.142590,-86.735560,I 40,,,,0.00,,,,,,,212.80,N,Not at Intersection, ,,None,,,         ,James,Curtis,,,no,no,no,no,no,False
100773955,METROPOLITAN NASHVILLE POLICE DEPT,20150259047,Davidson,Nashville,3/18/2015 9:19:00 AM,2,0,0,36.158810,-86.782220,US HWY 70,,,,50.00,Feet,West,US HWY 31,,,,0.00,N,Not at Intersection, ,Non-Junction,None,,,         ,Wesley,Henderson,Cloudy,Front to Rear,no,no,no,no,no,False
100773960,METROPOLITAN NASHVILLE POLICE DEPT,20150259070,Davidson,Nashville,3/18/2015 9:33:00 AM,1,0,0,36.027950,-86.675620,PETTUS RD,,,,607.00,Feet,South,DEER VALLEY TRL,,,,0.00,N,Not at Intersection, ,Non-Junction,None,,,         ,Erik,Dabbs,Cloudy,Not Collision with Motor Vehicle in Transport,no,no,no,no,no,False
100773966,METROPOLITAN NASHVILLE POLICE DEPT,20150259037,Davidson,Nashville,3/18/2015 8:35:00 AM,2,0,0,36.144180,-86.738680,ELM HILL PIKE,,,,224.00,Feet,West,TWIN ELMS CT,,,,0.00,N,Not at Intersection,N,Non-Junction,None,,,         ,James,Curtis,Cloudy,Angle,no,no,no,no,yes,False
100773980,METROPOLITAN NASHVILLE POLICE DEPT,20150258767,Davidson,Madison,3/18/2015 7:30:00 AM,2,0,0,0.000000,0.000000,,,US31,,1.00,Feet,West,,,,,1.00,N,Not at Intersection, ,Non-Junction,None,,,         ,Faye,Denson,Clear,Front to Rear,no,no,no,no,no,False
100773986,METROPOLITAN NASHVILLE POLICE DEPT,2015-0259032,Davidson,Nashville,3/18/2015 9:14:00 AM,2,0,0,36.173090,-86.769770,I 24,,,,0.00,,,,,,,48.20,N,Not at Intersection,N,Non-Junction,None,,,         ,Alex,Moore,Cloudy,"Sideswipe, Same Direction",no,no,no,no,no,False
100773990,METROPOLITAN NASHVILLE POLICE DEPT,20150256536,Davidson,Old Hickory,3/17/2015 4:30:00 PM,2,0,0,36.264900,-86.672720,STATE HWY 45,,,,1019.00,Feet,West,HICKORY INDUSTRIAL DR,,,,0.00,N,Not at Intersection, ,Non-Junction,None,,,         ,James,DeSantis,Clear,"Sideswipe, Same Direction",no,no,no,no,no,False
100773992,METROPOLITAN NASHVILLE POLICE DEPT,20150259318,Davidson,Nashville,3/18/2015 11:06:00 AM,2,0,0,36.148960,-86.703320,ELM HILL PIKE,,,,0.00,,,APPLETON DR,,,,0.00,Y,Four-Way, ,Intersection,None,,,         ,James,Curtis,Cloudy,Angle,no,no,no,no,no,False
100773993,METROPOLITAN NASHVILLE POLICE DEPT,2015-0259450,Davidson,Not in City Limit,3/18/2015 12:00:00 PM,2,0,0,36.074270,-86.936260,US HWY 70S,,,,297.00,Feet,West,CROSS TIMBERS DR,,,,0.00,N,Not at Intersection, ,,None,,,         ,Curtis,Rich,,,no,no,no,no,no,False
100773994,METROPOLITAN NASHVILLE POLICE DEPT,20150242686,Davidson,Nashville,3/13/2015 7:00:00 AM,2,0,0,36.231600,-86.781520,EWING DR,,,,0.00,,,BRICK CHURCH PIKE,,,,0.00,Y,Four-Way, ,,None,,,         ,Andrew,Ivey,,,no,no,no,no,no,False
100773996,METROPOLITAN NASHVILLE POLICE DEPT,20150258816,Davidson,Nashville,3/18/2015 7:55:00 AM,2,0,0,36.173480,-86.790460,JEFFERSON ST,,,,116.00,Feet,West,7TH AVE N,,,,0.00,N,Not at Intersection, ,"Driveway, Alley Access, etc",None,,,         ,Nathan,Mayo,Cloudy,Angle,no,no,no,no,no,False
100773998,METROPOLITAN NASHVILLE POLICE DEPT,20150259366,Davidson,Nashville,3/18/2015 11:32:00 AM,2,1,0,36.134880,-86.784870,WEDGEWOOD AVE,,,,0.00,,,10TH AVE S,,,,0.00,Y,Four-Way,N,Intersection,None,,,         ,Nathan,Kemp,Clear,Front to Rear,no,no,no,no,no,False
100774002,METROPOLITAN NASHVILLE POLICE DEPT,20150259430,Davidson,Nashville,3/18/2015 11:55:00 AM,2,0,0,36.124640,-86.906650,I 40,,,,0.00,,,,,,,200.50,N,Not at Intersection, ,,None,,,         ,Colby,Mathis,,,no,no,no,no,no,False
100774005,METROPOLITAN NASHVILLE POLICE DEPT,2015-0259038,Davidson,Nashville,3/18/2015 8:52:00 AM,2,0,0,36.148470,-86.635230,BLACKWOOD DR,,,,0.00,,,NORWALK DR,,,,0.00,Y,Four-Way, ,Intersection,None,,,         ,Jeb,Johnston,Cloudy,Front to Rear,no,no,no,no,yes,False
100774006,METROPOLITAN NASHVILLE POLICE DEPT,20150259123,Davidson,Nashville,3/18/2015 10:00:00 AM,2,0,0,36.167120,-86.765270,I 24,,,,0.00,,,,,,,48.90,N,Not at Intersection, ,Non-Junction,None,,,         ,Jason,Smith,Cloudy,"Sideswipe, Same Direction",no,no,no,no,yes,False
100774007,METROPOLITAN NASHVILLE POLICE DEPT,20150259315,Davidson,Nashville,3/18/2015 11:06:00 AM,2,0,0,36.064600,-86.768340,REGENT DR,,,,403.00,Feet,North,WILMAR DR,,,,0.00,N,Not at Intersection, ,Non-Junction,None,,,         ,Phillip,Murphy,Clear,Front to Rear,no,no,no,no,no,False
100774009,METROPOLITAN NASHVILLE POLICE DEPT,2015-0259114,Davidson,Nashville,3/18/2015 9:53:00 AM,3,0,0,36.084930,-86.703390,TRAVELERS INN DR,,,,0.00,,,STATE HWY 255,,,,0.00,Y,T-Intersection, ,Non-Junction,None,,,         ,John,Neely,Clear,Front to Rear,no,no,no,no,no,False
100774012,METROPOLITAN NASHVILLE POLICE DEPT,20150246927,Davidson,Nashville,3/14/2015 1:20:00 PM,2,0,0,36.060090,-86.716360,STRASSER DR,,,,9.00,Feet,West,US HWY 31 ALT,,,,0.00,N,Not at Intersection, ,Non-Junction,None,,,         ,James,Thomas,Rain,Angle,no,no,no,no,no,False
100774020,METROPOLITAN NASHVILLE POLICE DEPT,20150255917,Davidson,Madison,3/17/2015 1:00:00 PM,2,0,0,36.308200,-86.682810,US HWY 31E,,,,409.00,Feet,West,RIVERCHASE BLVD,,,,0.00,N,Not at Intersection,N,Non-Junction,None,,,         ,Andrew,Ivey,Clear,Front to Rear,no,no,no,yes,yes,False
100774027,METROPOLITAN NASHVILLE POLICE DEPT,2015-0244321,Davidson,Nashville,3/13/2015 6:18:00 PM,2,0,0,36.171670,-86.768170,I 24,,,,0.00,,,,,,,48.35,N,Not at Intersection,N,Non-Junction,None,,,         ,Anthony,Cavis,Clear,Front to Rear,no,no,no,no,no,False
100774028,METROPOLITAN NASHVILLE POLICE DEPT,20150259551,Davidson,Not in City Limit,3/18/2015 12:30:00 PM,2,0,0,0.000000,0.000000,,,SR45,,0.00,Feet,,,,SR,,0.00,Y,Four-Way, ,Intersection,None,,,         ,Faye,Denson,Clear,Front to Rear,no,no,no,no,no,False
100774032,METROPOLITAN NASHVILLE POLICE DEPT,15-0259423,Davidson,Nashville,3/18/2015 11:55:00 AM,2,0,0,36.178650,-86.773680,I 24,,,,0.00,,,,,,,47.80,N,Not at Intersection, ,Non-Junction,None,,,         ,Frank,Campbell,Cloudy,Not Collision with Motor Vehicle in Transport,no,no,no,no,yes,False
100774036,METROPOLITAN NASHVILLE POLICE DEPT,2015-0259277,Davidson,Not in City Limit,3/18/2015 10:56:00 AM,2,0,0,36.097640,-86.936110,I 40,,,,0.00,,,,,,,198.00,N,Not at Intersection,N,Non-Junction,None,,,         ,Walter,Gray II,Cloudy,Front to Rear,no,no,no,no,no,False
100774047,METROPOLITAN NASHVILLE POLICE DEPT,20150259265,Davidson,Nashville,3/18/2015 10:50:00 AM,3,0,0,36.152110,-86.844230,US HWY 70,,,,142.00,Feet,East,48TH AVE N,,,,0.00,N,Not at Intersection, ,Non-Junction,None,,,         ,Jessie,Loy,Cloudy,Front to Rear,no,no,no,no,no,False
100774049,METROPOLITAN NASHVILLE POLICE DEPT,20150259490,Davidson,Nashville,3/18/2015 12:18:00 PM,2,0,0,36.087370,-86.771860,US HWY 31,,,,101.00,Feet,North,RAMP,,,,0.00,N,Not at Intersection, ,Non-Junction,None,,,         ,Erik,Wagner,Cloudy,Front to Rear,no,no,no,no,no,False
100774050,METROPOLITAN NASHVILLE POLICE DEPT,20150259753,Davidson,Nashville,3/18/2015 1:52:00 PM,2,0,0,36.036830,-86.786730,US HWY 31,,,,195.00,Feet,South,STATE HWY 254,,,,0.00,N,Not at Intersection, ,Non-Junction,None,,,         ,Nathan,Kemp,Clear,Angle,no,no,no,no,no,False
100774054,GOODLETTSVILLE POLICE DEPT,15-10526,Davidson,Goodlettsville,3/18/2015 7:38:00 AM,2,2,0,36.310880,-86.696730,CONFERENCE DR,,,,0.00,Feet,,MISSION RIDGE DR,,,,0.00,Y,T-Intersection,N,Intersection-Related,None,,,         ,Benny,Alexander,Cloudy,HeadOn,no,no,no,no,no,False
100774056,METROPOLITAN NASHVILLE POLICE DEPT,20150214417,Davidson,Nashville,3/4/2015 6:40:00 PM,1,0,0,36.071240,-86.652800,PEBBLE CREEK DR,,,,73.00,Feet,East,OAK RIDGE CT,,,,0.00,N,Not at Intersection, ,Non-Junction,None,,,         ,Oscar,Gomez,Rain,Not Collision with Motor Vehicle in Transport,no,no,no,no,no,False
100774080,METROPOLITAN NASHVILLE POLICE DEPT,20150260048,Davidson,Nashville,3/18/2015 2:41:00 PM,2,0,0,36.144020,-86.722600,SPENCE LN,,,,0.00,,,ELM HILL PIKE,,,,0.00,Y,Four-Way, ,Non-Junction,None,,,         ,Leslie,Hale,Cloudy,Front to Rear,no,no,no,no,no,False
100774082,METROPOLITAN NASHVILLE POLICE DEPT,20150257704,Davidson,Nashville,3/17/2015 12:00:00 AM,2,0,0,36.167550,-86.618990,STONEWATER DR,,,,243.00,Feet,South,RIVERWOOD VILLAGE BLVD,,,,0.00,N,Not at Intersection,N,Non-Junction,None,,,         ,Jonathan,Perez,Clear,"Sideswipe, Same Direction",no,no,no,no,yes,False
100774087,METROPOLITAN NASHVILLE POLICE DEPT,20150259863,Davidson,Nashville,3/18/2015 3:05:00 PM,2,0,0,36.044910,-86.649220,CROSSINGS PL,,,,40.00,Feet,South,MOUNT VIEW PKWY,,,,0.00,N,Not at Intersection, ,Non-Junction,None,,,         ,Jessie,Meadows,Clear,Angle,no,no,no,no,no,False
100774098,METROPOLITAN NASHVILLE POLICE DEPT,20150260072,Davidson,Nashville,3/18/2015 3:42:00 PM,2,0,0,36.091310,-86.762710,I 65,,,,0.00,,,,,,,78.45,N,Not at Intersection, ,Non-Junction,None,,,         ,Tien,Nguyen,Clear,"Sideswipe, Same Direction",no,no,no,no,yes,False
100774100,METROPOLITAN NASHVILLE POLICE DEPT,20150260110,Davidson,Nashville,3/18/2015 3:44:00 PM,2,0,0,36.136060,-86.724920,SPENCE LN,,,,0.00,,,-- UNKNOWN RAMP/ROAD --,,,,0.00,Y,OTHER, ,OtherLocation,None,,,         ,Jared,Ester,Clear,Front to Rear,no,no,no,no,no,False
100774101,METROPOLITAN NASHVILLE POLICE DEPT,20150259958,Davidson,Nashville,3/18/2015 2:45:00 PM,2,0,0,36.171530,-86.764580,S 5TH ST,,,,120.00,Feet,South,WOODLAND ST,,,,0.00,N,Not at Intersection,N,Non-Junction,None,,,         ,Ryan,Howard,Cloudy,Front to Rear,no,no,no,no,no,False
100774109,METROPOLITAN NASHVILLE POLICE DEPT,20150260177,Davidson,Nashville,3/18/2015 4:36:00 PM,2,0,0,36.110130,-86.745070,COLLIER AVE,,,,79.00,Feet,West,RAMP,,,,0.00,N,Not at Intersection, ,Non-Junction,None,,,         ,Jessie,Meadows,Clear,Angle,no,no,no,no,no,False
100774128,METROPOLITAN NASHVILLE POLICE DEPT,20150260230,Davidson,Nashville,3/18/2015 4:20:00 PM,2,2,0,36.167710,-86.765450,I 24,,,,0.00,,,,,,,48.85,N,Not at Intersection,N,Non-Junction,None,,,         ,Ethan,Luffman,Clear,Front to Rear,no,no,no,no,no,False
100774132,METROPOLITAN NASHVILLE POLICE DEPT,20150259754,Davidson,Nashville,3/18/2015 1:55:00 PM,2,0,0,36.153220,-86.769550,ASH ST,,,,0.00,,,2ND AVE S,,,,0.00,Y,T-Intersection,N,Intersection,None,,,         ,Wesley,Henderson,Cloudy,"Sideswipe, Same Direction",no,no,no,no,no,False
100774134,METROPOLITAN NASHVILLE POLICE DEPT,20150260421,Davidson,Nashville,3/18/2015 5:16:00 PM,2,0,0,36.157720,-86.790810,I 40,,,,0.00,,,,,,,209.00,N,Not at Intersection,N,Non-Junction,None,,,         ,Seth,Oden,Cloudy,Front to Rear,no,no,no,no,no,False
100774138,METROPOLITAN NASHVILLE POLICE DEPT,2015-0260246,Davidson,Not in City Limit,3/18/2015 4:27:00 PM,2,0,0,36.267770,-86.702030,N DUPONT AVE,,,,0.00,,,SEALEY DR,,,,0.00,Y,T-Intersection,N,Non-Junction,None,,,         ,Sandra,Talavera,Cloudy,Angle,no,no,no,no,no,False
100774139,METROPOLITAN NASHVILLE POLICE DEPT,20150260488,Davidson,Nashville,3/18/2015 5:19:00 PM,2,0,0,36.146110,-86.666480,STATE HWY 255,,,,67.00,Feet,North,ROYAL PKWY,,,,0.00,N,Not at Intersection, ,Non-Junction,None,,,         ,Leslie,Hale,Cloudy,Angle,no,no,no,no,no,False
100774140,METROPOLITAN NASHVILLE POLICE DEPT,20150260160,Davidson,Nashville,3/18/2015 4:08:00 PM,2,0,0,36.151430,-86.768150,-- UNKNOWN RAMP/ROAD --,,,,0.00,,,I 40,,,,0.00,Y,Four-Way,Y,Intersection,None,,,         ,Brent,Palte,Clear,"Sideswipe, Same Direction",no,no,no,no,yes,False
100774144,VANDERBILT UNIVERSITY POLICE,15-0260525,Davidson,Nashville,3/18/2015 12:00:00 AM,2,0,0,36.139610,-86.810720,CHILDRENS WAY,,,,0.00,,,NATCHEZ TRC,,,,0.00,Y,Unknown, ,,,,,         ,Cedric,Edwards,,,no,no,no,yes,no,Campus
100774152,METROPOLITAN NASHVILLE POLICE DEPT,20150260231,Davidson,Nashville,3/18/2015 4:00:00 PM,2,0,0,36.212680,-86.764820,GORDON TER,,,,0.00,Feet,,US HWY 31W,,,,0.00,Y,T-Intersection,N,Non-Junction,None,,,         ,Kimberly,Brown,Clear,Angle,no,no,no,no,yes,False
100774159,METROPOLITAN NASHVILLE POLICE DEPT,20150260465,Davidson,Nashville,3/18/2015 5:25:00 PM,3,0,0,36.092660,-86.624850,BELL RD,,,,446.00,Feet,South,HARBOR LIGHTS DR,,,,0.00,N,Not at Intersection, ,Non-Junction,None,,,         ,Raymond,Heymann,Cloudy,Front to Rear,no,no,no,no,no,False
100774163,METROPOLITAN NASHVILLE POLICE DEPT,20150260643,Davidson,Nashville,3/18/2015 6:10:00 PM,2,0,0,36.215130,-86.597660,ANDREW JACKSON PKWY,,,,0.00,,,US HWY 70,,,,0.00,Y,Four-Way, ,,None,,,         ,Mark,Harrison,,,no,no,no,no,no,False
100774164,METROPOLITAN NASHVILLE POLICE DEPT,2015-0260493,Davidson,Nashville,3/18/2015 3:35:00 PM,2,2,0,36.149040,-86.667650,ELM HILL PIKE,,,,0.00,,,NELSON PL,,,,0.00,Y,T-Intersection,N,Intersection,None,,,         ,James,Patterson,Cloudy,Angle,no,no,no,no,no,False
100774165,BERRY HILL POLICE DEPT,15-0998,Davidson,Berry Hill,3/17/2015 3:56:00 PM,2,3,0,36.128580,-86.777930,US HWY 31,,,,0.00,,,BRADFORD AVE,,,,0.00,Y,Four-Way,Y,Intersection,None,,,         ,John,Gleixner,Clear,Angle,no,no,no,no,no,False
100774185,METROPOLITAN NASHVILLE POLICE DEPT,2015256659,Davidson,Nashville,3/17/2015 5:19:00 PM,2,0,0,36.154870,-86.763350,US HWY 70,,,,0.00,,,ANTHES DR,,,,0.00,Y,Y-Intersection, ,Intersection-Related,None,,,         ,Jacob,Paul,Clear,Front to Rear,no,no,no,no,no,False
100774188,METROPOLITAN NASHVILLE POLICE DEPT,20150260394,Davidson,Nashville,3/18/2015 5:25:00 PM,2,0,0,36.082940,-86.709660,STATE HWY 255,,,,270.00,Feet,East,TAMPA DR,,,,0.00,N,Not at Intersection, ,Non-Junction,None,,,         ,Jessie,Meadows,Clear,Front to Rear,no,no,no,no,no,False
100774193,METROPOLITAN NASHVILLE POLICE DEPT,20150249683,Davidson,Madison,3/15/2015 2:06:00 PM,2,3,0,36.262240,-86.712190,US HWY 31E,,,,0.00,,,E OLD HICKORY BLVD,,,,0.00,Y,T-Intersection,N,Intersection,None,,,         ,Carlos,Urrutia,Clear,Angle,no,no,no,no,no,False
100774194,METROPOLITAN NASHVILLE POLICE DEPT,20150249726,Davidson,Madison,3/15/2015 4:35:00 PM,2,0,0,36.237810,-86.724220,CONNECTING ROAD,,,,0.00,,,US HWY 31E,,,,0.00,Y,T-Intersection, ,Intersection,None,,,         ,Carlos,Urrutia,Clear,Front to Rear,no,no,no,no,yes,False
100774207,METROPOLITAN NASHVILLE POLICE DEPT,20150260815,Davidson,Nashville,3/18/2015 5:20:00 PM,2,1,0,36.110140,-86.737080,STATE HWY 155,,,,203.00,Feet,West,PRESCOTT PL,,,,0.00,N,Not at Intersection,N,Non-Junction,None,,,         ,Adam,Earle,Clear,Front to Rear,no,no,no,no,yes,False
100774209,METROPOLITAN NASHVILLE POLICE DEPT,20150260663,Davidson,Madison,3/18/2015 4:45:00 PM,2,0,0,36.259560,-86.707620,HICKORY ST,,,,232.00,Feet,West,IDLEWILD AVE,,,,0.00,N,Not at Intersection, ,"Driveway, Alley Access, etc",None,,,         ,Nathan,Dungan,Cloudy,Angle,no,no,no,no,no,False
100784214,METROPOLITAN NASHVILLE POLICE DEPT,20150256730,Davidson,Nashville,3/17/2015 5:35:00 PM,2,0,0,36.155740,-86.789470,-- UNKNOWN RAMP/ROAD --,,,,0.00,,,I 40,,,,0.00,Y,T-Intersection,N,Intersection-Related,None,,,         ,Eric,Harvey,Cloudy,Angle,no,no,no,no,no,False
100784217,METROPOLITAN NASHVILLE POLICE DEPT,20150260534,Davidson,Nashville,3/18/2015 6:06:00 PM,2,1,0,36.044930,-86.658120,I 24,,,,0.00,,,,,,,59.50,N,Not at Intersection,N,Non-Junction,None,,,         ,Jessie,Meadows,Clear,"Sideswipe, Same Direction",no,no,no,no,no,False
100784218,METROPOLITAN NASHVILLE POLICE DEPT,20150260975,Davidson,Nashville,3/18/2015 8:30:00 PM,2,0,0,36.080280,-86.645430,US HWY 41,,,,372.00,Feet,North,SCOTT VALLEY DR,,,,0.00,N,Not at Intersection, ,Non-Junction,None,,,         ,Jessie,Meadows,Clear,Angle,no,no,no,no,no,False
100794212,METROPOLITAN NASHVILLE POLICE DEPT,20150261109,Davidson,Nashville,3/18/2015 8:56:00 PM,1,0,0,36.142350,-86.877280,US HWY 70,,,,552.00,Feet,North,WILCLAY DR,,,,0.00,N,Not at Intersection,N,Non-Junction,None,,,         ,Adam,Reese,Clear,Not Collision with Motor Vehicle in Transport,no,no,no,yes,yes,False
100794218,METROPOLITAN NASHVILLE POLICE DEPT,2015-0262700,Davidson,Nashville,3/19/2015 8:11:00 AM,2,0,0,36.202600,-86.776880,I 65,,,,0.00,,,,,,,86.95,N,Not at Intersection, ,,Construction Zone,,,         ,William,Caillouette,,,no,no,no,no,no,False
100794222,METROPOLITAN NASHVILLE POLICE DEPT,20150262580,Davidson,Nashville,3/19/2015 7:39:00 AM,2,0,0,36.160990,-86.800760,FISK ST,,,,0.00,,,JO JOHNSTON AVE,,,,0.00,Y,T-Intersection, ,,None,,,         ,Nathan,Mayo,,,no,no,no,no,no,False
100794224,METROPOLITAN NASHVILLE POLICE DEPT,20150261268,Davidson,Nashville,3/18/2015 9:45:00 PM,1,0,0,36.095530,-86.720290,CATHY JO CIR,,,,207.00,Feet,North,NORWAY CT,,,,0.00,N,Not at Intersection, ,Non-Junction,None,,,         ,Jessie,Meadows,Clear,Not Collision with Motor Vehicle in Transport,no,no,no,no,yes,False
100794227,METROPOLITAN NASHVILLE POLICE DEPT,20150262477,Davidson,Nashville,3/19/2015 6:25:00 AM,2,0,0,36.137050,-86.699930,GLASTONBURY RD,,,,95.00,Feet,West,STATE HWY 155,,,,0.00,N,Not at Intersection,N,Non-Junction,None,,,         ,James,Curtis,Rain,Angle,no,no,no,no,no,False