master_record_number,agency,agency_tracking_number,county,city,collision_date,vehicles_involved,number_injured,number_dead,latitude,longitude,roadway_name,roadway_suffix,roadway_number,roadway_local_id,distance_from_reference,miles-feet_indicator,direction_from_reference,intersection_road_name,intersection_road_name_suffix,intersection_road_number,intersection_local_id,mile_marker,intersection_indicator,intersect_type,interchange_related_indicator,relation_to_junction,work_zone_type,construction_maintenance_zone,construction_maintenance_zone_location,fatal_case_number,officer_first_name,officer_last_name,weather_condition(s),manner_of_crash,pedestrian,bicycle,scooter,parking,hitrun,mou
100794685,GOODLETTSVILLE POLICE DEPT,15-10650,Davidson,Goodlettsville,3/19/2015 4:10:00 AM,2,1,0,36.293103,-86.719197,,,I65,,100.00,Feet,North,,,,,94.60,N,Not at Intersection,N,Non-Junction,None,,,         ,Charles,Hauskin,Cloudy,"Sideswipe, Same Direction",no,no,no,no,no,False
100794686,METROPOLITAN NASHVILLE POLICE DEPT,20150264224,Davidson,Nashville,3/19/2015 6:09:00 PM,2,0,0,36.179720,-86.798390,DELTA AVE,,,,0.00,,,GARFIELD ST,,,,0.00,Y,Four-Way, ,Intersection-Related,None,,,         ,Michael,Brooks,Cloudy,Front to Rear,no,no,no,no,no,False
100794687,METROPOLITAN NASHVILLE POLICE DEPT,20150247206,Davidson,Nashville,3/14/2015 4:10:00 PM,2,0,0,36.269230,-86.755700,US HWY 31W,,,,0.00,,,STATE HWY 45,,,,0.00,Y,Four-Way, ,Intersection-Related,None,,,         ,Nathan,Dungan,Clear,Front to Rear,no,no,no,no,yes,False
100794689,METROPOLITAN NASHVILLE POLICE DEPT,20150262443,Davidson,Nashville,3/19/2015 6:28:00 AM,1,0,0,36.238320,-86.783560,EXIT 18A,,,,0.00,,,I 24,,,,0.00,Y,OTHER,Y,Entrance/Exit Ramp Related,None,,,         ,George,Ward,Clear,Not Collision with Motor Vehicle in Transport,no,no,no,no,no,False
100794697,METROPOLITAN NASHVILLE POLICE DEPT,20150264138,Davidson,Nashville,3/19/2015 5:20:00 PM,2,0,0,36.144070,-86.799830,EDGEHILL AVE,,,,0.00,,,US HWY 431,,,,0.00,Y,T-Intersection, ,,None,,,         ,Charles,Griffin,,,no,no,no,no,no,Campus
100794712,Nashville Airport Police,15-00523,Davidson,Nashville,3/16/2015 3:00:00 AM,1,0,0,36.135530,-86.667710,TERMINAL DR,,,,0.00,,,RAMP,,,,0.00,Y,OTHER, ,"Driveway, Alley Access, etc",None,,,         ,William,Nicholson,Clear,Not Collision with Motor Vehicle in Transport,no,no,no,yes,no,False
100794716,THP District 3 - Nashville,315014268,Davidson,Nashville,3/13/2015 11:00:00 PM,2,1,0,36.170790,-86.601600,STATE HWY 45,,,,0.00,,,RAMP,,,,0.00,Y,Unknown,Y,Entrance/Exit Ramp Related,None,,,         ,Shane,Roberts,Clear,Angle,no,no,no,no,no,False
100794727,METROPOLITAN NASHVILLE POLICE DEPT,20150265001,Davidson,Nashville,3/19/2015 11:05:00 PM,1,0,0,36.168850,-86.607010,I 40,,,,0.00,,,,,,,220.50,N,Not at Intersection,N,Non-Junction,None,,,         ,Keith,Holley,Clear,Not Collision with Motor Vehicle in Transport,no,no,no,no,no,False
100794728,METROPOLITAN NASHVILLE POLICE DEPT,20150265202,Davidson,Nashville,3/20/2015 12:35:00 AM,1,0,0,36.168850,-86.607010,I 40,,,,0.00,,,,,,,220.50,N,Not at Intersection,N,Non-Junction,None,,,         ,Keith,Holley,Clear,Not Collision with Motor Vehicle in Transport,no,no,no,no,no,False
100794758,METROPOLITAN NASHVILLE POLICE DEPT,2015-0262044,Davidson,Nashville,3/19/2015 3:00:00 AM,2,0,0,36.161070,-86.777190,US HWY 70,,,,0.00,,,4TH AVE N,,,,0.00,Y,Four-Way,N,Intersection-Related,None,,,         ,Michael,Willis Jr.,Cloudy,Front to Rear,no,no,no,no,yes,False
100794760,METROPOLITAN NASHVILLE POLICE DEPT,20150265279,Davidson,Nashville,3/20/2015 1:20:00 AM,1,1,0,36.157420,-86.644040,CLOVERWOOD DR,,,,176.00,Feet,East,TRUXTON DR,,,,0.00,N,Not at Intersection,N,Non-Junction,None,,,         ,Andy,Esqueda,Clear,Not Collision with Motor Vehicle in Transport,no,no,no,no,no,False
100794763,METROPOLITAN NASHVILLE POLICE DEPT,20150257826,Davidson,Nashville,3/20/2015 11:05:00 PM,2,0,0,36.140050,-86.789130,HORTON AVE,,,,0.00,,,13TH CT,,,,0.00,Y,OTHER, ,,None,,,         ,Charles,Wingo,,,no,no,no,yes,no,False
100794774,METROPOLITAN NASHVILLE POLICE DEPT,20150265376,Davidson,Nashville,3/20/2015 2:12:00 AM,2,1,0,36.062350,-86.697100,KEELEY DR,,,,186.00,Feet,South,PACKARD DR,,,,0.00,N,Not at Intersection,N,Non-Junction,None,,,         ,Randy,Heinze,Clear,HeadOn,no,no,no,no,yes,False
100794776,METROPOLITAN NASHVILLE POLICE DEPT,20150262828,Davidson,Nashville,3/20/2015 9:11:00 AM,2,0,0,36.155000,-86.805520,MURPHY AVE,,,,163.00,Feet,East,22ND AVE N,,,,0.00,N,Not at Intersection, ,Non-Junction,None,,,         ,Phillip,Murphy,Clear,"Sideswipe, Same Direction",no,no,no,no,yes,False
100794777,METROPOLITAN NASHVILLE POLICE DEPT,20150262868,Davidson,Nashville,3/19/2015 9:22:00 AM,1,0,0,36.127480,-86.753450,US HWY 31 ALT,,,,189.00,Feet,South,COLEMAN ST,,,,0.00,N,Not at Intersection,N,"Driveway, Alley Access, etc",None,,,         ,Erik,Wagner,Rain,Not Collision with Motor Vehicle in Transport,no,no,no,no,no,False
100794782,METROPOLITAN NASHVILLE POLICE DEPT,20150263182,Davidson,Nashville,3/20/2015 11:34:00 AM,2,0,0,36.082760,-86.762790,-- UNKNOWN RAMP/ROAD --,,,,0.00,Feet,East,I 65,,,,0.00,N,Not at Intersection, ,Entrance/Exit Ramp Related,None,,,         ,Paul,Joyner,Clear,"Sideswipe, Same Direction",no,no,no,no,no,False
100794784,METROPOLITAN NASHVILLE POLICE DEPT,2015-0265790,Davidson,Nashville,3/20/2015 6:55:00 AM,2,0,0,36.142040,-86.875940,US HWY 70,,,,514.00,Feet,West,WILCLAY DR,,,,0.00,N,Not at Intersection,N,Non-Junction,None,,,         ,Curtis,Rich,Rain,Front to Rear,no,no,no,no,no,False
100794787,METROPOLITAN NASHVILLE POLICE DEPT,2015-0263522,Davidson,Nashville,3/19/2015 1:35:00 PM,2,0,0,36.167790,-86.765500,I 24,,,,0.00,,,,,,,48.85,N,Not at Intersection, ,Non-Junction,None,,,         ,Coleman,Womack,Cloudy,Front to Rear,no,no,no,no,no,False
100794796,METROPOLITAN NASHVILLE POLICE DEPT,20150265809,Davidson,Nashville,3/20/2015 6:00:00 AM,1,0,0,36.191970,-86.781420,I 65,,,,0.00,,,,,,,86.25,N,Not at Intersection,N,Non-Junction,None,,,         ,Clint,Gilleland,Rain,Not Collision with Motor Vehicle in Transport,no,no,no,no,no,False
100794802,METROPOLITAN NASHVILLE POLICE DEPT,20150265824,Davidson,Nashville,3/20/2015 7:14:00 AM,2,1,0,36.152260,-86.786860,I 40,,,,0.00,,,,,,,209.40,N,Not at Intersection,N,Non-Junction,None,,,         ,Michael,Johnson,Rain,Front to Rear,no,no,no,no,no,False
100794814,METROPOLITAN NASHVILLE POLICE DEPT,2015-0262909,Davidson,Nashville,3/19/2015 9:40:00 AM,1,1,0,36.203780,-86.737550,LELAND AVE,,,,229.00,Feet,East,GALLATIN PIKE,,,,0.00,N,Not at Intersection,N,Non-Junction,None,,,         ,Coleman,Womack,Cloudy,Not Collision with Motor Vehicle in Transport,no,no,no,no,no,False
100794816,METROPOLITAN NASHVILLE POLICE DEPT,20150262994,Davidson,Nashville,3/19/2015 10:18:00 AM,2,0,0,36.205850,-86.768570,E TRINITY LN,,,,0.00,,,US HWY 31W,,,,0.00,Y,Four-Way, ,Non-Junction,None,,,         ,Martin,Gonzalez,Cloudy,Front to Rear,no,no,no,no,yes,False
100794823,METROPOLITAN NASHVILLE POLICE DEPT,20150262823,Davidson,Nashville,3/19/2015 12:00:00 AM,1,0,0,36.108080,-86.720170,EXIT 54,,,,0.00,Feet,East,I 24,,,,0.00,N,Not at Intersection,N,Entrance/Exit Ramp Related,None,,,         ,Brian,Birch,Rain,Not Collision with Motor Vehicle in Transport,no,no,no,no,yes,False
100794834,METROPOLITAN NASHVILLE POLICE DEPT,2015-0259491,Davidson,Nashville,3/18/2015 11:45:00 AM,2,0,0,36.221240,-86.773950,I 24,,,,0.00,,,,,,,44.85,N,Not at Intersection,Y,Non-Junction,Construction Zone,Lane Shift-Crossover,Activity Area,         ,Coleman,Womack,Cloudy,Front to Rear,no,no,no,no,no,False
100794838,METROPOLITAN NASHVILLE POLICE DEPT,2015-0265923,Davidson,Nashville,3/20/2015 7:00:00 AM,2,0,0,36.064800,-86.622090,HAMILTON CHURCH RD,,,,0.00,,,OWENDALE DR,,,,0.00,Y,T-Intersection, ,Intersection,None,,,         ,James,Grady,Rain,Front to Rear,no,no,no,no,no,False
100794839,METROPOLITAN NASHVILLE POLICE DEPT,20150265969,Davidson,Nashville,3/20/2015 7:57:00 AM,2,1,0,36.196630,-86.776120,I 65,,,,0.00,,,,,,,86.65,N,Not at Intersection,N,Non-Junction,None,,,         ,Michael,McCord,Rain,Front to Rear,no,no,no,no,no,False
100794840,GOODLETTSVILLE POLICE DEPT,15-10451,Davidson,Goodlettsville,3/17/2015 12:00:00 AM,2,0,0,36.314710,-86.696580,WINDSOR GREEN BLVD,,,,161.00,Feet,East,WINDSOR GREEN BLVD,,,,0.00,N,Not at Intersection, ,Non-Junction,None,,,         ,George,Forbes,Clear,Front to Rear,no,no,no,yes,yes,False
100794843,METROPOLITAN NASHVILLE POLICE DEPT,20150265843,Davidson,Nashville,3/20/2015 7:13:00 AM,2,0,0,36.080980,-86.756790,STATE HWY 255,,,,470.00,Feet,East,TROUSDALE DR,,,,0.00,N,Not at Intersection, ,Non-Junction,None,,,         ,James,Smith,Rain,"Sideswipe, Same Direction",no,no,no,no,no,False
100794845,METROPOLITAN NASHVILLE POLICE DEPT,2015-0259203,Davidson,Nashville,3/18/2015 10:05:00 AM,2,0,0,36.217480,-86.743460,HART LN,,,,0.00,,,BEN ALLEN RD,,,,0.00,Y,Four-Way, ,Intersection,None,,,         ,Coleman,Womack,Cloudy,Angle,no,no,no,no,no,False
100794852,METROPOLITAN NASHVILLE POLICE DEPT,2015-0259725,Davidson,Nashville,3/18/2015 1:47:00 PM,2,1,0,36.048300,-86.648110,MOUNT VIEW RD,,,,446.00,Feet,North,BELL FORGE LN E,,,,0.00,N,Not at Intersection,N,Non-Junction,None,,,         ,Erik,Dabbs,Clear,"Sideswipe, Same Direction",no,no,no,no,no,False
100794854,METROPOLITAN NASHVILLE POLICE DEPT,20150263580,Davidson,Nashville,3/19/2015 1:39:00 PM,2,0,0,36.174010,-86.788230,JEFFERSON ST,,,,140.00,Feet,East,6TH AVE N,,,,0.00,N,Not at Intersection,N,Non-Junction,None,,,         ,Ky,Luu,Cloudy,Front to Rear,no,no,no,no,no,False
100794869,METROPOLITAN NASHVILLE POLICE DEPT,2015-0265812,Davidson,Antioch,3/20/2015 6:35:00 AM,2,1,0,36.016310,-86.615980,FIRESTONE PKWY,,,,0.00,,,GOULD BLVD,,,,0.00,Y,T-Intersection,N,Intersection,None,,,         ,William,Whitworth,Rain,Angle,no,no,no,no,no,False
100794872,VANDERBILT UNIVERSITY POLICE,15-0263552,Davidson,Nashville,3/19/2015 12:55:00 PM,2,0,0,36.110790,-86.766110,POWELL AVE,,,,0.00,,,,,,,0.00,,, ,,None,,,         ,Robert,Pasinger,,,no,no,no,yes,no,OHO
100794881,TENNESSEE STATE UNIVERSITY ,15-TSU-02280,Davidson,Nashville,3/17/2015 12:37:00 AM,2,0,0,36.164860,-86.827030,ALAMEDA ST,,,,193.00,Feet,West,33RD AVE N,,,,0.00,N,Not at Intersection, ,OtherLocation,None,,,         ,Gabriel,Collins,Clear,Angle,no,no,no,yes,no,False
100794891,VANDERBILT UNIVERSITY POLICE,15-0263419,Davidson,Nashville,3/20/2015 12:40:00 PM,2,0,0,36.146020,-86.799540,US HWY 431,,,,0.00,,,SCARRITT PL,,,,0.00,Y,OTHER, ,OtherLocation,None,,,         ,Anthony,Jones,Cloudy,Angle,no,no,no,yes,no,Campus
100794902,METROPOLITAN NASHVILLE POLICE DEPT,20150266070,Davidson,Nashville,3/20/2015 8:40:00 AM,2,0,0,36.250800,-86.718440,US HWY 31E,,,,0.00,,,MOVING CENTER CT,,,,0.00,Y,T-Intersection,N,Non-Junction,None,,,         ,Brian,Otto,Cloudy,Angle,no,no,no,no,no,False
100794907,METROPOLITAN NASHVILLE POLICE DEPT,20150266276,Davidson,Nashville,3/20/2015 9:50:00 AM,2,0,0,36.145150,-86.811830,28TH AVE S,,,,45.00,Feet,South,US HWY 70S,,,,0.00,N,Not at Intersection, ,Non-Junction,None,,,         ,Thomas,West,Clear,Angle,no,no,no,no,no,Campus
100794910,METROPOLITAN NASHVILLE POLICE DEPT,2015-0266048,Davidson,Nashville,3/20/2015 8:32:00 AM,2,2,0,36.192870,-86.829950,US HWY 41 ALT,,,,244.00,Feet,East,RAMP,,,,0.00,N,Not at Intersection,N,Non-Junction,None,,,         ,Charles,Kaster,Rain,Front to Rear,no,no,no,no,no,False
100794913,METROPOLITAN NASHVILLE POLICE DEPT,20150261101,Davidson,Nashville,3/18/2015 8:53:00 PM,2,0,0,36.150420,-86.798610,20TH AVE S,,,,0.00,,,TERRACE PL,,,,0.00,Y,T-Intersection,N,Intersection,None,,,         ,Mekisha,Page,Clear,Angle,no,no,no,no,no,Campus
100794949,METROPOLITAN NASHVILLE POLICE DEPT,2015-0266499,Davidson,Nashville,3/20/2015 11:43:00 AM,1,0,0,36.101260,-86.712450,I 24,,,,0.00,,,,,,,54.50,N,Not at Intersection,N,Non-Junction,None,,,         ,William,Whitworth,Cloudy,Not Collision with Motor Vehicle in Transport,no,no,no,no,no,False
100794970,METROPOLITAN NASHVILLE POLICE DEPT,20150266706,Davidson,Nashville,3/20/2015 12:45:00 PM,2,0,0,36.127570,-86.783100,BRADFORD AVE,,,,0.00,,,9TH AVE S,,,,0.00,Y,Four-Way, ,Intersection,None,,,         ,Justin,Pinkelton,Cloudy,Angle,no,no,no,no,no,False
100794979,METROPOLITAN NASHVILLE POLICE DEPT,20150266548,Davidson,Nashville,3/20/2015 11:40:00 AM,2,0,0,36.140210,-86.795030,17TH AVE S,,,,251.00,Feet,South,HORTON AVE,,,,0.00,N,Not at Intersection, ,Non-Junction,None,,,         ,Thomas,West,Clear,Angle,no,no,no,no,no,False
100794990,METROPOLITAN NASHVILLE POLICE DEPT,20150266735,Davidson,Nashville,3/20/2015 1:05:00 PM,2,0,0,36.082280,-86.762360,STATE HWY 255,,,,52.00,Feet,South,-- UNKNOWN RAMP/ROAD --,,,,0.00,N,Not at Intersection, ,Non-Junction,None,,,         ,Thomas,West,Clear,Front to Rear,no,no,no,no,no,False
100794995,METROPOLITAN NASHVILLE POLICE DEPT,20150266720,Davidson,Nashville,3/20/2015 1:21:00 PM,2,0,0,36.162260,-86.782730,7TH AVE N,,,,66.00,Feet,North,CHURCH ST,,,,0.00,N,Not at Intersection, ,Non-Junction,None,,,         ,Michael,Johnson,Cloudy,"Sideswipe, Same Direction",no,no,no,no,no,False
100794999,METROPOLITAN NASHVILLE POLICE DEPT,20150266447,Davidson,Nashville,3/20/2015 10:58:00 AM,2,0,0,36.126910,-86.808980,WESTWOOD AVE,,,,0.00,,,26TH AVE S,,,,0.00,Y,Four-Way, ,,None,,,         ,Nathan,Kemp,,,no,no,no,no,no,False
100795001,METROPOLITAN NASHVILLE POLICE DEPT,20150266633,Davidson,Nashville,3/20/2015 11:50:00 AM,2,0,0,35.997530,-86.690840,US HWY 31 ALT,,,,371.00,Feet,West,STATE HWY 253,,,,0.00,N,Not at Intersection, ,Non-Junction,None,,,         ,Nathan,Kemp,Clear,Angle,no,no,no,no,no,False
100795012,METROPOLITAN NASHVILLE POLICE DEPT,20150266756,Davidson,Nashville,3/20/2015 1:18:00 PM,2,0,0,36.205170,-86.749990,US HWY 31E,,,,187.00,Feet,North,E TRINITY LN,,,,0.00,N,Not at Intersection, ,Non-Junction,None,,,         ,Michael,Watkins,Cloudy,Front to Rear,no,no,no,no,yes,False
100795034,METROPOLITAN NASHVILLE POLICE DEPT,20150266928,Davidson,Nashville,3/20/2015 2:18:00 PM,2,0,0,36.191580,-86.785860,I 65,,,,0.00,,,,,,,86.00,N,Not at Intersection, ,Non-Junction,None,,,         ,Blaze,Williams,Clear,"Sideswipe, Same Direction",no,no,no,no,no,False
100795037,METROPOLITAN NASHVILLE POLICE DEPT,20150264749,Davidson,Nashville,3/19/2015 9:11:00 PM,2,1,0,36.238820,-86.723910,WALTON LN,,,,0.00,,,US HWY 31E,,,,0.00,Y,T-Intersection,N,Intersection,None,,,         ,Edward,Draves,Clear,Front to Rear,no,no,no,no,no,False
100795042,METROPOLITAN NASHVILLE POLICE DEPT,2015-0266738,Davidson,Nashville,3/20/2015 1:22:00 PM,2,0,0,36.106350,-86.818440,ABBOTT MARTIN RD,,,,300.00,Feet,East,CLEGHORN AVE,,,,0.00,N,Not at Intersection,N,"Driveway, Alley Access, etc",None,,,         ,Walter,Gray II,Cloudy,Angle,no,no,no,no,no,False
100795043,METROPOLITAN NASHVILLE POLICE DEPT,20150266191,Davidson,Antioch,3/20/2015 3:10:00 PM,2,0,0,36.048970,-86.596900,PIN HOOK RD,,,,920.00,Feet,East,STATE HWY 171,,,,0.00,N,Not at Intersection, ,Non-Junction,None,,,         ,Jessie,Meadows,Clear,Rear to Rear,no,no,no,yes,yes,False
100795056,METROPOLITAN NASHVILLE POLICE DEPT,20150266989,Davidson,Nashville,3/20/2015 3:03:00 PM,2,0,0,36.045740,-86.708700,STATE HWY 254,,,,718.00,Feet,North,RAMP,,,,0.00,N,Not at Intersection, ,Non-Junction,None,,,         ,William,Durham,Clear,"Sideswipe, Same Direction",no,no,no,no,no,False
100795070,METROPOLITAN NASHVILLE POLICE DEPT,20150267062,Davidson,Nashville,3/20/2015 3:25:00 PM,1,0,0,36.140800,-86.793620,16TH AVE S,,,,0.00,,,HORTON AVE,,,,0.00,Y,Four-Way, ,"Driveway, Alley Access, etc",None,,,         ,Maria,Cortez,Clear,Not Collision with Motor Vehicle in Transport,no,no,no,yes,no,False
100795076,METROPOLITAN NASHVILLE POLICE DEPT,2015-0267051,Davidson,Nashville,3/20/2015 3:20:00 PM,2,0,0,36.173090,-86.765520,US HWY 31W,,,,111.00,Feet,North,MAIN ST,,,,0.00,N,Not at Intersection, ,Non-Junction,None,,,         ,Clinton,Schroeder,Clear,Other,no,no,no,no,no,False
100795090,METROPOLITAN NASHVILLE POLICE DEPT,20150267087,Davidson,Nashville,3/20/2015 2:20:00 PM,2,0,0,36.160770,-86.793680,US HWY 70,,,,0.00,,,EXIT 209,,,,0.00,Y,Four-Way, ,Intersection-Related,None,,,         ,Jessie,Freeland,Clear,Angle,no,no,no,no,no,False
100795101,METROPOLITAN NASHVILLE POLICE DEPT,20150267036,Davidson,Nashville,3/20/2015 3:47:00 PM,2,0,0,36.173560,-86.790080,7TH AVE N,,,,0.00,,,JEFFERSON ST,,,,0.00,Y,Four-Way, ,Intersection,None,,,         ,Michael,Brooks,Cloudy,Front to Rear,no,no,no,no,no,False
100795102,METROPOLITAN NASHVILLE POLICE DEPT,20150267011,Davidson,Nashville,3/20/2015 4:16:00 PM,2,0,0,36.191080,-86.798890,VANTAGE WAY,,,,0.00,,,US HWY 41 ALT,,,,0.00,Y,Four-Way, ,Intersection,None,,,         ,Michael,Brooks,Cloudy,Front to Rear,no,no,no,no,no,False
100795103,METROPOLITAN NASHVILLE POLICE DEPT,20150267260,Davidson,Nashville,3/20/2015 3:27:00 PM,2,0,0,36.174400,-86.800200,I 65,,,,0.00,,,,,,,84.60,N,Not at Intersection,Y,Entrance/Exit Ramp Related,None,,,         ,Michael,Brooks,Cloudy,"Sideswipe, Same Direction",no,no,no,no,yes,False
100795105,METROPOLITAN NASHVILLE POLICE DEPT,20150267394,Davidson,Nashville,3/20/2015 4:56:00 PM,2,0,0,36.170320,-86.797940,I 40,,,,0.00,,,,,,,208.00,N,Not at Intersection, ,Non-Junction,None,,,         ,Blaze,Williams,Clear,"Sideswipe, Same Direction",no,no,no,no,yes,False
100795106,METROPOLITAN NASHVILLE POLICE DEPT,20150267353,Davidson,Nashville,3/20/2015 5:02:00 PM,2,0,0,36.047000,-86.680130,BRENTRIDGE CIR,,,,9.00,Feet,North,STATE HWY 254,,,,0.00,N,Not at Intersection, ,Non-Junction,None,,,         ,William,Durham,Clear,Angle,no,no,no,no,no,False
100795119,METROPOLITAN NASHVILLE POLICE DEPT,20150267374,Davidson,Not in City Limit,3/20/2015 5:10:00 PM,2,1,0,36.052200,-86.952150,OLD HARDING PIKE,,,,119.00,Feet,North,S COLONY DR,,,,0.00,N,Not at Intersection,N,Non-Junction,None,,,         ,Brandon,Pedigo,Cloudy,"Sideswipe, Opposite Direction",no,no,no,no,no,False
100795120,VANDERBILT UNIVERSITY POLICE,15-267047,Davidson,Nashville,3/20/2015 6:20:00 AM,2,0,0,36.141760,-86.806640,25TH AVE S,,,,352.00,Feet,South,HIGHLAND AVE,,,,0.00,N,Not at Intersection, ,Non-Junction,None,,,         ,Donald,Dennis,Cloudy,Front to Rear,no,no,no,yes,no,Campus
100795121,METROPOLITAN NASHVILLE POLICE DEPT,2015-0267286,Davidson,Nashville,3/20/2015 4:37:00 PM,3,0,0,36.136810,-86.821270,I 440,,,,0.00,,,,,,,1.45,N,Not at Intersection, ,Non-Junction,None,,,         ,Walter,Gray II,Cloudy,Front to Rear,no,no,no,no,no,False
100795126,METROPOLITAN NASHVILLE POLICE DEPT,20150252993,Davidson,Nashville,3/16/2015 3:35:00 PM,2,0,0,36.206240,-86.773970,US HWY 431,,,,32.00,Feet,North,-- UNKNOWN RAMP/ROAD --,,,,0.00,N,Not at Intersection,Y,Entrance/Exit Ramp Related,None,,,         ,Audrey,Fellingham,Clear,Angle,no,no,no,no,yes,False
100795130,METROPOLITAN NASHVILLE POLICE DEPT,20150267366,Davidson,Nashville,3/20/2015 5:31:00 PM,2,0,0,36.125170,-86.733490,-- UNKNOWN RAMP/ROAD --,,,,0.00,Feet,East,I 440,,,,0.00,N,Not at Intersection, ,Non-Junction,None,,,         ,Jessie,Meadows,Clear,Front to Rear,no,no,no,no,no,False
100795131,METROPOLITAN NASHVILLE POLICE DEPT,20150267494,Davidson,Nashville,3/20/2015 6:26:00 PM,2,0,0,36.149390,-86.773390,I 40,,,,0.00,,,,,,,210.20,N,Not at Intersection,N,Non-Junction,None,,,         ,Jessie,Meadows,Clear,"Sideswipe, Same Direction",no,no,no,no,yes,False
100795132,METROPOLITAN NASHVILLE POLICE DEPT,20150267382,Davidson,Nashville,3/20/2015 5:09:00 PM,2,0,0,36.117120,-86.791510,GRANNY WHITE PIKE,,,,0.00,,,GALE LN,,,,0.00,Y,Four-Way,Y,Intersection,None,,,         ,Brenton,Adcox,Cloudy,"Sideswipe, Same Direction",no,no,no,no,no,False
100795133,VANDERBILT UNIVERSITY POLICE,15-267442,Davidson,Nashville,3/20/2015 5:10:00 PM,3,1,0,36.137860,-86.805060,24TH AVE S,,,,75.00,Feet,South,BLAKEMORE AVE,,,,0.00,N,Not at Intersection,N,Non-Junction,None,,,         ,William,Gladu,Cloudy,Front to Rear,no,no,no,no,no,Campus
100795145,METROPOLITAN NASHVILLE POLICE DEPT,20150267636,Davidson,Nashville,3/20/2015 6:15:00 PM,2,0,0,36.169850,-86.673580,US HWY 70,,,,0.00,,,SHADY GROVE RD,,,,0.00,Y,T-Intersection, ,Intersection,None,,,         ,Brent,Palte,Clear,Angle,no,no,no,no,no,False
100795147,METROPOLITAN NASHVILLE POLICE DEPT,20150267498,Davidson,Nashville,3/20/2015 5:55:00 PM,2,0,0,36.153690,-86.721530,SPENCE LN,,,,0.00,,,US HWY 70,,,,0.00,Y,Four-Way, ,,None,,,         ,Austin,Childress,,,no,no,no,no,no,False
100795148,METROPOLITAN NASHVILLE POLICE DEPT,20150267635,Davidson,Nashville,3/20/2015 5:45:00 PM,2,0,0,36.182870,-86.638630,US HWY 70,,,,940.00,Feet,East,JACKSON DOWNS BLVD,,,,0.00,N,Not at Intersection,N,OtherLocation,None,,,         ,Mark,Harrison,Cloudy,Angle,no,no,no,yes,yes,False
100795157,METROPOLITAN NASHVILLE POLICE DEPT,20150267531,Davidson,Madison,3/20/2015 5:55:00 PM,2,2,0,36.262240,-86.712190,US HWY 31E,,,,0.00,,,E OLD HICKORY BLVD,,,,0.00,Y,Four-Way,N,Intersection,None,,,         ,Nathan,Dungan,Cloudy,Angle,no,no,no,no,no,False
100795158,METROPOLITAN NASHVILLE POLICE DEPT,20150267328,Davidson,Nashville,3/20/2015 4:58:00 PM,2,0,0,36.183450,-86.744970,EASTLAND AVE,,,,0.00,,,N 14TH ST,,,,0.00,Y,Four-Way, ,Intersection,None,,,         ,Kimberly,Brown,Clear,HeadOn,no,no,no,no,no,False
100795173,METROPOLITAN NASHVILLE POLICE DEPT,20150267708,Davidson,Nashville,3/20/2015 7:21:00 PM,2,0,0,36.046860,-86.656650,STATE HWY 254,,,,297.00,Feet,West,HICKORY HOLLOW PKWY,,,,0.00,N,Not at Intersection, ,Non-Junction,None,,,         ,Jessie,Meadows,Clear,Front to Rear,no,no,no,no,yes,False
100795181,METROPOLITAN NASHVILLE POLICE DEPT,20150256909,Davidson,Nashville,3/17/2015 6:40:00 PM,2,2,0,36.238810,-86.723800,US HWY 31E,,,,0.00,,,WALTON LN,,,,0.00,Y,T-Intersection,N,Intersection,None,,,         ,Nathan,Dungan,Clear,Angle,no,no,no,no,no,False
100795182,METROPOLITAN NASHVILLE POLICE DEPT,20150267774,Davidson,Nashville,3/20/2015 7:29:00 PM,1,2,0,36.036630,-86.645170,I 24,,,,0.00,,,,,,,60.40,N,Not at Intersection,N,Non-Junction,None,,,         ,Thomas,Odom,Clear,Not Collision with Motor Vehicle in Transport,no,no,no,no,no,False
100795190,VANDERBILT UNIVERSITY POLICE,15-267964,Davidson,Nashville,3/20/2015 7:48:00 PM,2,0,0,36.145220,-86.807040,25TH AVE S,,,,152.00,Feet,North,VANDERBILT PL,,,,0.00,N,Not at Intersection, ,Non-Junction,None,,,         ,Donald,Dennis,Cloudy,Front to Rear,no,no,no,no,no,Campus
100795191,METROPOLITAN NASHVILLE POLICE DEPT,20150267646,Davidson,Nashville,3/20/2015 5:37:00 PM,2,0,0,36.228480,-86.587540,RAINER DR,,,,200.00,Feet,East,SMOKEY DR,,,,0.00,N,Not at Intersection,N,Non-Junction,None,,,         ,Tyler,Conrads,Clear,"Sideswipe, Opposite Direction",no,no,no,no,yes,False
100795192,METROPOLITAN NASHVILLE POLICE DEPT,20150263953,Davidson,Nashville,3/20/2015 4:28:00 PM,2,0,0,36.166540,-86.787370,RAMP,,,,0.00,,,US HWY 31,,,,0.00,Y,OTHER, ,Intersection,None,,,         ,Michael,Schlegel,Cloudy,Front to Rear,no,no,no,no,no,False
100795193,METROPOLITAN NASHVILLE POLICE DEPT,20150267905,Davidson,Not in City Limit,3/20/2015 8:06:00 PM,1,0,0,36.272980,-86.753710,US HWY 31W,,,,1851.00,Feet,South,NESBITT DR,,,,0.00,N,Not at Intersection,N,Non-Junction,None,,,         ,Christopher,Augustin,Clear,Not Collision with Motor Vehicle in Transport,no,no,no,no,no,False