master_record_number,agency,agency_tracking_number,county,city,collision_date,vehicles_involved,number_injured,number_dead,latitude,longitude,roadway_name,roadway_suffix,roadway_number,roadway_local_id,distance_from_reference,miles-feet_indicator,direction_from_reference,intersection_road_name,intersection_road_name_suffix,intersection_road_number,intersection_local_id,mile_marker,intersection_indicator,intersect_type,interchange_related_indicator,relation_to_junction,work_zone_type,construction_maintenance_zone,construction_maintenance_zone_location,fatal_case_number,officer_first_name,officer_last_name,weather_condition(s),manner_of_crash,pedestrian,bicycle,scooter,parking,hitrun,mou
100795205,METROPOLITAN NASHVILLE POLICE DEPT,20150241431,Davidson,Nashville,3/12/2015 9:45:00 PM,2,0,0,36.234370,-86.720000,STATE HWY 155,,,,50.00,Feet,East,EXIT 14A,,,,0.00,N,Not at Intersection,N,Non-Junction,None,,,         ,Nathan,Dungan,Clear,Front to Rear,no,no,no,no,no,False
100795212,METROPOLITAN NASHVILLE POLICE DEPT,20150267473,Davidson,Nashville,3/20/2015 5:35:00 PM,1,0,0,36.150950,-86.684020,MCGAVOCK PIKE,,,,400.00,Feet,South,OLD ELM HILL PIKE,,,,0.00,N,Not at Intersection, ,,None,,,         ,Felipe,Pereira,,,no,no,no,no,no,False
100795214,METROPOLITAN NASHVILLE POLICE DEPT,20150267246,Davidson,Nashville,3/20/2015 4:30:00 PM,2,0,0,36.125010,-86.752140,ROSEDALE AVE,,,,0.00,,,US HWY 31 ALT,,,,0.00,Y,T-Intersection, ,Intersection-Related,None,,,         ,Christopher,Davis,Clear,HeadOn,no,no,no,no,no,False
100795216,METROPOLITAN NASHVILLE POLICE DEPT,20150225943,Davidson,Nashville,3/8/2015 6:06:00 PM,3,1,1,36.185371,-86.863213,STATE HWY 155,,,,172.00,Feet,North,EXIT 25,,,,0.00,N,Not at Intersection,N,Non-Junction,None,,,15-0135  ,Brian,Theriac,Clear,"Sideswipe, Same Direction",no,no,no,no,no,False
100795222,METROPOLITAN NASHVILLE POLICE DEPT,20150247314,Davidson,Goodlettsville,3/14/2015 4:20:00 PM,2,0,0,36.304930,-86.696590,EXIT 1,,,,857.00,Feet,West,CONFERENCE DR,,,,0.00,N,Not at Intersection, ,"Driveway, Alley Access, etc",None,,,         ,Nathan,Dungan,Clear,Angle,no,no,no,yes,yes,False
100795226,METROPOLITAN NASHVILLE POLICE DEPT,20150268257,Davidson,Nashville,3/20/2015 9:08:00 PM,2,0,0,36.207550,-86.777790,BRICK CHURCH PIKE,,,,0.00,,,-- UNKNOWN RAMP/ROAD --,,,,0.00,Y,Unknown, ,Intersection,None,,,         ,Christopher,Mackey,Clear,Front to Rear,no,no,no,no,no,False
100795230,METROPOLITAN NASHVILLE POLICE DEPT,20150267612,Davidson,Nashville,3/20/2015 7:04:00 PM,2,0,0,36.209410,-86.776110,I 65,,,,0.00,,,,,,,87.55,N,Not at Intersection, ,Non-Junction,Construction Zone,,,         ,Michael,Brooks,Cloudy,"Sideswipe, Same Direction",no,no,no,no,no,False
100795231,METROPOLITAN NASHVILLE POLICE DEPT,20150267990,Davidson,Nashville,3/20/2015 9:03:00 PM,2,0,0,36.227260,-86.778760,I 24,,,,0.00,,,,,,,44.65,N,Not at Intersection, ,Non-Junction,Construction Zone,,,         ,Michael,Brooks,Cloudy,"Sideswipe, Same Direction",no,no,no,no,no,False
100795233,METROPOLITAN NASHVILLE POLICE DEPT,20150268120,Davidson,Nashville,3/20/2015 9:15:00 PM,2,0,0,36.159090,-86.822170,I 40,,,,0.00,,,,,,,205.95,N,Not at Intersection, ,Non-Junction,None,,,         ,Mark,Hatt,Cloudy,"Sideswipe, Same Direction",no,no,no,no,no,False
100795240,METROPOLITAN NASHVILLE POLICE DEPT,20150268274,Davidson,Nashville,3/20/2015 9:50:00 PM,1,0,0,36.195290,-86.775560,I 65,,,,0.00,,,,,,,86.55,N,Not at Intersection, ,,None,,,         ,Audrey,Fellingham,,,no,no,no,no,no,False
100795253,METROPOLITAN NASHVILLE POLICE DEPT,20150268340,Davidson,Nashville,3/20/2015 10:21:00 PM,2,0,0,36.153330,-86.756520,I 40,,,,0.00,,,,,,,211.20,N,Not at Intersection, ,,None,,,         ,Austin,Childress,,,no,no,no,no,no,False
100795259,METROPOLITAN NASHVILLE POLICE DEPT,20150268311,Davidson,Nashville,3/20/2015 9:42:00 PM,2,0,0,36.217060,-86.696350,MCGAVOCK PIKE,,,,0.00,,,MUSIC VALLEY DR,,,,0.00,Y,Four-Way, ,Intersection,None,,,         ,Evan,Hibschman,Clear,Angle,no,no,no,no,no,False
100795265,METROPOLITAN NASHVILLE POLICE DEPT,20150267623,Davidson,Nashville,3/20/2015 6:31:00 PM,2,0,0,36.083600,-86.757230,TIMBERHILL DR,,,,0.00,,,TROUSDALE DR,,,,0.00,Y,OTHER,N,Non-Junction,None,,,         ,Ricki,Armstrong,Clear,Rear to Rear,no,no,no,yes,yes,False
100795272,METROPOLITAN NASHVILLE POLICE DEPT,20150268612,Davidson,Nashville,3/21/2015 11:54:00 PM,1,0,0,36.134070,-86.726740,I 24,,,,0.00,,,,,,,52.10,N,Not at Intersection, ,Non-Junction,None,,,         ,Brittany,McElwee,Clear,Not Collision with Motor Vehicle in Transport,no,no,no,no,no,False
100795276,METROPOLITAN NASHVILLE POLICE DEPT,20150268465,Davidson,Nashville,3/20/2015 11:05:00 PM,2,4,0,36.175420,-86.771580,I 24,,,,0.00,,,,,,,48.00,N,Not at Intersection,N,Non-Junction,None,,,         ,Richard,Hyatt,Clear,"Sideswipe, Same Direction",no,no,no,no,yes,False
100795281,METROPOLITAN NASHVILLE POLICE DEPT,20150268759,Davidson,Not in City Limit,3/21/2015 1:05:00 AM,1,1,0,36.205250,-86.947190,STATE HWY 12,,,,0.00,,,PECAN VALLEY RD,,,,0.00,Y,T-Intersection,N,Non-Junction,None,,,         ,Peter,Finnegan,Clear,Not Collision with Motor Vehicle in Transport,no,no,no,no,no,False
100795284,METROPOLITAN NASHVILLE POLICE DEPT,20150268796,Davidson,Nashville,3/21/2015 1:23:00 AM,2,0,0,36.189590,-86.747790,SHARPE AVE,,,,401.00,Feet,North,GALLATIN AVE,,,,0.00,N,Not at Intersection,N,Non-Junction,None,,,         ,Joshua,Lefler,Clear,Front to Rear,no,no,no,no,no,False
100795300,METROPOLITAN NASHVILLE POLICE DEPT,2015-0268863,Davidson,Nashville,3/21/2015 1:59:00 AM,1,0,0,36.047480,-86.655790,STATE HWY 254,,,,0.00,,,HICKORY HOLLOW PKWY,,,,0.00,Y,Four-Way,N,Intersection,None,,,         ,Eric,Dandy,Clear,Not Collision with Motor Vehicle in Transport,no,no,no,no,no,False
100795301,METROPOLITAN NASHVILLE POLICE DEPT,20150268868,Davidson,Nashville,3/21/2015 2:00:00 AM,2,1,0,36.196660,-86.836090,US HWY 41 ALT,,,,100.00,Feet,West,BRATTON,,,,0.00,N,Not at Intersection,N,Non-Junction,None,,,         ,Chad,Brown,Clear,"Sideswipe, Same Direction",no,no,no,no,no,False
100795308,GOODLETTSVILLE POLICE DEPT,15-10896,Davidson,Goodlettsville,3/20/2015 11:30:00 PM,1,0,0,36.301420,-86.726490,IVY HILL LN,,,,254.00,Feet,East,TRAILING BLOSSOM LN,,,,0.00,N,Not at Intersection,N,Non-Junction,None,,,         ,Andre,Sanders,Clear,Not Collision with Motor Vehicle in Transport,no,no,no,no,yes,False
100795317,METROPOLITAN NASHVILLE POLICE DEPT,20150268445,Davidson,Nashville,3/20/2015 10:10:00 PM,2,0,0,36.182730,-86.811920,CLAY ST,,,,126.00,Feet,East,DR DB TODD JR BLVD,,,,0.00,N,Not at Intersection,N,Non-Junction,None,,,         ,Charles,Duke,Clear,Rear to Rear,no,no,no,yes,yes,False
100795318,METROPOLITAN NASHVILLE POLICE DEPT,20150268674,Davidson,Nashville,3/21/2015 12:00:00 AM,1,0,0,36.140670,-86.886660,I 40,,,,0.00,,,,,,,202.10,N,Not at Intersection,N,Non-Junction,None,,,         ,Ryan,McManman,Clear,Not Collision with Motor Vehicle in Transport,no,no,no,no,yes,False
100795319,METROPOLITAN NASHVILLE POLICE DEPT,20150268653,Davidson,Nashville,3/21/2015 12:24:00 AM,1,1,0,36.048760,-86.665070,I 24,,,,0.00,,,,,,,59.00,N,Not at Intersection,N,Non-Junction,None,,,         ,Justin,McCormick,Clear,Not Collision with Motor Vehicle in Transport,no,no,no,no,no,False
100795340,METROPOLITAN NASHVILLE POLICE DEPT,20150269272,Davidson,Nashville,3/21/2015 7:18:00 AM,2,0,0,36.152320,-86.681810,ELM HILL PIKE,,,,285.00,Feet,West,AIRWAYS CIR,,,,0.00,N,Not at Intersection, ,Non-Junction,None,,,         ,Phillip,Black,Clear,"Sideswipe, Same Direction",no,no,no,no,no,False
100795342,METROPOLITAN NASHVILLE POLICE DEPT,20150266768,Davidson,Nashville,3/20/2015 1:25:00 PM,2,0,0,36.173020,-86.792390,9TH AVE N,,,,0.00,,,JEFFERSON ST,,,,0.00,Y,Four-Way, ,Intersection-Related,None,,,         ,Joseph,Cadden,Clear,Angle,no,no,no,no,no,False
100795346,METROPOLITAN NASHVILLE POLICE DEPT,20150269308,Davidson,Nashville,3/21/2015 7:43:00 AM,2,0,0,0.000000,0.000000,ANDREW JACKSON PARKWAY,,,,0.00,,,WEBER RD,,,,0.00,Y,T-Intersection,N,Non-Junction,None,,,         ,Caleb,Jernigan,Clear,HeadOn,no,no,no,no,no,False
100795349,METROPOLITAN NASHVILLE POLICE DEPT,20150269307,Davidson,Nashville,3/21/2015 7:44:00 AM,2,1,0,36.167230,-86.779620,3RD AVE N,,,,0.00,,,US HWY 31,,,,0.00,Y,Four-Way,N,Intersection-Related,None,,,         ,Bryan,Birdwell,Clear,Angle,no,no,no,no,no,False
100795365,VANDERBILT UNIVERSITY POLICE,15-0266832,Davidson,Nashville,3/21/2015 1:40:00 PM,2,0,0,36.138350,-86.800650,US HWY 431,,,,100.00,Feet,South,CHILDRENS WAY,,,,0.00,N,Not at Intersection, ,Non-Junction,None,,,         ,Anthony,Jones,Clear,Rear to Side,no,no,no,no,yes,Campus
100795367,METROPOLITAN NASHVILLE POLICE DEPT,20150269435,Davidson,Nashville,3/21/2015 9:07:00 AM,2,0,0,36.104870,-86.716760,I 24,,,,0.00,,,,,,,54.15,N,Not at Intersection, ,Non-Junction,None,,,         ,Brandon,Tennant,Clear,Front to Rear,no,no,no,no,no,False
100795374,METROPOLITAN NASHVILLE POLICE DEPT,20150269316,Davidson,Nashville,3/21/2015 7:40:00 AM,2,1,0,36.194250,-86.776310,I 65,,,,0.00,,,,,,,86.50,N,Not at Intersection,Y,Non-Junction,None,,,         ,Clint,Gilleland,Clear,Front to Rear,no,no,no,no,no,False
100795398,METROPOLITAN NASHVILLE POLICE DEPT,20150269547,Davidson,Nashville,3/21/2015 10:20:00 AM,2,0,0,36.150770,-86.768170,US HWY 41,,,,89.00,Feet,West,2ND AVE S,,,,0.00,N,Not at Intersection, ,Non-Junction,None,,,         ,Mitchell,McClay,Clear,"Sideswipe, Same Direction",no,no,no,no,no,False
100795399,METROPOLITAN NASHVILLE POLICE DEPT,20150269403,Davidson,Nashville,3/21/2015 8:50:00 AM,3,1,0,36.117650,-86.725760,I 24,,,,0.00,,,,,,,53.10,N,Not at Intersection,Y,Entrance/Exit Ramp Related,None,,,         ,Kevin,Caperton,Clear,"Sideswipe, Same Direction",no,no,no,no,no,False
100795403,METROPOLITAN NASHVILLE POLICE DEPT,20150269393,Davidson,Antioch,3/21/2015 8:46:00 AM,2,0,0,36.101210,-86.551790,STATE HWY 171,,,,720.00,Feet,South,BAKERS GROVE RD,,,,0.00,N,Not at Intersection,N,Non-Junction,None,,,         ,Brian,Birch,Clear,Angle,no,no,no,no,yes,False
100795406,METROPOLITAN NASHVILLE POLICE DEPT,2015-0269551,Davidson,Nashville,3/21/2015 10:10:00 AM,2,0,0,36.177330,-86.756930,RAMSEY ST,,,,0.00,,,N 9TH ST,,,,0.00,Y,T-Intersection,Y,Intersection-Related,None,,,         ,Kenneth,Bray,Clear,"Sideswipe, Opposite Direction",no,no,no,no,no,False
100795410,METROPOLITAN NASHVILLE POLICE DEPT,20150269693,Davidson,Nashville,3/21/2015 12:27:00 PM,2,0,0,36.162550,-86.822020,30TH AVE N,,,,205.00,Feet,North,CLARE AVE,,,,0.00,N,Not at Intersection, ,Non-Junction,None,,,         ,Ky,Luu,Cloudy,"Sideswipe, Same Direction",no,no,no,no,no,False
100795413,METROPOLITAN NASHVILLE POLICE DEPT,20150263404,Davidson,Nashville,3/19/2015 1:01:00 PM,2,0,0,36.143100,-86.666730,STATE HWY 255,,,,71.00,Feet,North,CONNECTING ROAD,,,,0.00,N,Not at Intersection, ,Non-Junction,None,,,         ,Jeb,Johnston,Cloudy,HeadOn,no,no,no,no,no,False
100795414,METROPOLITAN NASHVILLE POLICE DEPT,2015-0269452,Davidson,Nashville,3/21/2015 9:20:00 AM,2,0,0,36.150950,-86.783130,DIVISION ST,,,,0.00,,,MAGAZINE ST,,,,0.00,Y,T-Intersection, ,Intersection,None,,,         ,William,Vincion,Clear,"Sideswipe, Same Direction",no,no,no,no,no,False
100795415,METROPOLITAN NASHVILLE POLICE DEPT,20150268658,Davidson,Nashville,3/20/2015 11:45:00 PM,2,0,0,36.149860,-86.796800,DIVISION ST,,,,20.00,Feet,West,LYLE AVE,,,,0.00,N,Not at Intersection, ,Non-Junction,None,,,         ,Gilbert,Mana,Clear,"Sideswipe, Same Direction",no,no,no,no,no,False
100795430,METROPOLITAN NASHVILLE POLICE DEPT,2015-0269667,Davidson,Nashville,3/21/2015 11:42:00 AM,3,1,0,36.114450,-86.823790,VALLEY BROOK RD,,,,0.00,,,BEAR RD,,,,0.00,Y,T-Intersection,N,Intersection,None,,,         ,Paul,Junkmann,Clear,Front to Rear,no,no,no,no,no,False
100795431,METROPOLITAN NASHVILLE POLICE DEPT,20150269599,Davidson,Nashville,3/21/2015 11:00:00 AM,2,0,0,36.171320,-86.752340,S 10TH ST,,,,0.00,,,SHELBY AVE,,,,0.00,Y,Four-Way, ,,None,,,         ,Jared,Eaves,,,no,no,no,no,no,False
100795435,METROPOLITAN NASHVILLE POLICE DEPT,20150269784,Davidson,Nashville,3/21/2015 1:10:00 PM,2,0,0,36.189490,-86.824150,US HWY 41 ALT,,,,933.00,Feet,West,ED TEMPLE BLVD,,,,0.00,N,Not at Intersection, ,Non-Junction,None,,,         ,Joseph,Cadden,Clear,Angle,no,no,no,no,no,False
100795436,METROPOLITAN NASHVILLE POLICE DEPT,20150266444,Davidson,Nashville,3/20/2015 11:15:00 AM,2,1,0,36.045400,-86.713360,US HWY 31 ALT,,,,0.00,,,STATE HWY 254,,,,0.00,Y,Four-Way,N,Intersection-Related,None,,,         ,Marc,Haugen,Cloudy,Front to Rear,no,no,no,no,no,False
100795452,GOODLETTSVILLE POLICE DEPT,15-10852,Davidson,Goodlettsville,3/20/2015 3:50:00 PM,2,1,0,36.304310,-86.702380,RIVERGATE PKWY,,,,98.00,Feet,North,MALL ACCESS,,,,0.00,N,Not at Intersection,N,Non-Junction,None,,,         ,John,Spencer,Cloudy,Front to Rear,no,no,no,no,no,False
100795453,METROPOLITAN NASHVILLE POLICE DEPT,20150269600,Davidson,Nashville,3/21/2015 10:50:00 AM,2,0,0,36.138170,-86.727390,-- UNKNOWN RAMP/ROAD --,,,,0.00,,,I 24,,,,0.00,Y,OTHER,N,Entrance/Exit Ramp Related,None,,,         ,Ian,Hammond,Clear,Front to Rear,no,no,no,no,no,False
100795461,METROPOLITAN NASHVILLE POLICE DEPT,20150269640,Davidson,Nashville,3/21/2015 11:18:00 AM,2,0,0,36.157960,-86.791550,US HWY 70,,,,0.00,,,CHURCH ST,,,,0.00,Y,Four-Way,N,Intersection,None,,,         ,Randal,Owsley,Clear,Angle,no,no,no,no,no,False
100795463,METROPOLITAN NASHVILLE POLICE DEPT,20150269798,Davidson,Nashville,3/21/2015 12:45:00 PM,2,0,0,36.131350,-86.896710,US HWY 70,,,,279.00,Feet,East,OLD CHARLOTTE PIKE,,,,0.00,N,Not at Intersection, ,,None,,,         ,Colby,Mathis,,,no,no,no,no,no,False
100795466,METROPOLITAN NASHVILLE POLICE DEPT,20150269766,Davidson,Nashville,3/21/2015 12:36:00 PM,2,0,0,36.190920,-86.615210,STATE HWY 45,,,,0.00,,,OLD LEBANON DIRT RD,,,,0.00,Y,Four-Way,N,Intersection,None,,,         ,Craig,Carlson,Cloudy,Front to Rear,no,no,no,no,no,False
100795474,METROPOLITAN NASHVILLE POLICE DEPT,20150269826,Davidson,Not in City Limit,3/21/2015 12:56:00 PM,3,0,0,36.000740,-86.694920,US HWY 31 ALT,,,,416.00,Feet,South,ANDER DR,,,,0.00,N,Not at Intersection, ,Non-Junction,None,,,         ,Tony,Folad,Clear,Front to Rear,no,no,no,no,no,False
100795480,METROPOLITAN NASHVILLE POLICE DEPT,2015-0269847,Davidson,Nashville,3/21/2015 1:36:00 PM,2,1,0,36.044970,-86.665290,STATE HWY 254,,,,511.00,Feet,North,CEDAR POINTE PKWY,,,,0.00,N,Not at Intersection,N,Non-Junction,None,,,         ,Stanley,Collins,Clear,Front to Rear,no,no,no,no,no,False
100795485,METROPOLITAN NASHVILLE POLICE DEPT,20150267879,Davidson,Nashville,3/20/2015 7:35:00 PM,2,0,0,36.148000,-86.806210,US HWY 70S,,,,84.00,Feet,East,24TH AVE S,,,,0.00,N,Not at Intersection,N,Non-Junction,None,,,         ,Austin,Kendrick,Clear,Angle,no,no,no,no,no,Campus
100795487,METROPOLITAN NASHVILLE POLICE DEPT,20150258680,Davidson,Nashville,3/18/2015 7:18:00 AM,2,0,0,36.198800,-86.620500,STATE HWY 45,,,,195.00,Feet,North,US HWY 70,,,,0.00,N,Not at Intersection, ,,,,,         ,Terry,Denton,,,no,no,no,no,no,False
100795491,METROPOLITAN NASHVILLE POLICE DEPT,20150267060,Davidson,Madison,3/20/2015 3:25:00 PM,3,0,0,36.261720,-86.712370,US HWY 31E,,,,173.00,Feet,North,MAPLE ST,,,,0.00,N,Not at Intersection,N,"Driveway, Alley Access, etc",None,,,         ,Nathan,Dungan,Clear,Angle,no,no,no,no,no,False
100795498,METROPOLITAN NASHVILLE POLICE DEPT,20150269977,Davidson,Nashville,3/21/2015 2:19:00 PM,1,0,0,36.082220,-86.739660,ABBAY DR,,,,56.00,Feet,North,ELAINE DR,,,,0.00,N,Not at Intersection,N,Non-Junction,None,,,         ,Kevin,Wiles,Cloudy,Not Collision with Motor Vehicle in Transport,no,no,no,no,yes,False
100795500,METROPOLITAN NASHVILLE POLICE DEPT,20150269981,Davidson,Nashville,3/21/2015 3:13:00 PM,2,0,0,36.152260,-86.624960,BELL RD,,,,0.00,,,STEWARTS FERRY PIKE,,,,0.00,Y,T-Intersection, ,,None,,,         ,Brandon,Vance,,,no,no,no,no,no,False
100795501,METROPOLITAN NASHVILLE POLICE DEPT,20150269945,Davidson,Nashville,3/21/2015 2:49:00 PM,3,0,0,36.133960,-86.889980,US HWY 70,,,,206.00,Feet,East,OLD CHARLOTTE PIKE,,,,0.00,N,Not at Intersection,N,Non-Junction,None,,,         ,Brandon,Pedigo,Clear,Front to Rear,no,no,no,no,no,False
100795508,METROPOLITAN NASHVILLE POLICE DEPT,20150269883,Davidson,Nashville,3/21/2015 1:43:00 PM,2,0,0,36.049730,-86.650510,STATE HWY 254,,,,27.00,Feet,West,RAMP,,,,0.00,N,Not at Intersection, ,Non-Junction,None,,,         ,Matthew,Johnson,Cloudy,Angle,no,no,no,no,no,False
100795512,METROPOLITAN NASHVILLE POLICE DEPT,20150269964,Davidson,Nashville,3/21/2015 4:15:00 PM,2,0,0,36.107800,-86.812670,US HWY 431,,,,0.00,Feet,,GREEN HILLS VILLAGE DR,,,,0.00,Y,T-Intersection, ,Intersection,None,,,         ,Nicholas,Smith,Clear,Front to Rear,no,no,no,no,no,False
100795521,TENNESSEE STATE UNIVERSITY ,15-TSU-02444,Davidson,Nashville,3/18/2015 12:00:00 AM,2,0,0,36.164770,-86.826390,33RD AVE N,,,,0.00,,,ALAMEDA ST,,,,0.00,Y,OTHER, ,Non-Junction,None,,,         ,James,Halkis,Cloudy,"Sideswipe, Opposite Direction",no,no,no,yes,yes,False
100795524,METROPOLITAN NASHVILLE POLICE DEPT,20150270128,Davidson,Nashville,3/21/2015 4:20:00 PM,2,0,0,36.215560,-86.778120,BROOKLYN AVE,,,,429.00,Feet,North,SOUTHERLAND DR,,,,0.00,N,Not at Intersection, ,Non-Junction,None,,,         ,Victor,Alexander,Cloudy,Angle,no,no,no,yes,no,False
100795525,METROPOLITAN NASHVILLE POLICE DEPT,20150267402,Davidson,Nashville,3/20/2015 4:44:00 PM,2,0,0,36.182830,-86.798310,-- UNKNOWN RAMP/ROAD --,,,,0.00,,,I 65,,,,0.00,Y,Unknown, ,Non-Junction,None,,,         ,Ashton,Hill,Cloudy,Front to Rear,no,no,no,no,no,False
100795527,THP District 3 - Nashville,315015421,Davidson,Nashville,3/20/2015 5:30:00 PM,2,0,0,36.169500,-86.779700,2ND AVE N,,,,91.00,Feet,North,GAY ST,,,,0.00,N,Not at Intersection, ,Non-Junction,None,,,         ,William,Matsunaga,Cloudy,Other,no,no,no,yes,no,False
100795528,METROPOLITAN NASHVILLE POLICE DEPT,20150268321,Davidson,Nashville,3/20/2015 10:08:00 PM,2,1,0,36.160540,-86.792860,I 40,,,,0.00,,,,,,,208.75,N,Not at Intersection,N,Non-Junction,None,,,         ,Pedro,Rivera Chaparro,Clear,"Sideswipe, Same Direction",no,no,no,no,no,False
100795532,METROPOLITAN NASHVILLE POLICE DEPT,20150270026,Davidson,Nashville,3/21/2015 1:20:00 PM,2,0,0,36.201160,-86.621150,STATE HWY 45,,,,229.00,Feet,North,PLANTATION DR,,,,0.00,N,Not at Intersection,N,Non-Junction,None,,,         ,John,Kelley,Cloudy,"Sideswipe, Same Direction",no,no,no,no,yes,False
100795533,METROPOLITAN NASHVILLE POLICE DEPT,20150270212,Davidson,Nashville,3/21/2015 4:50:00 PM,2,0,0,35.997820,-86.691260,US HWY 31 ALT,,,,535.00,Feet,West,STATE HWY 253,,,,0.00,N,Not at Intersection, ,Non-Junction,None,,,         ,Miguel,Garcia,Clear,Front to Rear,no,no,no,no,no,False
100795534,METROPOLITAN NASHVILLE POLICE DEPT,20150270127,Davidson,Antioch,3/21/2015 4:20:00 PM,2,0,0,0.000000,0.000000,PIN HOOK,RD,,,0.00,,,MURFREESBORO,PIKE,,,0.00,Y,Four-Way, ,,None,,,         ,David,Collins,,,no,no,no,no,no,False
100795535,METROPOLITAN NASHVILLE POLICE DEPT,20150270000,Davidson,Nashville,3/21/2015 3:12:00 PM,2,0,0,36.128410,-86.700440,GOODBAR DR,,,,327.00,Feet,South,ALADDIN DR,,,,0.00,N,Not at Intersection, ,Non-Junction,None,,,         ,Michael,Apsey,Cloudy,"Sideswipe, Same Direction",no,no,no,no,no,False
100795538,METROPOLITAN NASHVILLE POLICE DEPT,20150270245,Davidson,Nashville,3/21/2015 5:00:00 PM,2,0,0,36.072270,-86.732810,EDMONDSON PIKE,,,,50.00,Feet,North,WHISPERING HILLS DR,,,,0.00,N,Not at Intersection, ,Non-Junction,None,,,         ,Peter,Knisley,Clear,Front to Rear,no,no,no,no,no,False
100795541,METROPOLITAN NASHVILLE POLICE DEPT,2015-0267377,Davidson,Nashville,3/20/2015 4:26:00 PM,2,0,0,36.039020,-86.782470,STATE HWY 254,,,,500.00,Feet,West,-- UNKNOWN RAMP/ROAD --,,,,0.00,N,Not at Intersection, ,Non-Junction,None,,,         ,William,King,Clear,Front to Rear,no,no,no,no,no,False
100795548,METROPOLITAN NASHVILLE POLICE DEPT,20150270365,Davidson,Nashville,3/21/2015 5:38:00 PM,2,0,0,36.205520,-86.765800,MERIDIAN ST,,,,12.00,Feet,South,E TRINITY LN,,,,0.00,N,Not at Intersection,N,Non-Junction,None,,,         ,Terence,Maahs,Cloudy,Front to Rear,no,no,no,no,yes,False
100795550,VANDERBILT UNIVERSITY POLICE,15-0270031,Davidson,Nashville,3/21/2015 12:00:00 AM,2,0,0,36.140840,-86.810530,NATCHEZ TRC,,,,564.00,Feet,North,CHILDRENS WAY,,,,0.00,N,Not at Intersection,N,Non-Junction,None,,,         ,Cedric,Edwards,Clear,Angle,no,no,no,yes,no,Campus
100795551,VANDERBILT UNIVERSITY POLICE,15-0270401,Davidson,Nashville,3/21/2015 12:00:00 AM,2,0,0,36.141500,-86.810410,NATCHEZ TRC,,,,635.00,Feet,South,JESS NEELY DR,,,,0.00,N,Not at Intersection,N,Non-Junction,None,,,         ,Donald,Dennis,Cloudy,Unknown,no,no,no,yes,yes,Campus
100795556,METROPOLITAN NASHVILLE POLICE DEPT,20150270023,Davidson,Nashville,3/21/2015 3:09:00 PM,2,0,0,36.072670,-86.636910,US HWY 41,,,,152.00,Feet,North,RAMP,,,,0.00,N,Not at Intersection, ,Non-Junction,None,,,         ,Jacob,Miller,Cloudy,Angle,no,no,no,no,no,False
100795563,METROPOLITAN NASHVILLE POLICE DEPT,20150270237,Davidson,Nashville,3/21/2015 4:35:00 PM,2,0,0,36.105300,-86.763560,ARMORY OAKS DR,,,,0.00,,,POWELL AVE,,,,0.00,Y,Four-Way,Y,Intersection,None,,,         ,Nicholas,Smith,Clear,Angle,no,no,no,no,no,False
100795564,METROPOLITAN NASHVILLE POLICE DEPT,2015-0270465,Davidson,Nashville,3/21/2015 6:27:00 PM,2,0,0,36.075090,-86.918980,US HWY 70S,,,,614.00,Feet,East,STATE HWY 251,,,,0.00,N,Not at Intersection,N,Non-Junction,None,,,         ,Michael,Rogers,Cloudy,Angle,no,no,no,yes,yes,False
100795566,METROPOLITAN NASHVILLE POLICE DEPT,20150270479,Davidson,Nashville,3/21/2015 4:49:00 PM,2,0,0,36.064020,-86.694350,PACKARD DR,,,,0.00,,,CREEKSIDE DR,,,,0.00,Y,T-Intersection, ,Intersection,None,,,         ,Thomas,Odom,Clear,Angle,no,no,no,no,no,False
100795571,METROPOLITAN NASHVILLE POLICE DEPT,20150270050,Davidson,Nashville,3/21/2015 3:35:00 PM,2,1,0,36.145950,-86.666510,ROYAL PKWY,,,,0.00,,,STATE HWY 255,,,,0.00,Y,Four-Way,N,Intersection-Related,None,,,         ,Felipe,Pereira,Cloudy,Front to Rear,no,no,no,no,yes,False
100795572,METROPOLITAN NASHVILLE POLICE DEPT,20150270124,Davidson,Nashville,3/21/2015 12:00:00 AM,2,0,0,36.163230,-86.650160,STEWARTS FERRY PIKE,,,,500.00,Feet,West,UNNAMED STREET,,,,0.00,N,Not at Intersection,N,Non-Junction,None,,,         ,Felipe,Pereira,Unknown,Unknown,no,no,no,yes,yes,False
100795573,METROPOLITAN NASHVILLE POLICE DEPT,20150270489,Davidson,Nashville,3/21/2015 5:30:00 PM,2,0,0,36.082920,-86.628650,BELL RD,,,,51.00,Feet,North,MOSSDALE DR,,,,0.00,N,Not at Intersection, ,Non-Junction,None,,,         ,Raymond,Heymann,Cloudy,Front to Rear,no,no,no,no,no,False
100795577,METROPOLITAN NASHVILLE POLICE DEPT,20150270179,Davidson,Nashville,3/21/2015 4:40:00 PM,2,0,0,36.205850,-86.768570,E TRINITY LN,,,,0.00,,,US HWY 31W,,,,0.00,Y,Four-Way, ,Intersection-Related,None,,,         ,Kimberly,Brown,Clear,Angle,no,no,no,no,no,False
100795584,VANDERBILT UNIVERSITY POLICE,15-0270348,Davidson,Nashville,3/21/2015 5:48:00 PM,2,0,0,36.138630,-86.800610,US HWY 431,,,,0.00,,,CHILDRENS WAY,,,,0.00,Y,T-Intersection, ,,None,,,         ,Yasemine,Lomax,,,no,no,no,no,no,Campus
100795587,METROPOLITAN NASHVILLE POLICE DEPT,20150270411,Davidson,Nashville,3/21/2015 6:04:00 PM,1,1,0,36.082670,-86.727250,WELSHWOOD DR,,,,0.00,,,US HWY 31 ALT,,,,0.00,Y,T-Intersection,Y,Intersection-Related,None,,,         ,Adam,Earle,Clear,Not Collision with Motor Vehicle in Transport,yes,no,no,no,no,False