master_record_number,agency,agency_tracking_number,county,city,collision_date,vehicles_involved,number_injured,number_dead,latitude,longitude,roadway_name,roadway_suffix,roadway_number,roadway_local_id,distance_from_reference,miles-feet_indicator,direction_from_reference,intersection_road_name,intersection_road_name_suffix,intersection_road_number,intersection_local_id,mile_marker,intersection_indicator,intersect_type,interchange_related_indicator,relation_to_junction,work_zone_type,construction_maintenance_zone,construction_maintenance_zone_location,fatal_case_number,officer_first_name,officer_last_name,weather_condition(s),manner_of_crash,pedestrian,bicycle,scooter,parking,hitrun,mou
100795592,METROPOLITAN NASHVILLE POLICE DEPT,2015-0270585,Davidson,Nashville,3/21/2015 7:24:00 PM,2,0,0,36.072130,-86.923950,OLD HARDING PIKE,,,,685.00,Feet,South,HICKS RD,,,,0.00,N,Not at Intersection,N,Non-Junction,None,,,         ,Michael,Rogers,Clear,Front to Rear,no,no,no,yes,yes,False
100795594,METROPOLITAN NASHVILLE POLICE DEPT,20150270112,Davidson,Nashville,3/21/2015 4:00:00 PM,2,0,0,36.086760,-86.694740,STATE HWY 255,,,,373.00,Feet,East,S PERIMETER PARK DR,,,,0.00,N,Not at Intersection,N,Non-Junction,None,,,         ,Dale,Dameron,Cloudy,"Sideswipe, Same Direction",no,no,no,yes,yes,False
100795612,METROPOLITAN NASHVILLE POLICE DEPT,20150270740,Davidson,Nashville,3/21/2015 7:29:00 PM,2,0,0,36.148970,-86.774480,I 40,,,,0.00,,,,,,,210.15,N,Not at Intersection, ,Entrance/Exit Ramp Related,None,,,         ,Eric,Burford,Clear,Angle,no,no,no,no,no,False
100795618,METROPOLITAN NASHVILLE POLICE DEPT,20150270666,Davidson,Nashville,3/21/2015 7:34:00 PM,3,0,0,36.149380,-86.773390,I 40,,,,0.00,,,,,,,210.20,N,Not at Intersection,N,Non-Junction,None,,,         ,Nicholas,Smith,Clear,Front to Rear,no,no,no,no,yes,False
100795627,METROPOLITAN NASHVILLE POLICE DEPT,20150256496,Davidson,Madison,3/17/2015 4:30:00 PM,2,0,0,36.255000,-86.715220,US HWY 31E,,,,0.00,,,MADISON BLVD,,,,0.00,Y,T-Intersection,N,Intersection,None,,,         ,Nathan,Dungan,Clear,Angle,no,no,no,no,yes,False
100795628,METROPOLITAN NASHVILLE POLICE DEPT,20150270891,Davidson,Not in City Limit,3/21/2015 9:29:00 PM,2,0,0,36.075660,-86.980620,I 40,,,,0.00,,,,,,,194.80,N,Not at Intersection,N,Non-Junction,None,,,         ,Adam,Reese,Clear,Front to Rear,no,no,no,no,yes,False
100795635,METROPOLITAN NASHVILLE POLICE DEPT,20150270846,Davidson,Nashville,3/21/2015 9:04:00 PM,2,1,0,36.143160,-86.704670,I 40,,,,0.00,,,,,,,214.50,N,Not at Intersection,N,Non-Junction,None,,,         ,Michael,Apsey,Cloudy,Front to Rear,no,no,no,no,no,False
100795636,METROPOLITAN NASHVILLE POLICE DEPT,20150270551,Davidson,Nashville,3/21/2015 6:30:00 PM,2,0,0,36.153240,-86.862340,MAXON AVE,,,,0.00,,,LOVELL ST,,,,0.00,Y,Four-Way,N,Non-Junction,None,,,         ,Alex,Lampley,Clear,"Sideswipe, Opposite Direction",no,no,no,no,no,False
100795640,METROPOLITAN NASHVILLE POLICE DEPT,20150264095,Davidson,Nashville,3/19/2015 5:00:00 PM,2,0,0,36.242530,-86.780480,BRICK CHURCH PIKE,,,,100.00,Feet,South,MASONWOOD DR,,,,0.00,N,Not at Intersection,N,"Driveway, Alley Access, etc",None,,,         ,Nathan,Dungan,Cloudy,Front to Rear,no,no,no,yes,yes,False
100795642,METROPOLITAN NASHVILLE POLICE DEPT,20150270917,Davidson,Nashville,3/21/2015 9:40:00 PM,1,1,0,36.160980,-86.849040,TENNESSEE AVE,,,,0.00,,,51ST AVE N,,,,0.00,Y,OTHER,N,Non-Junction,None,,,         ,Brent,Hedgcoth,Clear,Not Collision with Motor Vehicle in Transport,yes,no,no,no,yes,False
100795646,METROPOLITAN NASHVILLE POLICE DEPT,20150270862,Davidson,Nashville,3/21/2015 9:11:00 PM,1,1,0,36.150420,-86.767120,US HWY 41,,,,206.00,Feet,East,US HWY 31 ALT,,,,0.00,N,Not at Intersection,N,Non-Junction,None,,,         ,Jiyayi,Suleyman,Clear,Not Collision with Motor Vehicle in Transport,yes,no,no,no,no,False
100795648,METROPOLITAN NASHVILLE POLICE DEPT,20150270609,Davidson,Nashville,3/21/2015 7:48:00 PM,4,1,0,36.116560,-86.725320,I 24,,,,0.00,,,,,,,53.15,N,Not at Intersection,N,Non-Junction,None,,,         ,Dale,Dameron,Cloudy,Front to Rear,no,no,no,no,no,False
100795649,METROPOLITAN NASHVILLE POLICE DEPT,20150270113,Davidson,Nashville,3/21/2015 4:13:00 PM,2,0,0,36.184280,-86.814740,CLARKSVILLE PIKE,,,,197.00,Feet,West,23RD AVE N,,,,0.00,N,Not at Intersection,N,Non-Junction,None,,,         ,Brian,Woodard,Clear,Front to Rear,no,no,no,yes,no,False
100795658,METROPOLITAN NASHVILLE POLICE DEPT,20150261360,Davidson,Nashville,3/18/2015 10:32:00 PM,1,1,0,36.146290,-86.644660,I 40,,,,0.00,,,,,,,217.05,N,Not at Intersection,N,Non-Junction,None,,,         ,Bridget,Griepentrog,Cloudy,Not Collision with Motor Vehicle in Transport,no,no,no,no,no,False
100795669,METROPOLITAN NASHVILLE POLICE DEPT,20150270390,Davidson,Nashville,3/21/2015 4:44:00 PM,2,0,0,36.221140,-86.804890,REVELS DR,,,,0.00,,,US HWY 431,,,,0.00,Y,Four-Way,Y,Intersection,None,,,         ,Michael,Brooks,Cloudy,"Sideswipe, Opposite Direction",no,no,no,no,yes,False
100795670,METROPOLITAN NASHVILLE POLICE DEPT,20150271015,Davidson,Nashville,3/21/2015 10:35:00 PM,2,0,0,36.213250,-86.775650,I 65,,,,0.00,,,,,,,87.80,N,Not at Intersection,N,Non-Junction,Construction Zone,Work On Shoulder Or Median,Activity Area,         ,Matthew,Lachance,Clear,"Sideswipe, Same Direction",no,no,no,no,yes,False
100795677,METROPOLITAN NASHVILLE POLICE DEPT,20150270855,Davidson,Nashville,3/21/2015 6:30:00 PM,2,0,0,36.214610,-86.604630,US HWY 70,,,,0.00,,,SHUTE LN,,,,0.00,Y,T-Intersection,N,Intersection,None,,,         ,Thomas,Barnes,Clear,Angle,no,no,no,no,no,False
100795683,METROPOLITAN NASHVILLE POLICE DEPT,20150271168,Davidson,Nashville,3/21/2015 11:52:00 PM,2,0,0,36.090390,-86.626820,SMITH SPRINGS RD,,,,0.00,,,RAMP,,,,0.00,Y,Four-Way, ,Intersection-Related,None,,,         ,Bo,Branum,Clear,Front to Rear,no,no,no,no,no,False
100795692,METROPOLITAN NASHVILLE POLICE DEPT,20150271258,Davidson,Nashville,3/22/2015 12:25:00 AM,3,1,0,36.077130,-86.634760,BELL RD,,,,234.00,Feet,North,DAVENPORT DR,,,,0.00,N,Not at Intersection,N,Non-Junction,None,,,         ,Bo,Branum,Clear,Angle,no,no,no,no,no,False
100795705,METROPOLITAN NASHVILLE POLICE DEPT,20150271024,Davidson,Nashville,3/21/2015 10:04:00 PM,1,0,0,36.024530,-86.742360,EDMONDSON PIKE,,,,81.00,Feet,North,MOUNT PISGAH RD,,,,0.00,N,Not at Intersection,N,Non-Junction,None,,,         ,John,Riddle,Clear,Not Collision with Motor Vehicle in Transport,no,no,no,no,no,False
100795706,METROPOLITAN NASHVILLE POLICE DEPT,20150238023,Davidson,Nashville,3/12/2015 12:15:00 AM,1,0,0,36.198860,-86.826650,MATTIE ST,,,,66.00,Feet,North,BUENA VISTA PIKE,,,,0.00,N,Not at Intersection,N,Non-Junction,None,,,         ,Jonathan,McGowen,Fog,Not Collision with Motor Vehicle in Transport,no,no,no,no,no,False
100795707,METROPOLITAN NASHVILLE POLICE DEPT,20150224864,Davidson,Nashville,3/8/2015 6:17:00 AM,1,0,0,0.000000,0.000000,MURFREESBORO,PIKE,,,1111.11,Feet,South,,,,,111.11,N,Not at Intersection,N,Non-Junction,None,,,         ,Jarred,Frazier,Clear,Not Collision with Motor Vehicle in Transport,no,no,no,no,no,False
100795709,METROPOLITAN NASHVILLE POLICE DEPT,20150271557,Davidson,Nashville,3/22/2015 2:56:00 AM,2,0,0,36.058470,-86.598980,HAMILTON CHURCH RD,,,,0.00,,,,,,,0.00,,,N,Non-Junction,None,,,         ,David,Moser,Clear,Angle,no,no,no,yes,yes,False
100795714,METROPOLITAN NASHVILLE POLICE DEPT,20150271483,Davidson,Nashville,3/22/2015 1:45:00 AM,1,0,0,36.193210,-86.790570,CONNECTING ROAD,,,,0.00,,,CUMBERLAND BND,,,,0.00,Y,OTHER,N,Unknown,None,,,         ,Lewis,Taylor,Clear,Not Collision with Motor Vehicle in Transport,no,no,no,no,no,False
100795715,METROPOLITAN NASHVILLE POLICE DEPT,2015-0269149,Davidson,Nashville,3/21/2015 5:14:00 AM,1,1,0,36.238240,-86.782910,STATE HWY 155,,,,0.00,,,EXIT 18A,,,,0.00,Y,OTHER,Y,Entrance/Exit Ramp Related,None,,,         ,Michael,Johnson,Clear,Not Collision with Motor Vehicle in Transport,no,no,no,no,no,False
100795728,METROPOLITAN NASHVILLE POLICE DEPT,20150271600,Davidson,Nashville,3/22/2015 12:00:00 AM,1,0,0,36.114420,-86.692400,US HWY 41,,,,590.00,Feet,East,PINEWAY DR,,,,0.00,N,Not at Intersection,N,Unknown,None,,,         ,Bo,Branum,Clear,Unknown,no,no,no,no,yes,False
100795734,METROPOLITAN NASHVILLE POLICE DEPT,20150271053,Davidson,Nashville,3/21/2015 11:37:00 PM,2,0,0,36.156570,-86.787470,12TH AVE S,,,,0.00,,,US HWY 70,,,,0.00,Y,Four-Way, ,Intersection-Related,None,,,         ,Brandon,Hicks,Clear,Front to Rear,no,no,no,no,no,False
100795735,METROPOLITAN NASHVILLE POLICE DEPT,20150269911,Davidson,Nashville,3/21/2015 2:15:00 PM,2,0,0,36.110920,-86.745200,STATE HWY 155,,,,0.00,,,US HWY 31 ALT,,,,0.00,Y,Four-Way, ,Intersection-Related,None,,,         ,Christopher,Hanor,Clear,Front to Rear,no,no,no,no,yes,False
100795739,METROPOLITAN NASHVILLE POLICE DEPT,20150271187,Davidson,Nashville,3/21/2015 11:59:00 PM,2,1,0,36.024530,-86.742360,EDMONDSON PIKE,,,,81.00,Feet,North,MOUNT PISGAH RD,,,,0.00,N,Not at Intersection,N,Non-Junction,None,,,         ,John,Riddle,Clear,Front to Rear,no,no,no,no,no,False
100795741,METROPOLITAN NASHVILLE POLICE DEPT,20150271611,Davidson,Nashville,3/22/2015 3:50:00 AM,2,0,0,36.156570,-86.787470,12TH AVE S,,,,0.00,,,US HWY 70,,,,0.00,Y,OTHER,N,Non-Junction,None,,,         ,Audrean,Manquero,Clear,Rear to Side,no,no,no,yes,yes,False
100795742,METROPOLITAN NASHVILLE POLICE DEPT,2015-0271057,Davidson,Nashville,3/21/2015 10:10:00 PM,2,0,0,36.159020,-86.775850,4TH AVE S,,,,0.00,,,DEMONBREUN ST,,,,0.00,Y,Four-Way, ,,Construction Zone,,,         ,Jared,Zwilling,,,no,no,no,no,no,False
100795745,METROPOLITAN NASHVILLE POLICE DEPT,20150269778,Davidson,Nashville,3/21/2015 12:18:00 PM,2,1,0,36.045050,-86.713120,US HWY 31 ALT,,,,0.00,,,RAMP,,,,0.00,Y,Four-Way,N,Intersection-Related,None,,,         ,Arthur,Hummell,Cloudy,Front to Rear,no,no,no,no,yes,False
100795748,BERRY HILL POLICE DEPT,15-1008,Davidson,Berry Hill,3/18/2015 12:50:00 PM,2,0,0,36.112140,-86.762870,E IRIS DR,,,,51.00,Feet,North,STATE HWY 155,,,,0.00,N,Not at Intersection, ,Non-Junction,None,,,         ,Ronnie,Hill,Cloudy,Angle,no,no,no,no,no,False
100795755,METROPOLITAN NASHVILLE POLICE DEPT,20150269785,Davidson,Nashville,3/21/2015 12:10:00 PM,2,0,0,36.068320,-86.719240,US HWY 31 ALT,,,,62.00,Feet,North,HAYWOOD LN,,,,0.00,N,Not at Intersection, ,,None,,,         ,Twana,Chick,,,no,no,no,no,no,False
100795758,METROPOLITAN NASHVILLE POLICE DEPT,20150271615,Davidson,Nashville,3/22/2015 3:13:00 AM,2,0,0,36.145200,-86.667790,CLARIDGE DR,,,,53.00,Feet,North,SHACKLETT DR,,,,0.00,N,Not at Intersection, ,Non-Junction,None,,,         ,Curtis,Fisher,Clear,Rear to Rear,no,no,no,yes,yes,False
100795763,METROPOLITAN NASHVILLE POLICE DEPT,20150269861,Davidson,Antioch,3/21/2015 1:44:00 PM,1,1,0,36.034550,-86.606530,OLD HICKORY BLVD,,,,1456.00,Feet,East,STATE HWY 171,,,,0.00,N,Not at Intersection,N,Non-Junction,None,,,         ,Brian,Birch,Clear,Not Collision with Motor Vehicle in Transport,no,no,no,no,no,False
100795782,METROPOLITAN NASHVILLE POLICE DEPT,20150269812,Davidson,Antioch,3/21/2015 12:48:00 PM,2,0,0,36.029150,-86.589870,LAVERGNE COUCHVILLE PIKE,,,,343.00,Feet,North,US HWY 41,,,,0.00,N,Not at Intersection, ,"Driveway, Alley Access, etc",None,,,         ,Megan,Arnett,,"Sideswipe, Same Direction",no,no,no,no,no,False
100795795,METROPOLITAN NASHVILLE POLICE DEPT,20150271750,Davidson,Nashville,3/22/2015 7:05:00 AM,2,2,0,36.050020,-86.649500,MOUNT VIEW RD,,,,0.00,,,STATE HWY 254,,,,0.00,Y,Four-Way,N,Intersection,None,,,         ,Brian,Lamb,Clear,Front to Rear,no,no,no,no,no,False
100795835,GOODLETTSVILLE POLICE DEPT,15-10857,Davidson,Goodlettsville,3/20/2015 4:31:00 PM,2,0,0,36.308012,-86.704112,RIVERGATE,PKWY,,,0.00,,,,,I65,,0.00,Y,T-Intersection,N,Intersection-Related,None,,,         ,Brian,Hajdu,Cloudy,Front to Rear,no,no,no,no,yes,False
100795843,METROPOLITAN NASHVILLE POLICE DEPT,20150265926,Davidson,Nashville,3/20/2015 7:31:00 AM,2,0,0,36.207220,-86.773530,OLD TRINITY LN,,,,0.00,,,CAGE AVE,,,,0.00,Y,OTHER,N,Non-Junction,None,,,         ,Martin,Gonzalez,Cloudy,"Sideswipe, Same Direction",no,no,no,no,no,False
100795846,METROPOLITAN NASHVILLE POLICE DEPT,20150271989,Davidson,Nashville,3/22/2015 9:45:00 AM,2,0,0,36.163480,-86.616560,I 40,,,,0.00,,,,,,,219.90,N,Not at Intersection, ,Non-Junction,None,,,         ,William,Mckay,Clear,"Sideswipe, Same Direction",no,no,no,no,no,False
100795850,METROPOLITAN NASHVILLE POLICE DEPT,20150271928,Davidson,Nashville,3/22/2015 12:00:00 AM,3,0,0,36.179940,-86.716240,POTTER LN,,,,468.00,Feet,West,MITCHELL RD,,,,0.00,N,Not at Intersection, ,Non-Junction,None,,,         ,Aaron,Wigginton,Cloudy,"Sideswipe, Same Direction",no,no,no,no,yes,False
100795851,METROPOLITAN NASHVILLE POLICE DEPT,20150272008,Davidson,Nashville,3/22/2015 10:00:00 AM,2,0,0,36.167230,-86.779620,3RD AVE N,,,,0.00,,,US HWY 31,,,,0.00,Y,Four-Way, ,Intersection,None,,,         ,Johnny,Crumby Jr.,Clear,"Sideswipe, Same Direction",no,no,no,no,no,False
100795852,METROPOLITAN NASHVILLE POLICE DEPT,2015-0262551,Davidson,Nashville,3/19/2015 7:27:00 AM,2,0,0,36.117860,-86.701980,RAMP,,,,0.00,Feet,East,STATE HWY 155,,,,0.00,N,Not at Intersection, ,Entrance/Exit Ramp Related,None,,,         ,Jeb,Johnston,Cloudy,Front to Rear,no,no,no,no,no,False
100795863,METROPOLITAN NASHVILLE POLICE DEPT,20150272070,Davidson,Nashville,3/22/2015 10:30:00 AM,2,0,0,36.207030,-86.791620,BAPTIST WORLD CENTER DR,,,,0.00,,,US HWY 431,,,,0.00,Y,Four-Way, ,Intersection,None,,,         ,Clint,Gilleland,Cloudy,Angle,no,no,no,no,no,False
100795865,METROPOLITAN NASHVILLE POLICE DEPT,20150271901,Davidson,Nashville,3/22/2015 12:00:00 AM,1,0,0,36.071910,-86.658110,PEBBLE CREEK DR,,,,41.00,Feet,West,MOUNTAIN LAUREL DR,,,,0.00,N,Not at Intersection,N,Non-Junction,None,,,         ,James,Thomas,Clear,Not Collision with Motor Vehicle in Transport,no,no,no,no,yes,False
100795871,METROPOLITAN NASHVILLE POLICE DEPT,20150266792,Davidson,Nashville,3/20/2015 1:40:00 PM,2,0,0,36.139000,-86.727190,-- UNKNOWN RAMP/ROAD --,,,,0.00,,,I 40,,,,0.00,Y,OTHER, ,Non-Junction,None,,,         ,David,Simmonds,Clear,Front to Rear,no,no,no,no,no,False
100795876,METROPOLITAN NASHVILLE POLICE DEPT,20150272138,Davidson,Nashville,3/22/2015 10:55:00 AM,1,0,0,36.104070,-86.884410,JOCELYN HOLLOW RD,,,,109.00,Feet,West,BROOK HOLLOW RD,,,,0.00,N,Not at Intersection, ,,None,,,         ,Colby,Mathis,,,no,no,no,no,no,False
100795887,METROPOLITAN NASHVILLE POLICE DEPT,20150253350,Davidson,Nashville,3/16/2015 5:54:00 PM,2,0,0,36.153100,-86.822560,I 440,,,,0.00,,,,,,,1.65,N,Not at Intersection,N,Non-Junction,None,,,         ,Peter,Knisley,Clear,Front to Rear,no,no,no,no,no,False
100795888,METROPOLITAN NASHVILLE POLICE DEPT,20150272156,Davidson,Nashville,3/22/2015 11:59:00 AM,2,0,0,36.143680,-86.689980,I 40,,,,0.00,,,,,,,215.30,N,Not at Intersection, ,Non-Junction,None,,,         ,William,Mckay,Cloudy,Front to Rear,no,no,no,no,no,False
100795901,METROPOLITAN NASHVILLE POLICE DEPT,2015-0272141,Davidson,Not in City Limit,3/22/2015 11:40:00 AM,1,1,0,36.281640,-86.804170,I 24,,,,0.00,,,,,,,40.20,N,Not at Intersection,Y,Non-Junction,None,,,         ,Jordan,Lowry,Cloudy,Not Collision with Motor Vehicle in Transport,no,no,no,no,no,False
100795903,METROPOLITAN NASHVILLE POLICE DEPT,20150272206,Davidson,Nashville,3/22/2015 12:26:00 PM,2,2,0,36.087340,-86.692370,STATE HWY 255,,,,60.00,Feet,West,ANTIOCH PIKE,,,,0.00,N,Not at Intersection,N,"Driveway, Alley Access, etc",None,,,         ,Brian,Lamb,Cloudy,Angle,no,no,no,no,no,False
100795923,METROPOLITAN NASHVILLE POLICE DEPT,20150272366,Davidson,Nashville,3/22/2015 2:34:00 PM,2,0,0,36.048060,-86.652600,HICKORY HOLLOW LN,,,,841.00,Feet,East,HICKORY HOLLOW PKWY,,,,0.00,N,Not at Intersection, ,Non-Junction,None,,,         ,Thomas,Odom,Cloudy,Angle,no,no,no,yes,yes,False
100795932,METROPOLITAN NASHVILLE POLICE DEPT,20150272347,Davidson,Nashville,3/22/2015 2:00:00 PM,2,0,0,36.048520,-86.664660,I 24,,,,0.00,,,,,,,59.00,N,Not at Intersection,N,Non-Junction,None,,,         ,Jonathan,Frith,Cloudy,Front to Rear,no,no,no,no,no,False
100795958,METROPOLITAN NASHVILLE POLICE DEPT,20150272472,Davidson,Nashville,3/22/2015 3:48:00 PM,2,0,0,36.187840,-86.629830,US HWY 70,,,,200.00,Feet,West,HICKORY HILL LN,,,,0.00,N,Not at Intersection,N,Non-Junction,None,,,         ,Tyler,Conrads,Clear,HeadOn,no,no,no,no,no,False
100795975,METROPOLITAN NASHVILLE POLICE DEPT,20150272088,Davidson,Nashville,3/22/2015 10:13:00 AM,4,1,0,36.213700,-86.761130,DELLWAY VILLA RD,,,,0.00,,,,,,,0.00,,,N,Non-Junction,None,,,         ,Martin,Gonzalez,Cloudy,Angle,no,no,no,yes,no,False
100795985,METROPOLITAN NASHVILLE POLICE DEPT,20150272670,Davidson,Nashville,3/22/2015 5:21:00 PM,2,0,0,36.032130,-86.712730,US HWY 31 ALT,,,,403.00,Feet,North,KINHAWK DR,,,,0.00,N,Not at Intersection, ,Non-Junction,None,,,         ,Thomas,Odom,Rain,Front to Rear,no,no,no,no,no,False
100795986,METROPOLITAN NASHVILLE POLICE DEPT,20150272354,Davidson,Nashville,3/22/2015 2:16:00 PM,2,0,0,36.173320,-86.791200,JEFFERSON ST,,,,53.00,Feet,East,US HWY 41 ALT,,,,0.00,N,Not at Intersection,N,Non-Junction,None,,,         ,Ashton,Hill,Cloudy,Front to Rear,no,no,no,no,yes,False
100795987,METROPOLITAN NASHVILLE POLICE DEPT,20150272570,Davidson,Nashville,3/22/2015 4:24:00 PM,2,0,0,36.124830,-86.805950,-- UNKNOWN RAMP/ROAD --,,,,0.00,,,I 440,,,,0.00,Y,T-Intersection, ,Intersection-Related,None,,,         ,Tien,Nguyen,Clear,"Sideswipe, Same Direction",no,no,no,no,no,False
100796019,METROPOLITAN NASHVILLE POLICE DEPT,20150272636,Davidson,Nashville,3/22/2015 6:40:00 PM,2,1,0,36.128640,-86.713450,US HWY 41,,,,213.00,Feet,West,PHILFRE CT,,,,0.00,N,Not at Intersection,N,Non-Junction,None,,,         ,Thomas,Barnes,Clear,Front to Rear,no,no,no,no,no,False
100796021,METROPOLITAN NASHVILLE POLICE DEPT,20150272766,Davidson,Nashville,3/22/2015 6:17:00 PM,2,0,0,36.059700,-86.718260,MCCAIN DR,,,,359.00,Feet,East,HASTY DR,,,,0.00,N,Not at Intersection, ,Non-Junction,None,,,         ,Tien,Nguyen,Clear,Angle,no,no,no,no,no,False
100796023,METROPOLITAN NASHVILLE POLICE DEPT,20150272750,Davidson,Madison,3/22/2015 6:10:00 PM,2,1,0,36.249600,-86.686620,NEELYS BEND RD,,,,0.00,,,LARKIN SPRINGS RD,,,,0.00,Y,T-Intersection,N,Intersection,None,,,         ,Nathan,Dungan,Clear,Front to Rear,no,no,no,no,no,False
100796028,METROPOLITAN NASHVILLE POLICE DEPT,20150270591,Davidson,Nashville,3/21/2015 7:00:00 PM,2,0,0,36.197280,-86.689050,EXIT 11,,,,0.57,Miles,East,BRILEY PKWY,,,,0.00,N,Not at Intersection,N,Non-Junction,None,,,         ,Austin,Childress,Clear,"Sideswipe, Opposite Direction",no,no,no,yes,no,False
100796029,METROPOLITAN NASHVILLE POLICE DEPT,20150272496,Davidson,Nashville,3/22/2015 4:09:00 PM,2,2,0,36.141190,-86.731250,I 40,,,,0.00,,,,,,,212.90,N,Not at Intersection,Y,Entrance/Exit Ramp Related,None,,,         ,Austin,Childress,Clear,"Sideswipe, Same Direction",no,no,no,no,no,False
100796031,METROPOLITAN NASHVILLE POLICE DEPT,20150272676,Davidson,Nashville,3/22/2015 5:32:00 PM,2,0,0,36.134380,-86.781180,WEDGEWOOD AVE,,,,0.00,,,ACKLEN AVE,,,,0.00,Y,T-Intersection,N,Non-Junction,None,,,         ,Brenton,Adcox,Cloudy,Front to Rear,no,no,no,no,no,False
100796032,METROPOLITAN NASHVILLE POLICE DEPT,20150272755,Davidson,Goodlettsville,3/22/2015 5:00:00 PM,2,0,0,36.292350,-86.733830,US HWY 31W,,,,0.00,,,CAMPBELL RD,,,,0.00,Y,Four-Way, ,Intersection,None,,,         ,Joseph,Jakes,Cloudy,Angle,no,no,no,no,yes,False
100796034,METROPOLITAN NASHVILLE POLICE DEPT,20150272623,Davidson,Nashville,3/22/2015 5:00:00 PM,2,0,0,36.134310,-86.780670,WEDGEWOOD AVE,,,,0.00,,,BEECH AVE,,,,0.00,Y,T-Intersection,N,Intersection-Related,None,,,         ,Christopher,Davis,Clear,"Sideswipe, Opposite Direction",no,no,no,no,no,False
100796070,METROPOLITAN NASHVILLE POLICE DEPT,20150272551,Davidson,Nashville,3/22/2015 4:11:00 PM,2,0,0,36.046040,-86.657930,STATE HWY 254,,,,13.00,Feet,East,COLLINS PARK DR,,,,0.00,N,Not at Intersection,N,Non-Junction,None,,,         ,Joseph,Progar,Clear,Front to Rear,no,no,no,no,no,False
100796073,METROPOLITAN NASHVILLE POLICE DEPT,20150270523,Davidson,Madison,3/21/2015 6:50:00 PM,2,0,0,36.270430,-86.703100,ROOSEVELT AVE,,,,0.00,,,DELAWARE AVE,,,,0.00,Y,Four-Way,N,Intersection,None,,,         ,Nathan,Dungan,Clear,Angle,no,no,no,no,yes,False
100796076,METROPOLITAN NASHVILLE POLICE DEPT,20150272341,Davidson,Not in City Limit,3/22/2015 2:20:00 PM,2,0,0,36.257730,-86.738460,I 65,,,,0.00,,,,,,,91.80,N,Not at Intersection, ,Non-Junction,None,,,         ,Codey,Mullins,Cloudy,Front to Rear,no,no,no,no,no,False
100796098,METROPOLITAN NASHVILLE POLICE DEPT,20150272974,Davidson,Nashville,3/22/2015 8:20:00 PM,2,2,0,36.083670,-86.647200,US HWY 41,,,,0.00,,,BROOKSBORO TER,,,,0.00,Y,Four-Way,N,Intersection,None,,,         ,Thomas,Odom,Clear,Angle,no,no,no,no,no,False
100796111,METROPOLITAN NASHVILLE POLICE DEPT,20150266995,Davidson,Madison,3/20/2015 3:05:00 PM,2,1,0,36.260960,-86.712650,US HWY 31E,,,,115.00,Feet,South,MAPLE ST,,,,0.00,N,Not at Intersection,N,"Driveway, Alley Access, etc",None,,,         ,Nathan,Dungan,Clear,Angle,no,no,no,no,no,False
100796124,METROPOLITAN NASHVILLE POLICE DEPT,20150272984,Davidson,Nashville,3/22/2015 7:02:00 PM,1,0,0,36.191710,-86.617690,LOPEZ LN,,,,134.00,Feet,South,JUAREZ DR,,,,0.00,N,Not at Intersection,N,Non-Junction,None,,,         ,Raymond,Heymann,Cloudy,Not Collision with Motor Vehicle in Transport,no,no,no,no,yes,False
100796125,METROPOLITAN NASHVILLE POLICE DEPT,20150261465,Davidson,Nashville,3/18/2015 11:15:00 PM,2,0,0,36.159390,-86.780920,7TH AVE S,,,,0.00,,,US HWY 70,,,,0.00,Y,Four-Way, ,Non-Junction,None,,,         ,William,Thorowgood,Clear,Front to Rear,no,no,no,no,no,False
100796132,METROPOLITAN NASHVILLE POLICE DEPT,20150261939,Davidson,Nashville,3/19/2015 2:24:00 AM,1,0,0,36.167120,-86.779550,US HWY 31,,,,0.00,,,3RD AVE N,,,,0.00,Y,Four-Way,N,Intersection-Related,None,,,         ,Kelcey,Bell,Clear,Unknown,no,no,no,no,no,False
100796145,METROPOLITAN NASHVILLE POLICE DEPT,20150273302,Davidson,Nashville,3/22/2015 11:10:00 PM,2,0,0,36.124770,-86.812850,I 440,,,,0.00,,,,,,,2.40,N,Not at Intersection, ,Unknown,None,,,         ,Jason,Dudley,Clear,"Sideswipe, Same Direction",no,no,no,no,no,False
100796147,METROPOLITAN NASHVILLE POLICE DEPT,20150271114,Davidson,Nashville,3/21/2015 11:30:00 PM,2,2,0,36.150500,-86.770340,US HWY 31 ALT,,,,0.00,,,RAMP,,,,0.00,Y,Four-Way,N,Intersection,None,,,         ,William,Thorowgood,Clear,Angle,no,no,no,no,no,False
100796158,METROPOLITAN NASHVILLE POLICE DEPT,20150271571,Davidson,Not in City Limit,3/22/2015 12:00:00 AM,2,1,0,36.086370,-86.945890,I 40,,,,0.00,,,,,,,197.00,N,Not at Intersection,N,Non-Junction,None,,,         ,Tyler,Bryson,Clear,Front to Rear,no,no,no,no,no,False
100796177,METROPOLITAN NASHVILLE POLICE DEPT,20150269059,Davidson,Nashville,3/21/2015 4:09:00 AM,3,1,0,36.145830,-86.819410,OMAN ST,,,,39.00,Feet,North,LONG BLVD,,,,0.00,N,Not at Intersection,N,Non-Junction,None,,,         ,Jason,Dudley,Clear,Angle,no,no,no,no,no,False