master_record_number,agency,agency_tracking_number,county,city,collision_date,vehicles_involved,number_injured,number_dead,latitude,longitude,roadway_name,roadway_suffix,roadway_number,roadway_local_id,distance_from_reference,miles-feet_indicator,direction_from_reference,intersection_road_name,intersection_road_name_suffix,intersection_road_number,intersection_local_id,mile_marker,intersection_indicator,intersect_type,interchange_related_indicator,relation_to_junction,work_zone_type,construction_maintenance_zone,construction_maintenance_zone_location,fatal_case_number,officer_first_name,officer_last_name,weather_condition(s),manner_of_crash,pedestrian,bicycle,scooter,parking,hitrun,mou
100797644,METROPOLITAN NASHVILLE POLICE DEPT,2015-0285465,Davidson,Nashville,3/26/2015 6:55:00 AM,2,0,0,36.101960,-86.922630,STATE HWY 251,,,,1383.00,Feet,South,TOLBERT RD,,,,0.00,N,Not at Intersection, ,Non-Junction,None,,,         ,Curtis,Rich,Cloudy,Angle,no,no,no,no,yes,False
100797650,METROPOLITAN NASHVILLE POLICE DEPT,2015-0285481,Davidson,Nashville,3/26/2015 6:40:00 AM,2,0,0,36.089000,-86.689400,STATE HWY 255,,,,350.00,Feet,West,HARDING INDUSTRIAL DR,,,,0.00,N,Not at Intersection, ,Non-Junction,None,,,         ,William,Whitworth,Cloudy,"Sideswipe, Same Direction",no,no,no,no,no,False
100797679,METROPOLITAN NASHVILLE POLICE DEPT,20150285470,Davidson,Nashville,3/26/2015 6:46:00 AM,2,0,0,36.242180,-86.749960,I 65,,,,0.00,,,,,,,90.50,N,Not at Intersection, ,Non-Junction,None,,,         ,Kevin,Reynolds,Clear,Front to Rear,no,no,no,no,no,False
100797684,METROPOLITAN NASHVILLE POLICE DEPT,20150285764,Davidson,Nashville,3/26/2015 8:45:00 AM,2,0,0,36.155820,-86.795900,CHURCH ST,,,,0.00,,,17TH AVE N,,,,0.00,Y,Four-Way,N,Intersection,None,,,         ,Nathan,Kemp,Rain,Angle,no,no,no,no,no,False
100797705,METROPOLITAN NASHVILLE POLICE DEPT,20150285608,Davidson,Nashville,3/26/2015 8:00:00 AM,1,0,0,36.207410,-86.839850,W HAMILTON AVE,,,,0.00,,,US HWY 41 ALT,,,,0.00,Y,OTHER,N,OtherLocation,None,,,         ,Joshua,Baker,Cloudy,Not Collision with Motor Vehicle in Transport,no,no,no,no,yes,False
100797713,METROPOLITAN NASHVILLE POLICE DEPT,20150285665,Davidson,Nashville,3/26/2015 8:12:00 AM,2,0,0,0.000000,0.000000,MURFREESBORO PIKE,,,,50.00,Feet,West,POLK AVE,,,,0.00,N,Not at Intersection,N,Non-Junction,None,,,         ,Caleb,Jernigan,Cloudy,Angle,no,no,no,no,no,False
100797749,METROPOLITAN NASHVILLE POLICE DEPT,20150286012,Davidson,Nashville,3/26/2015 6:45:00 AM,2,0,0,36.200380,-86.861660,STEWARTS LN,,,,0.55,Miles,South,STATE HWY 12,,,,0.00,N,Not at Intersection, ,,None,,,         ,Alan,Jordan,,,no,no,no,yes,no,False
100797750,METROPOLITAN NASHVILLE POLICE DEPT,20150285774,Davidson,Nashville,3/26/2015 8:49:00 AM,1,1,0,36.199100,-86.798320,GREAT CIRCLE RD,,,,27.00,Feet,West,ATHENS WAY,,,,0.00,N,Not at Intersection,N,Non-Junction,None,,,         ,Joshua,Baker,Cloudy,Not Collision with Motor Vehicle in Transport,no,no,no,no,no,False
100797751,METROPOLITAN NASHVILLE POLICE DEPT,2015-0285953,Davidson,Nashville,3/26/2015 9:35:00 AM,2,2,0,36.086810,-86.695790,STATE HWY 255,,,,45.00,Feet,East,S PERIMETER PARK DR,,,,0.00,N,Not at Intersection,N,"Driveway, Alley Access, etc",None,,,         ,William,Whitworth,Cloudy,Angle,no,no,no,no,no,False
100797756,METROPOLITAN NASHVILLE POLICE DEPT,20150285908,Davidson,Nashville,3/26/2015 9:44:00 AM,1,0,0,36.045870,-86.779460,US HWY 31,,,,645.00,Feet,East,FRANKLIN PIKE CIR,,,,0.00,N,Not at Intersection,N,Non-Junction,None,,,         ,Arthur,Hummell,Cloudy,Not Collision with Motor Vehicle in Transport,no,no,no,no,yes,False
100797758,METROPOLITAN NASHVILLE POLICE DEPT,20150286107,Davidson,Madison,3/26/2015 12:00:00 AM,2,0,0,36.272880,-86.689490,MYATT DR,,,,103.00,Feet,North,RAMP,,,,0.00,N,Not at Intersection,N,Non-Junction,None,,,         ,Nicholas,Truan,Unknown,Unknown,no,no,no,yes,yes,False
100797762,METROPOLITAN NASHVILLE POLICE DEPT,20150285923,Davidson,Madison,3/26/2015 10:00:00 AM,2,0,0,36.308640,-86.681530,RIVERCHASE BLVD,,,,0.00,,,US HWY 31E,,,,0.00,Y,Four-Way,N,Intersection,None,,,         ,Charles,Holmes,Cloudy,Front to Rear,no,no,no,no,no,False
100797769,METROPOLITAN NASHVILLE POLICE DEPT,2015-0285972,Davidson,Nashville,3/26/2015 8:20:00 AM,2,1,0,36.040470,-86.780350,STATE HWY 254,,,,0.00,,,RAMP,,,,0.00,Y,OTHER,N,Entrance/Exit Ramp Related,None,,,         ,Marc,Lemcke,Rain,Front to Rear,no,no,no,no,no,False
100797787,METROPOLITAN NASHVILLE POLICE DEPT,2015-0286035,Davidson,Nashville,3/26/2015 10:20:00 AM,2,0,0,36.201260,-86.617730,US HWY 70,,,,0.00,,,TYLER DR,,,,0.00,Y,T-Intersection, ,Non-Junction,None,,,         ,Michael,Baker,Cloudy,Front to Rear,no,no,no,no,yes,False
100797791,METROPOLITAN NASHVILLE POLICE DEPT,20150286223,Davidson,Nashville,3/26/2015 11:34:00 AM,2,1,0,0.000000,0.000000,MURFREESBORO PIKE,,,,50.00,Feet,South,SPENCE LN,,,,0.00,N,Not at Intersection,N,Non-Junction,None,,,         ,Caleb,Jernigan,Cloudy,Front to Rear,no,no,no,no,no,False
100797792,METROPOLITAN NASHVILLE POLICE DEPT,20150286314,Davidson,Nashville,3/26/2015 11:49:00 AM,2,0,0,36.153880,-86.757150,I 40,,,,0.00,,,,,,,211.15,N,Not at Intersection, ,Entrance/Exit Ramp Related,None,,,         ,Eric,Westbrook,Cloudy,Angle,no,no,no,no,yes,False
100797802,METROPOLITAN NASHVILLE POLICE DEPT,20150286402,Davidson,Nashville,3/26/2015 12:15:00 PM,2,0,0,36.173790,-86.791680,US HWY 41 ALT,,,,0.00,,,MADISON ST,,,,0.00,Y,Four-Way, ,Intersection,None,,,         ,Clint,Gilleland,Cloudy,HeadOn,no,no,no,no,no,False
100797809,METROPOLITAN NASHVILLE POLICE DEPT,20150285900,Davidson,Nashville,3/26/2015 9:50:00 AM,2,0,0,36.140570,-86.721910,I 40,,,,0.00,,,,,,,213.55,N,Not at Intersection, ,Non-Junction,None,,,         ,Jason,Smith,Rain,"Sideswipe, Same Direction",no,no,no,no,no,False
100797814,VANDERBILT UNIVERSITY POLICE,15-0286321,Davidson,Nashville,3/26/2015 5:00:00 AM,1,0,0,36.139730,-86.799160,SOUTH DR,,,,225.00,Feet,West,VILLAGE,,,,0.00,N,Not at Intersection, ,Non-Junction,None,,,         ,Patrick,Conwell,Rain,Not Collision with Motor Vehicle in Transport,no,no,no,no,no,Campus
100797827,METROPOLITAN NASHVILLE POLICE DEPT,20150286520,Davidson,Nashville,3/26/2015 12:56:00 PM,1,0,0,0.000000,0.000000,,,I40,,6.00,Feet,East,,,,,209.00,N,Not at Intersection,N,Entrance/Exit Ramp Related,None,,,         ,Darren,Key,Cloudy,Not Collision with Motor Vehicle in Transport,no,no,no,no,no,False
100797884,METROPOLITAN NASHVILLE POLICE DEPT,20150286875,Davidson,Nashville,3/26/2015 3:24:00 PM,2,0,0,36.044800,-86.661050,STATE HWY 254,,,,0.00,Feet,East,-- UNKNOWN RAMP/ROAD --,,,,0.00,N,Not at Intersection, ,Non-Junction,None,,,         ,Jessie,Meadows,Cloudy,Front to Rear,no,no,no,no,no,False
100797901,METROPOLITAN NASHVILLE POLICE DEPT,20150287028,Davidson,Nashville,3/26/2015 3:33:00 PM,2,0,0,36.090310,-86.626520,SMITH SPRINGS RD,,,,0.00,,,BELL RD,,,,0.00,Y,Four-Way, ,Intersection,None,,,         ,Tyler,Conrads,Rain,Angle,no,no,no,no,no,False
100797904,METROPOLITAN NASHVILLE POLICE DEPT,20150287056,Davidson,Nashville,3/26/2015 3:41:00 PM,2,1,0,36.150210,-86.780870,DIVISION ST,,,,0.00,,,9TH AVE S,,,,0.00,Y,T-Intersection,N,Intersection,None,,,         ,MIchael,Mihajlov,Rain,"Sideswipe, Same Direction",no,no,no,no,no,False
100797908,METROPOLITAN NASHVILLE POLICE DEPT,20150286915,Davidson,Nashville,3/26/2015 3:02:00 PM,2,0,0,36.174800,-86.746170,RUSSELL ST,,,,0.00,,,S 14TH ST,,,,0.00,Y,T-Intersection,N,Intersection,None,,,         ,Cressie,Prill,Rain,Angle,no,no,no,no,no,False
100797915,METROPOLITAN NASHVILLE POLICE DEPT,20150286964,Davidson,Nashville,3/26/2015 3:07:00 PM,2,0,0,36.152290,-86.797430,US HWY 70S,,,,0.00,,,19TH AVE S,,,,0.00,Y,Four-Way,N,Intersection,None,,,         ,Maria,Cortez,Rain,Angle,no,no,no,no,no,False
100797916,METROPOLITAN NASHVILLE POLICE DEPT,20150287114,Davidson,Nashville,3/26/2015 3:55:00 PM,2,0,0,36.178080,-86.763680,US HWY 31E,,,,286.00,Feet,North,-- UNKNOWN RAMP/ROAD --,,,,0.00,N,Not at Intersection, ,Non-Junction,None,,,         ,Audrey,Fellingham,Rain,Front to Rear,no,no,no,no,no,False
100797919,METROPOLITAN NASHVILLE POLICE DEPT,20150287207,Davidson,Nashville,3/26/2015 4:17:00 PM,1,1,0,36.078470,-86.729530,STATE HWY 255,,,,650.00,Feet,East,MILNER DR,,,,0.00,N,Not at Intersection,N,Non-Junction,None,,,         ,Charles,Griffin,Rain,Not Collision with Motor Vehicle in Transport,yes,no,no,no,no,False
100797931,METROPOLITAN NASHVILLE POLICE DEPT,20150287258,Davidson,Nashville,3/26/2015 4:42:00 PM,2,0,0,36.143430,-86.703070,I 40,,,,0.00,,,,,,,214.55,N,Not at Intersection, ,Non-Junction,None,,,         ,Jared,Ester,Rain,Front to Rear,no,no,no,no,no,False
100797940,METROPOLITAN NASHVILLE POLICE DEPT,2015-0287076,Davidson,Nashville,3/26/2015 3:50:00 PM,2,1,0,36.070550,-86.943750,ALBAR DR,,,,640.00,Feet,South,DORAL COUNTRY DR,,,,0.00,N,Not at Intersection,N,Non-Junction,None,,,         ,Walter,Gray II,Rain,Not Collision with Motor Vehicle in Transport,no,no,no,no,no,False
100797954,METROPOLITAN NASHVILLE POLICE DEPT,20150287138,Davidson,Nashville,3/26/2015 12:00:00 AM,2,0,0,36.155810,-86.795910,CHURCH ST,,,,0.00,,,17TH AVE N,,,,0.00,Y,Four-Way,N,Non-Junction,None,,,         ,Michael,Collazo,Rain,Front to Rear,no,no,no,no,no,False
100797955,METROPOLITAN NASHVILLE POLICE DEPT,20150287327,Davidson,Nashville,3/26/2015 4:27:00 PM,2,1,0,36.156180,-86.798360,18TH AVE N,,,,80.00,Feet,North,STATE ST,,,,0.00,N,Not at Intersection,N,Non-Junction,None,,,         ,Michael,Collazo,Rain,Angle,no,no,no,no,no,False
100797956,METROPOLITAN NASHVILLE POLICE DEPT,20150287304,Davidson,Nashville,3/26/2015 5:38:00 PM,2,0,0,36.145680,-86.741490,I 40,,,,0.00,,,,,,,212.20,N,Not at Intersection, ,Non-Junction,None,,,         ,Leslie,Hale,Rain,Front to Rear,no,no,no,no,no,False
100797958,METROPOLITAN NASHVILLE POLICE DEPT,20150287371,Davidson,Nashville,3/26/2015 4:53:00 PM,2,0,0,36.070880,-86.635040,US HWY 41,,,,302.00,Feet,South,RAMP,,,,0.00,N,Not at Intersection,N,"Driveway, Alley Access, etc",None,,,         ,Kevin,Keating,Rain,Angle,no,no,no,no,no,False
100797959,METROPOLITAN NASHVILLE POLICE DEPT,20150287024,Davidson,Nashville,3/26/2015 3:06:00 PM,2,0,0,36.149540,-86.783910,I 40,,,,0.00,,,,,,,209.60,N,Not at Intersection, ,Non-Junction,None,,,         ,Brenton,Adcox,Rain,Angle,no,no,no,no,no,False
100797962,METROPOLITAN NASHVILLE POLICE DEPT,20150287349,Davidson,Nashville,3/26/2015 4:55:00 PM,2,0,0,36.074190,-86.737800,BLACKMAN RD,,,,0.00,,,SHADESCREST DR,,,,0.00,Y,T-Intersection,N,Intersection,None,,,         ,Peter,Knisley,Rain,Angle,no,no,no,no,no,False
100797963,METROPOLITAN NASHVILLE POLICE DEPT,20150287383,Davidson,Nashville,3/26/2015 5:15:00 PM,2,2,0,36.108900,-86.755520,SIDCO DR,,,,275.00,Feet,North,FONTANA AVE,,,,0.00,N,Not at Intersection,N,"Driveway, Alley Access, etc",None,,,         ,Charles,Griffin,Rain,Angle,no,no,no,no,no,False
100797964,METROPOLITAN NASHVILLE POLICE DEPT,20150287381,Davidson,Nashville,3/26/2015 5:18:00 PM,2,1,0,36.090310,-86.626520,BELL RD,,,,0.00,,,SMITH SPRINGS RD,,,,0.00,Y,Four-Way,N,Intersection,None,,,         ,Brandon,Vance,Rain,HeadOn,no,no,no,no,no,False
100797966,METROPOLITAN NASHVILLE POLICE DEPT,20150287241,Davidson,Madison,3/26/2015 4:10:00 PM,2,0,0,36.246500,-86.721290,US HWY 31E,,,,75.00,Feet,South,BERKLEY DR,,,,0.00,N,Not at Intersection, ,Non-Junction,None,,,         ,Nathan,Dungan,Rain,Front to Rear,no,no,no,no,no,False
100797968,METROPOLITAN NASHVILLE POLICE DEPT,20150287458,Davidson,Nashville,3/26/2015 5:47:00 PM,2,0,0,36.073290,-86.637500,US HWY 41,,,,437.00,Feet,North,RAMP,,,,0.00,N,Not at Intersection,N,Non-Junction,None,,,         ,Oscar,Gomez,Rain,Angle,no,no,no,no,no,False
100797975,METROPOLITAN NASHVILLE POLICE DEPT,20150287398,Davidson,Nashville,3/26/2015 5:17:00 PM,2,0,0,36.096770,-86.654590,SMITH SPRINGS RD,,,,0.00,,,OLD MURFREESBORO PIKE,,,,0.00,Y,Four-Way, ,Non-Junction,None,,,         ,Michael,Apsey,Rain,Angle,no,no,no,no,yes,False
100797980,METROPOLITAN NASHVILLE POLICE DEPT,20150287473,Davidson,Nashville,3/26/2015 5:48:00 PM,2,0,0,36.117400,-86.778590,GALE LN,,,,0.00,,,VAULX LN,,,,0.00,Y,T-Intersection, ,Intersection-Related,None,,,         ,Nicholas,Smith,Rain,Front to Rear,no,no,no,no,no,False
100797986,METROPOLITAN NASHVILLE POLICE DEPT,20150286764,Davidson,Nashville,3/26/2015 2:08:00 PM,2,0,0,36.165260,-86.804910,DR DB TODD JR BLVD,,,,0.00,Feet,,MORENA ST,,,,0.00,Y,T-Intersection, ,Intersection,None,,,         ,Ky,Luu,Cloudy,"Sideswipe, Opposite Direction",no,no,no,no,no,False
100797989,GOODLETTSVILLE POLICE DEPT,15-11799,Davidson,Goodlettsville,3/26/2015 4:50:00 PM,3,1,0,36.306010,-86.706290,I 65,,,,0.00,,,,,,,95.70,N,Not at Intersection,N,Non-Junction,None,,,         ,Brian,Hajdu,Cloudy,Front to Rear,no,no,no,no,no,False
100797990,METROPOLITAN NASHVILLE POLICE DEPT,20150287188,Davidson,Antioch,3/26/2015 4:38:00 PM,3,1,0,36.027380,-86.615040,STATE HWY 171,,,,1270.00,Feet,South,LOGISTICS WAY,,,,0.00,N,Not at Intersection,N,Non-Junction,None,,,         ,Jessie,Meadows,Rain,"Sideswipe, Opposite Direction",no,no,no,no,no,False
100797991,METROPOLITAN NASHVILLE POLICE DEPT,20150287405,Davidson,Nashville,3/26/2015 6:11:00 PM,2,0,0,36.054970,-86.642150,ZELIDA AVE,,,,84.00,Feet,East,STATE HWY 254,,,,0.00,N,Not at Intersection, ,Non-Junction,None,,,         ,Jessie,Meadows,Rain,Front to Rear,no,no,no,no,no,False
100797993,METROPOLITAN NASHVILLE POLICE DEPT,20150287455,Davidson,Nashville,3/26/2015 5:43:00 PM,2,0,0,36.149180,-86.775180,I 40,,,,0.00,,,,,,,210.10,N,Not at Intersection, ,,None,,,         ,Aaron,Thomas,,,no,no,no,no,no,False
100797995,METROPOLITAN NASHVILLE POLICE DEPT,20150287513,Davidson,Nashville,3/26/2015 6:08:00 PM,2,0,0,36.151610,-86.782350,OVERTON ST,,,,0.00,,,MANSION ST,,,,0.00,Y,T-Intersection, ,,None,,,         ,MIchael,Mihajlov,,,no,no,no,yes,no,False
100798000,METROPOLITAN NASHVILLE POLICE DEPT,20150287528,Davidson,Nashville,3/26/2015 5:55:00 PM,2,0,0,36.071940,-86.636180,US HWY 41,,,,0.00,,,BELL RD,,,,0.00,Y,Four-Way, ,Intersection,None,,,         ,Michael,Apsey,Rain,Front to Rear,no,no,no,no,yes,False
100798007,VANDERBILT UNIVERSITY POLICE,15-0287487,Davidson,Nashville,3/26/2015 5:40:00 PM,2,1,0,36.139990,-86.804360,PIERCE AVE,,,,226.00,Feet,East,24TH AVE S,,,,0.00,N,Not at Intersection,N,Non-Junction,None,,,         ,Cedric,Edwards,Rain,Front to Rear,no,no,no,no,no,Campus
100798017,METROPOLITAN NASHVILLE POLICE DEPT,20150287431,Davidson,Nashville,3/26/2015 5:06:00 PM,1,0,0,36.231700,-86.792260,GWYNNWOOD DR,,,,0.00,,,,,,,0.00,,,N,Intersection,None,,,         ,Brian,Smith,Rain,Not Collision with Motor Vehicle in Transport,no,no,no,no,yes,False
100798024,METROPOLITAN NASHVILLE POLICE DEPT,20150287425,Davidson,Nashville,3/26/2015 5:20:00 PM,1,1,0,36.044210,-86.713220,BRENTWOOD EAST DR,,,,0.00,,,US HWY 31 ALT,,,,0.00,Y,OTHER,N,Non-Junction,None,,,         ,Ricki,Armstrong,Rain,Not Collision with Motor Vehicle in Transport,yes,no,no,no,yes,False
100798043,METROPOLITAN NASHVILLE POLICE DEPT,20150287447,Davidson,Nashville,3/26/2015 5:45:00 PM,2,0,0,36.045930,-86.657880,COLLINS PARK DR,,,,0.00,,,STATE HWY 254,,,,0.00,Y,Four-Way, ,Intersection-Related,None,,,         ,Dale,Dameron,Rain,Front to Rear,no,no,no,no,no,False
100798049,METROPOLITAN NASHVILLE POLICE DEPT,20150287112,Davidson,Nashville,3/26/2015 3:57:00 PM,2,0,0,36.169320,-86.772390,S 1ST ST,,,,109.00,Feet,North,MAIN ST,,,,0.00,N,Not at Intersection, ,Non-Junction,None,,,         ,Ethan,Luffman,Rain,Angle,no,no,no,no,no,False
100798050,METROPOLITAN NASHVILLE POLICE DEPT,20150287329,Davidson,Nashville,3/26/2015 5:00:00 PM,2,1,0,36.168550,-86.788320,US HWY 41 ALT,,,,0.00,,,HARRISON ST,,,,0.00,Y,Four-Way,Y,Intersection,None,,,         ,Ethan,Luffman,Rain,Front to Rear,no,no,no,no,no,False
100798051,METROPOLITAN NASHVILLE POLICE DEPT,20150287345,Davidson,Nashville,3/26/2015 5:04:00 PM,2,0,0,36.176980,-86.774470,SPRING ST,,,,0.00,,,N 1ST ST,,,,0.00,Y,Four-Way,Y,Intersection,None,,,         ,Ethan,Luffman,Rain,Front to Rear,no,no,no,no,no,False
100798052,METROPOLITAN NASHVILLE POLICE DEPT,20150287413,Davidson,Nashville,3/26/2015 5:31:00 PM,2,0,0,36.176890,-86.774620,SPRING ST,,,,0.00,,,N 1ST ST,,,,0.00,Y,Four-Way,Y,Intersection,None,,,         ,Ethan,Luffman,Rain,Front to Rear,no,no,no,no,no,False
100798054,METROPOLITAN NASHVILLE POLICE DEPT,20150287737,Davidson,Nashville,3/26/2015 7:20:00 PM,2,0,0,36.160820,-86.781770,7TH AVE N,,,,0.00,,,COMMERCE ST,,,,0.00,Y,Four-Way, ,,None,,,         ,Tyler,Hutton,,,no,no,no,no,no,False
100798060,METROPOLITAN NASHVILLE POLICE DEPT,20150287677,Davidson,Nashville,3/26/2015 7:22:00 PM,2,0,0,36.045680,-86.658580,-- UNKNOWN RAMP/ROAD --,,,,0.00,Feet,East,I 24,,,,0.00,N,Not at Intersection,N,Entrance/Exit Ramp Related,None,,,         ,Jessie,Meadows,Rain,Angle,no,no,no,no,no,False
100798064,METROPOLITAN NASHVILLE POLICE DEPT,20150287052,Davidson,Nashville,3/26/2015 3:30:00 PM,2,0,0,36.185060,-86.775170,I 24,,,,0.00,,,,,,,47.25,N,Not at Intersection,N,Non-Junction,None,,,         ,Nathan,Dungan,Rain,"Sideswipe, Same Direction",no,no,no,no,yes,False
100798082,METROPOLITAN NASHVILLE POLICE DEPT,20150287756,Davidson,Nashville,3/26/2015 7:13:00 PM,2,0,0,36.136140,-86.789710,WEDGEWOOD AVE,,,,300.00,Feet,West,12TH AVE S,,,,0.00,N,Not at Intersection, ,Non-Junction,None,,,         ,Nicholas,Smith,Rain,Front to Rear,no,no,no,no,no,False
100798083,METROPOLITAN NASHVILLE POLICE DEPT,20150287788,Davidson,Nashville,3/26/2015 7:49:00 PM,2,0,0,36.154770,-86.779420,US HWY 41,,,,0.00,,,US HWY 31,,,,0.00,Y,Roundabout, ,Non-Junction,None,,,         ,Aaron,Thomas,Rain,"Sideswipe, Same Direction",no,no,no,no,no,False
100798086,METROPOLITAN NASHVILLE POLICE DEPT,2015-0287363,Davidson,Nashville,3/26/2015 5:07:00 PM,2,0,0,36.177890,-86.741770,FORREST AVE,,,,0.00,,,N 16TH ST,,,,0.00,Y,Four-Way, ,Intersection,None,,,         ,Rachael,Sacco,Rain,Angle,no,no,no,no,no,False
100798092,METROPOLITAN NASHVILLE POLICE DEPT,20150287990,Davidson,Nashville,3/26/2015 8:51:00 PM,1,0,0,36.166450,-86.807700,ALBION ST,,,,0.00,,,,,,,0.00,,, ,Non-Junction,None,,,         ,William,Waters,Rain,Not Collision with Motor Vehicle in Transport,no,no,no,yes,no,False
100798098,METROPOLITAN NASHVILLE POLICE DEPT,2015-0287609,Davidson,Nashville,3/26/2015 6:42:00 PM,2,0,0,36.177560,-86.749930,WOODLAND ST,,,,0.00,,,N 11TH ST,,,,0.00,Y,Five Point Or More, ,Intersection-Related,None,,,         ,Rachael,Sacco,Rain,Angle,no,no,no,no,no,False
100798112,METROPOLITAN NASHVILLE POLICE DEPT,20150288060,Davidson,Nashville,3/26/2015 9:10:00 PM,1,1,0,36.172840,-86.605670,RAMP,,,,0.00,,,-- UNKNOWN RAMP/ROAD --,,,,0.00,Y,OTHER,N,Entrance/Exit Ramp Related,None,,,         ,John,Kelley,Rain,Not Collision with Motor Vehicle in Transport,no,no,no,no,no,False
100798120,METROPOLITAN NASHVILLE POLICE DEPT,20150288206,Davidson,Nashville,3/26/2015 9:30:00 PM,2,0,0,36.171270,-86.679550,MCGAVOCK PIKE,,,,108.00,Feet,South,PARK DR,,,,0.00,N,Not at Intersection, ,"Driveway, Alley Access, etc",None,,,         ,Jared,Ester,Rain,Angle,no,no,no,no,no,False
100798135,METROPOLITAN NASHVILLE POLICE DEPT,20150287403,Davidson,Nashville,3/26/2015 4:40:00 PM,2,0,0,36.192920,-86.830030,US HWY 41 ALT,,,,215.00,Feet,East,RAMP,,,,0.00,N,Not at Intersection, ,Non-Junction,None,,,         ,Kenneth,Oneal,Rain,Angle,no,no,no,no,no,False
100798136,METROPOLITAN NASHVILLE POLICE DEPT,20150287451,Davidson,Nashville,3/26/2015 3:55:00 PM,2,0,0,36.198340,-86.808840,CONNECTING ROAD,,,,0.00,,,GREAT CIRCLE RD,,,,0.00,Y,T-Intersection, ,Intersection-Related,None,,,         ,Michael,Brooks,Rain,"Sideswipe, Same Direction",no,no,no,no,no,False
100798137,METROPOLITAN NASHVILLE POLICE DEPT,20150287441,Davidson,Nashville,3/26/2015 5:07:00 PM,3,0,0,36.187270,-86.798360,US HWY 41 ALT,,,,110.00,Feet,South,DOMINICAN DR,,,,0.00,N,Not at Intersection,N,Non-Junction,None,,,         ,Michael,Brooks,Rain,Front to Rear,no,no,no,no,no,False
100798138,METROPOLITAN NASHVILLE POLICE DEPT,20150288239,Davidson,Nashville,3/26/2015 10:28:00 PM,2,1,0,36.145670,-86.764660,US HWY 31 ALT,,,,29.00,Feet,South,CHESTNUT ST,,,,0.00,N,Not at Intersection,N,Non-Junction,None,,,         ,Jessie,Meadows,Clear,Angle,no,no,no,no,no,False
100798139,METROPOLITAN NASHVILLE POLICE DEPT,20150284676,Davidson,Nashville,3/26/2015 12:25:00 AM,2,0,0,36.150070,-86.795750,19TH AVE S,,,,155.00,Feet,South,DIVISION ST,,,,0.00,N,Not at Intersection,N,Non-Junction,None,,,         ,Steven,Hewitt,Clear,Front to Rear,no,no,no,no,yes,False
100798142,METROPOLITAN NASHVILLE POLICE DEPT,20150288291,Davidson,Nashville,3/26/2015 10:00:00 PM,1,0,0,0.000000,0.000000,DELLROSE,DR,,,100.00,Feet,East,COTTAGE,LN,,,0.00,N,Not at Intersection,N,Non-Junction,None,,,         ,Justin,Chisholm,Rain,Not Collision with Motor Vehicle in Transport,no,no,no,no,yes,False
100798144,METROPOLITAN NASHVILLE POLICE DEPT,20150288286,Davidson,Nashville,3/26/2015 10:14:00 PM,2,0,0,36.167850,-86.692420,US HWY 70,,,,0.00,,,COTTAGE LN,,,,0.00,Y,T-Intersection,Y,Intersection,None,,,         ,Evan,Hibschman,Clear,Front to Rear,no,no,no,no,no,False
100798179,METROPOLITAN NASHVILLE POLICE DEPT,20150288725,Davidson,Nashville,3/27/2015 1:15:00 AM,2,0,0,36.211880,-86.789610,OLD MATTHEWS RD,,,,50.00,Feet,North,TRINITY HILLS PKWY,,,,0.00,N,Not at Intersection,N,Non-Junction,None,,,         ,Matthew,Lachance,Clear,Other,no,no,no,no,yes,False
100798182,METROPOLITAN NASHVILLE POLICE DEPT,2015-0288732,Davidson,Nashville,3/27/2015 2:10:00 AM,2,1,0,36.173400,-86.790810,JEFFERSON ST,,,,225.00,Feet,West,7TH AVE N,,,,0.00,N,Not at Intersection,N,Non-Junction,None,,,         ,Jared,Zwilling,Clear,HeadOn,no,no,no,no,no,False
100798185,METROPOLITAN NASHVILLE POLICE DEPT,20150286743,Davidson,Nashville,3/26/2015 1:58:00 PM,2,2,0,36.121520,-86.750490,US HWY 31 ALT,,,,53.00,Feet,North,-- UNKNOWN RAMP/ROAD --,,,,0.00,N,Not at Intersection,N,Non-Junction,None,,,         ,Nathan,Kemp,Clear,HeadOn,no,no,no,no,no,False
100798210,METROPOLITAN NASHVILLE POLICE DEPT,2015-0289350,Davidson,Nashville,3/27/2015 7:50:00 AM,2,0,0,36.058430,-86.921340,STATE HWY 100,,,,329.00,Feet,West,WILLOUGHBY WAY,,,,0.00,N,Not at Intersection, ,,None,,,         ,Curtis,Rich,,,no,no,no,no,no,False
100798216,METROPOLITAN NASHVILLE POLICE DEPT,2015-0289343,Davidson,Nashville,3/27/2015 1:00:00 AM,2,0,0,36.210900,-86.712930,JANIE AVE,,,,170.00,Feet,North,MCGAVOCK PIKE,,,,0.00,N,Not at Intersection, ,"Driveway, Alley Access, etc",None,,,         ,Coleman,Womack,Rain,Rear to Side,no,no,no,no,no,False
100798217,METROPOLITAN NASHVILLE POLICE DEPT,20150289313,Davidson,Nashville,3/27/2015 7:22:00 AM,2,0,0,36.083120,-86.698030,EXIT 56,,,,0.00,Feet,East,I 24,,,,0.00,N,Not at Intersection,Y,Entrance/Exit Ramp Related,None,,,         ,Erik,Dabbs,Clear,"Sideswipe, Same Direction",no,no,no,no,no,False
100798220,METROPOLITAN NASHVILLE POLICE DEPT,20150289371,Davidson,Nashville,3/27/2015 7:48:00 AM,2,0,0,36.164250,-86.819890,28TH AVE N,,,,0.00,Feet,,ALBION ST,,,,0.00,Y,T-Intersection, ,Intersection,None,,,         ,Ky,Luu,Clear,Front to Rear,no,no,no,no,no,False
100798221,METROPOLITAN NASHVILLE POLICE DEPT,20150289408,Davidson,Nashville,3/27/2015 8:00:00 AM,2,0,0,36.251860,-86.717700,US HWY 31E,,,,0.00,,,W WEBSTER ST,,,,0.00,Y,Four-Way,N,Intersection,None,,,         ,Brian,Otto,Clear,"Sideswipe, Same Direction",no,no,no,no,yes,False