master_record_number,agency,agency_tracking_number,county,city,collision_date,vehicles_involved,number_injured,number_dead,latitude,longitude,roadway_name,roadway_suffix,roadway_number,roadway_local_id,distance_from_reference,miles-feet_indicator,direction_from_reference,intersection_road_name,intersection_road_name_suffix,intersection_road_number,intersection_local_id,mile_marker,intersection_indicator,intersect_type,interchange_related_indicator,relation_to_junction,work_zone_type,construction_maintenance_zone,construction_maintenance_zone_location,fatal_case_number,officer_first_name,officer_last_name,weather_condition(s),manner_of_crash,pedestrian,bicycle,scooter,parking,hitrun,mou
100798222,METROPOLITAN NASHVILLE POLICE DEPT,2015-0289395,Davidson,Nashville,3/27/2015 7:19:00 AM,2,0,0,36.149230,-86.746790,I 40,,,,0.00,,,,,,,211.80,N,Not at Intersection,N,Non-Junction,None,,,         ,Eric,Uruski,Clear,"Sideswipe, Same Direction",no,no,no,no,yes,False
100798226,METROPOLITAN NASHVILLE POLICE DEPT,20150289352,Davidson,Nashville,3/27/2015 7:15:00 AM,2,1,0,36.222090,-86.808370,REVELS DR,,,,0.00,,,LANE DR,,,,0.00,Y,T-Intersection,N,Intersection,None,,,         ,Clint,Gilleland,Clear,HeadOn,no,no,no,no,no,False
100798232,METROPOLITAN NASHVILLE POLICE DEPT,2015-0289480,Davidson,Nashville,3/27/2015 7:50:00 AM,2,0,0,36.117410,-86.836320,ESTES RD,,,,334.00,Feet,North,STATE HWY 155,,,,0.00,N,Not at Intersection, ,Non-Junction,None,,,         ,Curtis,Rich,Clear,"Sideswipe, Same Direction",no,no,no,no,yes,False
100798233,METROPOLITAN NASHVILLE POLICE DEPT,20150285935,Davidson,Nashville,3/26/2015 9:51:00 AM,2,0,0,36.118990,-86.726120,EXIT 53,,,,0.00,,,I 24,,,,0.00,Y,OTHER, ,Non-Junction,None,,,         ,David,Simmonds,Cloudy,Front to Rear,no,no,no,no,no,False
100798234,METROPOLITAN NASHVILLE POLICE DEPT,20150289311,Davidson,Not in City Limit,3/27/2015 6:25:00 AM,2,0,0,36.021540,-86.707640,HEATON WAY,,,,87.00,Feet,North,TOTE LN,,,,0.00,N,Not at Intersection, ,Non-Junction,None,,,         ,David,Simmonds,Clear,Front to Rear,no,no,no,no,no,False
100798237,METROPOLITAN NASHVILLE POLICE DEPT,20150289310,Davidson,Goodlettsville,3/27/2015 7:20:00 AM,2,0,0,36.303360,-86.692330,CONFERENCE DR,,,,269.00,Feet,North,US HWY 31E,,,,0.00,N,Not at Intersection, ,Non-Junction,None,,,         ,William,Cleek,Clear,Front to Rear,no,no,no,no,no,False
100798238,METROPOLITAN NASHVILLE POLICE DEPT,2015-0286703,Davidson,Nashville,3/26/2015 1:25:00 PM,2,0,0,36.149230,-86.807460,24TH AVE N,,,,241.00,Feet,North,ELLISTON PL,,,,0.00,N,Not at Intersection,N,Non-Junction,None,,,         ,David,Anderson,Cloudy,"Sideswipe, Same Direction",no,no,no,no,no,Campus
100798246,GOODLETTSVILLE POLICE DEPT,15-11869,Davidson,Goodlettsville,3/27/2015 8:25:00 AM,1,3,0,36.306920,-86.697490,STATE HWY 386,,,,678.00,Feet,East,CONFERENCE DR,,,,0.00,N,Not at Intersection,Y,Non-Junction,None,,,         ,Benny,Alexander,Clear,Not Collision with Motor Vehicle in Transport,no,no,no,no,no,False
100798248,METROPOLITAN NASHVILLE POLICE DEPT,2015-0289584,Davidson,Nashville,3/27/2015 9:00:00 AM,2,0,0,36.115300,-86.810670,US HWY 431,,,,265.00,Feet,South,HAMPTON AVE,,,,0.00,N,Not at Intersection, ,,None,,,         ,Curtis,Rich,,,no,no,no,no,no,False
100798256,METROPOLITAN NASHVILLE POLICE DEPT,20150289412,Davidson,Nashville,3/27/2015 8:08:00 AM,2,2,0,36.185500,-86.627220,STATE HWY 265,,,,0.00,,,STONERS BEND DR,,,,0.00,Y,T-Intersection,N,Intersection,None,,,         ,William,Mckay,Clear,Angle,no,no,no,no,no,False
100798259,METROPOLITAN NASHVILLE POLICE DEPT,20150289306,Davidson,Nashville,3/27/2015 7:15:00 AM,2,2,0,36.165500,-86.800230,16TH AVE N,,,,0.00,,,HERMAN ST,,,,0.00,Y,Four-Way,N,Intersection,None,,,         ,Joseph,Cadden,Clear,Angle,no,no,no,no,no,False
100798263,METROPOLITAN NASHVILLE POLICE DEPT,20150289483,Davidson,Nashville,3/27/2015 8:35:00 AM,2,1,0,36.225660,-86.597750,LEXINGTON WAY,,,,0.00,,,SAUNDERSVILLE RD,,,,0.00,Y,Four-Way,N,Intersection,None,,,         ,Wesley,Young,Clear,HeadOn,no,no,no,no,no,False
100798277,METROPOLITAN NASHVILLE POLICE DEPT,20150289436,Davidson,Nashville,3/27/2015 8:12:00 AM,2,0,0,36.124420,-86.833320,WILSON BLVD S,,,,0.00,,,WOODLAWN DR,,,,0.00,Y,Four-Way,N,Intersection,None,,,         ,Corteze,Armstrong,Clear,Angle,no,no,no,no,no,False
100798291,METROPOLITAN NASHVILLE POLICE DEPT,2015-0289664,Davidson,Not in City Limit,3/27/2015 9:35:00 AM,2,0,0,36.131270,-86.927310,GOWER RD,,,,0.00,,,STATE HWY 251,,,,0.00,Y,Four-Way,N,Non-Junction,None,,,         ,Benjamin,Cantrell,Clear,Angle,no,no,no,no,no,False
100798292,METROPOLITAN NASHVILLE POLICE DEPT,20150289504,Davidson,Nashville,3/27/2015 12:00:00 AM,1,1,0,36.170370,-86.677520,US HWY 70,,,,502.00,Feet,West,PARK DR,,,,0.00,N,Not at Intersection,N,OtherLocation,None,,,         ,James,Curtis,Unknown,Not Collision with Motor Vehicle in Transport,no,no,no,yes,no,False
100798304,METROPOLITAN NASHVILLE POLICE DEPT,20150289753,Davidson,Nashville,3/27/2015 9:53:00 AM,2,0,0,36.150500,-86.770340,US HWY 31 ALT,,,,0.00,,,RAMP,,,,0.00,Y,Four-Way,N,Intersection,None,,,         ,Nathan,Kemp,Clear,Angle,no,no,no,no,no,False
100798311,METROPOLITAN NASHVILLE POLICE DEPT,20150289677,Davidson,Nashville,3/27/2015 9:49:00 AM,1,0,0,0.000000,0.000000,BRILEY PARKWAY SOUTH,,,,0.10,Miles,North,ELM HILL PIKE,,,,0.00,N,Not at Intersection,N,Non-Junction,None,,,         ,Caleb,Jernigan,Clear,Not Collision with Motor Vehicle in Transport,no,no,no,no,no,False
100798321,METROPOLITAN NASHVILLE POLICE DEPT,20150289512,Davidson,Nashville,3/27/2015 8:07:00 AM,2,0,0,36.238620,-86.830720,US HWY 41 ALT,,,,215.00,Feet,North,STEVENS LN,,,,0.00,N,Not at Intersection, ,Non-Junction,None,,,         ,Michael,McCord,Clear,Front to Rear,no,no,no,no,no,False
100798334,METROPOLITAN NASHVILLE POLICE DEPT,2015-0287427,Davidson,Nashville,3/26/2015 5:11:00 PM,2,0,0,36.075090,-86.919000,US HWY 70S,,,,608.00,Feet,East,STATE HWY 251,,,,0.00,N,Not at Intersection, ,"Driveway, Alley Access, etc",None,,,         ,Walter,Gray II,Cloudy,Angle,no,no,no,no,no,False
100798349,METROPOLITAN NASHVILLE POLICE DEPT,2015-289844,Davidson,Nashville,3/27/2015 10:41:00 AM,2,0,0,36.119580,-86.993840,OLD CHARLOTTE PIKE,,,,2506.00,Feet,East,COUNTY HWY 1937,,,,0.00,N,Not at Intersection, ,Non-Junction,None,,,         ,Walter,Gray II,Clear,Not Collision with Motor Vehicle in Transport,no,no,no,no,yes,False
100798356,METROPOLITAN NASHVILLE POLICE DEPT,2015-0290089,Davidson,Nashville,3/27/2015 12:25:00 PM,2,0,0,36.149120,-86.857890,STATE HWY 155,,,,250.00,Feet,South,LENOX AVE,,,,0.00,N,Not at Intersection, ,Non-Junction,None,,,         ,Curtis,Rich,Cloudy,Angle,no,no,no,no,no,False
100798360,METROPOLITAN NASHVILLE POLICE DEPT,2015-0289878,Davidson,Nashville,3/27/2015 10:39:00 AM,2,0,0,36.203040,-86.745900,BURCHWOOD AVE,,,,115.00,Feet,East,GEAR ST,,,,0.00,N,Not at Intersection, ,Non-Junction,None,,,         ,Coleman,Womack,Cloudy,"Sideswipe, Same Direction",no,no,no,no,no,False
100798363,METROPOLITAN NASHVILLE POLICE DEPT,20150289622,Davidson,Nashville,3/27/2015 9:28:00 AM,2,1,0,36.045270,-86.659180,STATE HWY 254,,,,203.00,Feet,East,-- UNKNOWN RAMP/ROAD --,,,,0.00,N,Not at Intersection,Y,Entrance/Exit Ramp Related,None,,,         ,Erik,Dabbs,Clear,"Sideswipe, Same Direction",no,no,no,no,no,False
100798364,BELLE MEADE POLICE DEPT,2015#0079,Davidson,Belle Meade,3/27/2015 11:01:00 AM,1,1,0,36.083250,-86.866940,PAGE RD,,,,0.00,,,BELLE MEADE BLVD,,,,0.00,Y,T-Intersection,N,Non-Junction,None,,,         ,Dennis,Goins,Cloudy,Not Collision with Motor Vehicle in Transport,no,no,no,no,no,False
100798367,METROPOLITAN NASHVILLE POLICE DEPT,20150289957,Davidson,Nashville,3/27/2015 11:30:00 AM,2,0,0,36.121390,-86.630630,BELL RD,,,,483.00,Feet,South,WOODLAND POINT DR,,,,0.00,N,Not at Intersection, ,,,,,         ,Terry,Denton,,,no,no,no,no,no,False
100798373,METROPOLITAN NASHVILLE POLICE DEPT,2015-0289986,Davidson,Nashville,3/27/2015 11:00:00 AM,1,0,0,36.203680,-86.723040,RIVERSIDE DR,,,,180.00,Feet,North,EVELYN AVE,,,,0.00,N,Not at Intersection,N,Non-Junction,None,,,         ,Coleman,Womack,Cloudy,Not Collision with Motor Vehicle in Transport,no,no,no,no,no,False
100798379,METROPOLITAN NASHVILLE POLICE DEPT,20150290149,Davidson,Nashville,3/27/2015 12:25:00 PM,2,0,0,36.110320,-86.766840,POWELL AVE,,,,94.00,Feet,South,BRANSFORD AVE,,,,0.00,N,Not at Intersection,N,Non-Junction,None,,,         ,Jason,Picanzo,Cloudy,Angle,no,no,no,no,no,False
100798380,METROPOLITAN NASHVILLE POLICE DEPT,20150288066,Davidson,Nashville,3/26/2015 8:48:00 PM,2,1,0,36.101320,-86.802110,SHACKLEFORD RD,,,,0.00,,,BELMONT BLVD,,,,0.00,Y,T-Intersection,N,Intersection,None,,,         ,Miguel,Garcia,Rain,Angle,no,no,no,no,no,False
100798381,METROPOLITAN NASHVILLE POLICE DEPT,20150287462,Davidson,Nashville,3/26/2015 5:25:00 PM,2,0,0,36.032620,-86.769390,CHURCH ST E,,,,200.00,Feet,West,CLOVERLAND DR,,,,0.00,N,Not at Intersection, ,Non-Junction,None,,,         ,Miguel,Garcia,Rain,Front to Rear,no,no,no,no,no,False
100798382,METROPOLITAN NASHVILLE POLICE DEPT,20150287210,Davidson,Nashville,3/26/2015 4:05:00 PM,2,0,0,36.074430,-86.745950,BLACKMAN RD,,,,0.00,,,DANBY DR,,,,0.00,Y,Four-Way,N,Intersection,None,,,         ,Miguel,Garcia,Rain,Angle,no,no,no,no,no,False
100798392,METROPOLITAN NASHVILLE POLICE DEPT,20150290123,Davidson,Goodlettsville,3/27/2015 12:05:00 PM,2,0,0,36.297150,-86.699240,RIVERGATE PKWY,,,,77.00,Feet,North,MYATT DR,,,,0.00,N,Not at Intersection,Y,Non-Junction,None,,,         ,Charles,Holmes,Clear,Front to Rear,no,no,no,no,yes,False
100798394,METROPOLITAN NASHVILLE POLICE DEPT,20150290120,Davidson,Nashville,3/27/2015 12:15:00 PM,1,0,0,36.032420,-86.679740,DEER VALLEY TRL,,,,102.00,Feet,South,OAK CHASE DR,,,,0.00,N,Not at Intersection,N,Non-Junction,None,,,         ,David,Simmonds,Clear,Not Collision with Motor Vehicle in Transport,no,no,no,no,no,False
100798397,METROPOLITAN NASHVILLE POLICE DEPT,20150289401,Davidson,Nashville,3/27/2015 8:05:00 AM,2,1,0,36.136000,-86.725030,SPENCE LN,,,,0.00,,,US HWY 41,,,,0.00,Y,Four-Way,N,Intersection-Related,None,,,         ,James,Curtis,Clear,Front to Rear,no,no,no,no,no,False
100798407,METROPOLITAN NASHVILLE POLICE DEPT,2015-0290056,Davidson,Nashville,3/27/2015 10:55:00 AM,2,1,0,36.195120,-86.775560,I 65,,,,0.00,,,,,,,86.55,N,Not at Intersection,Y,Entrance/Exit Ramp Related,None,,,         ,Coleman,Womack,Cloudy,Front to Rear,no,no,no,no,no,False
100798409,METROPOLITAN NASHVILLE POLICE DEPT,20150290243,Davidson,Nashville,3/27/2015 1:15:00 PM,2,0,0,36.158290,-86.778860,6TH AVE S,,,,184.00,Feet,North,DEMONBREUN ST,,,,0.00,N,Not at Intersection, ,"Driveway, Alley Access, etc",None,,,         ,Catherine,Poole,Cloudy,"Sideswipe, Same Direction",no,no,no,no,no,False
100798424,METROPOLITAN NASHVILLE POLICE DEPT,20150290246,Davidson,Nashville,3/27/2015 1:16:00 PM,2,0,0,36.084800,-86.728130,US HWY 31 ALT,,,,0.00,,,PARAGON MILLS RD,,,,0.00,Y,Four-Way,N,Intersection,None,,,         ,George,Krukowski,Cloudy,Angle,no,no,no,no,no,False
100798433,METROPOLITAN NASHVILLE POLICE DEPT,20150289324,Davidson,Nashville,3/27/2015 7:30:00 AM,3,1,0,36.058060,-86.773440,I 65,,,,0.00,,,,,,,75.10,N,Not at Intersection,N,Non-Junction,None,,,         ,Joshua,Dickall,Clear,Front to Rear,no,no,no,no,no,False
100798438,METROPOLITAN NASHVILLE POLICE DEPT,2015-0290341,Davidson,Nashville,3/27/2015 1:50:00 PM,1,1,0,36.229970,-86.754640,BROADMOOR DR,,,,482.00,Feet,East,HILLSIDE RD,,,,0.00,N,Not at Intersection,N,Non-Junction,None,,,         ,Coleman,Womack,Cloudy,Not Collision with Motor Vehicle in Transport,no,no,no,no,no,False
100798440,METROPOLITAN NASHVILLE POLICE DEPT,20150289210,Davidson,Nashville,3/27/2015 5:55:00 AM,2,0,0,36.173270,-86.583580,STATE HWY 265,,,,414.00,Feet,East,S NEW HOPE RD,,,,0.00,N,Not at Intersection,N,Non-Junction,None,,,         ,Michael,Baker,Clear,Front to Rear,no,no,no,no,no,False
100798450,METROPOLITAN NASHVILLE POLICE DEPT,20150290540,Davidson,Nashville,3/27/2015 2:46:00 PM,2,0,0,36.176900,-86.776130,COWAN ST,,,,0.00,,,SPRING ST,,,,0.00,Y,Four-Way, ,Intersection,None,,,         ,Blaze,Williams,Clear,Angle,no,no,no,no,yes,False
100798455,METROPOLITAN NASHVILLE POLICE DEPT,20150290502,Davidson,Antioch,3/27/2015 2:17:00 PM,1,0,0,36.035110,-86.604450,OLD HICKORY BLVD,,,,1580.00,Feet,South,US HWY 41,,,,0.00,N,Not at Intersection,N,Non-Junction,None,,,         ,Jason,Door,Clear,Not Collision with Motor Vehicle in Transport,no,no,no,no,yes,False
100798458,METROPOLITAN NASHVILLE POLICE DEPT,2015-0287855,Davidson,Nashville,3/26/2015 8:15:00 PM,2,1,0,36.215100,-86.595620,US HWY 70,,,,600.00,Feet,East,ANDREW JACKSON PKWY,,,,0.00,N,Not at Intersection,Y,Non-Junction,None,,,         ,Tyler,Conrads,Clear,Angle,no,no,no,no,no,False
100798517,METROPOLITAN NASHVILLE POLICE DEPT,20150290731,Davidson,Nashville,3/27/2015 12:00:00 AM,3,4,0,36.143560,-86.822420,I 440,,,,0.00,,,,,,,1.00,N,Not at Intersection,N,Non-Junction,None,,,         ,Michael,Collazo,Clear,Rear to Rear,no,no,no,no,no,False
100798519,METROPOLITAN NASHVILLE POLICE DEPT,2015-0290654,Davidson,Nashville,3/27/2015 3:59:00 PM,2,0,0,36.213410,-86.763100,DELLWAY VILLA RD,,,,420.00,Feet,East,US HWY 31W,,,,0.00,N,Not at Intersection, ,,None,,,         ,Anthony,Cavis,,,no,no,no,yes,no,False
100798520,METROPOLITAN NASHVILLE POLICE DEPT,20150290541,Davidson,Nashville,3/27/2015 3:20:00 PM,2,0,0,36.126710,-86.710990,US HWY 41,,,,0.00,,,THOMPSON PL,,,,0.00,Y,Four-Way,N,Intersection-Related,None,,,         ,Timothy,Mead,Rain,Front to Rear,no,no,no,no,yes,False
100798523,METROPOLITAN NASHVILLE POLICE DEPT,20150290604,Davidson,Nashville,3/27/2015 12:00:00 AM,2,0,0,36.213820,-86.725180,STRATFORD AVE,,,,125.00,Feet,West,OXFORD ST,,,,0.00,N,Not at Intersection, ,,,,,         ,Cressie,Prill,,,no,no,no,no,no,False
100798530,METROPOLITAN NASHVILLE POLICE DEPT,20150290976,Davidson,Nashville,3/27/2015 5:38:00 PM,2,0,0,36.258250,-86.738240,I 65,,,,0.00,,,,,,,91.80,N,Not at Intersection,N,Non-Junction,None,,,         ,Ryan,Stanford,Cloudy,Front to Rear,no,no,no,no,yes,False
100798531,METROPOLITAN NASHVILLE POLICE DEPT,2015-0290791,Davidson,Nashville,3/27/2015 4:43:00 PM,2,0,0,36.152400,-86.835930,US HWY 70,,,,324.00,Feet,West,40TH AVE N,,,,0.00,N,Not at Intersection, ,Non-Junction,None,,,         ,Walter,Gray II,Rain,Front to Rear,no,no,no,no,no,False
100798533,METROPOLITAN NASHVILLE POLICE DEPT,20150287882,Davidson,Nashville,3/26/2015 8:17:00 PM,4,3,0,36.157650,-86.790750,I 40,,,,0.00,,,,,,,209.00,N,Not at Intersection,Y,Entrance/Exit Ramp Related,None,,,         ,Maria,Cortez,Rain,Front to Rear,no,no,no,no,no,False
100798536,METROPOLITAN NASHVILLE POLICE DEPT,20150290760,Davidson,Nashville,3/27/2015 4:37:00 PM,2,0,0,36.140750,-86.793630,HORTON AVE,,,,0.00,,,16TH AVE S,,,,0.00,Y,Four-Way,N,Intersection,None,,,         ,Nicholas,Smith,Cloudy,Angle,no,no,no,no,no,False
100798537,METROPOLITAN NASHVILLE POLICE DEPT,2015-0290706,Davidson,Nashville,3/27/2015 4:15:00 PM,2,1,0,36.141220,-86.731580,I 24,,,,0.00,,,,,,,51.65,N,Not at Intersection,N,OtherLocation,None,,,         ,James,Patterson,Cloudy,Front to Rear,no,no,no,no,no,False
100798540,METROPOLITAN NASHVILLE POLICE DEPT,2015-0290768,Davidson,Nashville,3/27/2015 4:25:00 PM,2,0,0,36.128700,-86.906370,US HWY 70,,,,20.00,Feet,East,RIVER RD,,,,0.00,N,Not at Intersection, ,Non-Junction,None,,,         ,Michael,Rogers,Cloudy,Front to Rear,no,no,no,no,no,False
100798547,METROPOLITAN NASHVILLE POLICE DEPT,20150290980,Davidson,Antioch,3/27/2015 5:49:00 PM,2,0,0,36.014980,-86.620300,STATE HWY 171,,,,66.00,Feet,South,-- UNKNOWN RAMP/ROAD --,,,,0.00,N,Not at Intersection, ,Non-Junction,None,,,         ,William,Durham,Cloudy,Front to Rear,no,no,no,no,no,False
100798548,METROPOLITAN NASHVILLE POLICE DEPT,20150290906,Davidson,Nashville,3/27/2015 5:29:00 PM,2,0,0,36.156640,-86.768680,US HWY 70,,,,0.00,,,LEA AVE,,,,0.00,Y,Four-Way, ,,None,,,         ,Aaron,Thomas,,,no,no,no,no,no,False
100798550,METROPOLITAN NASHVILLE POLICE DEPT,20150290473,Davidson,Nashville,3/27/2015 3:03:00 PM,2,0,0,36.142160,-86.762380,US HWY 31 ALT,,,,22.00,Feet,South,HART ST,,,,0.00,N,Not at Intersection, ,Non-Junction,None,,,         ,Jessie,Meadows,Rain,Angle,no,no,no,no,no,False
100798551,METROPOLITAN NASHVILLE POLICE DEPT,20150290543,Davidson,Nashville,3/27/2015 3:38:00 PM,2,2,0,36.125860,-86.752540,GLENROSE AVE,,,,13.00,Feet,East,US HWY 31 ALT,,,,0.00,N,Not at Intersection,N,Non-Junction,None,,,         ,Jessie,Meadows,Rain,Angle,no,no,no,no,no,False
100798552,METROPOLITAN NASHVILLE POLICE DEPT,20150290784,Davidson,Antioch,3/27/2015 5:06:00 PM,1,1,0,36.027010,-86.615280,STATE HWY 171,,,,1421.00,Feet,South,LOGISTICS WAY,,,,0.00,N,Not at Intersection,N,Non-Junction,None,,,         ,Jessie,Meadows,Rain,Not Collision with Motor Vehicle in Transport,no,no,no,no,no,False
100798553,METROPOLITAN NASHVILLE POLICE DEPT,20150290894,Davidson,Antioch,3/27/2015 5:59:00 PM,2,0,0,36.070250,-86.592910,MOUNT VIEW RD,,,,35.00,Feet,West,HUNTINGBORO TRL,,,,0.00,N,Not at Intersection,N,Non-Junction,None,,,         ,Jessie,Meadows,Rain,Angle,no,no,no,no,no,False
100798556,METROPOLITAN NASHVILLE POLICE DEPT,20150290971,Davidson,Nashville,3/27/2015 4:20:00 PM,2,0,0,36.098900,-86.871850,HEADY DR,,,,0.00,,,STATE HWY 100,,,,0.00,Y,Four-Way,N,Intersection,None,,,         ,Alex,Lampley,Cloudy,Angle,no,no,no,no,no,False
100798562,METROPOLITAN NASHVILLE POLICE DEPT,20150291170,Davidson,Nashville,3/27/2015 5:00:00 PM,2,0,0,36.144980,-86.813520,29TH AVE N,,,,200.00,Feet,North,US HWY 70S,,,,0.00,N,Not at Intersection, ,Non-Junction,None,,,         ,Charles,Griffin,Clear,Angle,no,no,no,no,no,Campus
100798564,METROPOLITAN NASHVILLE POLICE DEPT,20150290642,Davidson,Nashville,3/27/2015 3:30:00 PM,2,1,0,36.159250,-86.791920,I 40,,,,0.00,,,,,,,208.85,N,Not at Intersection,N,Non-Junction,None,,,         ,Benjamin,Smith,Cloudy,"Sideswipe, Same Direction",no,no,no,no,no,False
100798569,METROPOLITAN NASHVILLE POLICE DEPT,20150291008,Davidson,Nashville,3/27/2015 6:05:00 PM,2,0,0,36.242250,-86.749640,I 65,,,,0.00,,,,,,,90.50,N,Not at Intersection, ,Non-Junction,None,,,         ,Luis,Lopez,Cloudy,"Sideswipe, Same Direction",no,no,no,no,no,False
100798574,METROPOLITAN NASHVILLE POLICE DEPT,20150290975,Davidson,Nashville,3/27/2015 3:40:00 PM,1,0,0,36.060220,-86.672780,ANTIOCH PIKE,,,,218.00,Feet,West,BLUE HOLE RD,,,,0.00,N,Not at Intersection,N,Non-Junction,None,,,         ,Natalie,Robinson,Clear,Not Collision with Motor Vehicle in Transport,no,no,no,no,no,False
100798579,METROPOLITAN NASHVILLE POLICE DEPT,20150290652,Davidson,Nashville,3/27/2015 3:01:00 PM,2,0,0,36.119660,-86.726330,EXIT 53,,,,0.00,Feet,East,I 24,,,,0.00,N,Not at Intersection,N,Non-Junction,None,,,         ,Matthew,Johnson,Rain,Front to Rear,no,no,no,no,no,False
100798586,METROPOLITAN NASHVILLE POLICE DEPT,2015-0290575,Davidson,Nashville,3/27/2015 3:24:00 PM,2,0,0,36.157030,-86.774570,4TH AVE S,,,,0.00,,,GATEWAY BLVD,,,,0.00,Y,Four-Way, ,Intersection-Related,None,,,         ,Michael,Schlegel,Rain,Angle,no,no,no,no,no,False
100798587,METROPOLITAN NASHVILLE POLICE DEPT,20150291171,Davidson,Nashville,3/27/2015 6:45:00 PM,3,1,0,36.150900,-86.769860,I 40,,,,0.00,,,,,,,210.45,N,Not at Intersection,N,Non-Junction,None,,,         ,John,Kelley,Cloudy,Front to Rear,no,no,no,no,yes,False
100798590,METROPOLITAN NASHVILLE POLICE DEPT,20150291253,Davidson,Nashville,3/27/2015 7:35:00 PM,2,0,0,36.065550,-86.629280,US HWY 41,,,,83.00,Feet,South,HAMILTON XIN,,,,0.00,N,Not at Intersection,N,Non-Junction,None,,,         ,Jessie,Meadows,Rain,Front to Rear,no,no,no,no,no,False
100798591,METROPOLITAN NASHVILLE POLICE DEPT,20150291087,Davidson,Nashville,3/27/2015 6:31:00 PM,1,1,0,36.240190,-86.747400,STATE HWY 155,,,,346.00,Feet,East,-- UNKNOWN RAMP/ROAD --,,,,0.00,N,Not at Intersection,N,Non-Junction,None,,,         ,Cressie,Prill,Cloudy,Not Collision with Motor Vehicle in Transport,no,no,no,no,no,False
100798592,Nashville Airport Police,2015-00607,Davidson,Nashville,3/26/2015 3:41:00 PM,2,0,0,36.117240,-86.668850,HANGAR LN,,,,0.00,,,AIRPORT SERVICE RD,,,,0.00,Y,T-Intersection, ,Non-Junction,None,,,         ,Delphia,Murphy,Rain,"Sideswipe, Same Direction",no,no,no,no,no,False
100798593,METROPOLITAN NASHVILLE POLICE DEPT,20150290745,Davidson,Madison,3/27/2015 4:14:00 PM,2,1,0,36.265450,-86.739710,STATE HWY 45,,,,0.00,,,-- UNKNOWN RAMP/ROAD --,,,,0.00,Y,T-Intersection,Y,Intersection,None,,,         ,Samuel,Miller,Cloudy,HeadOn,no,no,no,no,no,False
100798594,BERRY HILL POLICE DEPT,15-1131,Davidson,Nashville,3/26/2015 3:50:00 PM,2,0,0,36.111180,-86.755230,SIDCO DR,,,,0.00,,,STATE HWY 155,,,,0.00,Y,T-Intersection, ,Intersection,None,,,         ,John,Gleixner,Rain,"Sideswipe, Same Direction",no,no,no,no,no,False
100798595,BERRY HILL POLICE DEPT,15-1135,Davidson,Nashville,3/26/2015 5:30:00 PM,2,0,0,36.110550,-86.766990,POWELL AVE,,,,0.00,,,BRANSFORD AVE,,,,0.00,Y,Y-Intersection, ,Non-Junction,None,,,         ,John,Gleixner,Rain,Angle,no,no,no,no,no,False
100798600,METROPOLITAN NASHVILLE POLICE DEPT,20150290965,Davidson,Bellevue,3/27/2015 12:00:00 AM,2,0,0,36.072200,-86.934640,COLICE JEANNE RD,,,,549.00,Feet,West,US HWY 70S,,,,0.00,N,Not at Intersection,N,Non-Junction,None,,,         ,John,Thomas,Cloudy,Unknown,no,no,no,yes,yes,False
100798603,METROPOLITAN NASHVILLE POLICE DEPT,20150291057,Davidson,Nashville,3/27/2015 6:20:00 PM,2,0,0,36.119720,-86.787270,KIRKWOOD AVE,,,,0.00,,,10TH AVE S,,,,0.00,Y,Four-Way, ,Intersection,None,,,         ,Christopher,Davis,Rain,Front to Rear,no,no,no,no,no,False
100798604,BERRY HILL POLICE DEPT,15-1161,Davidson,Berry Hill,3/27/2015 7:30:00 PM,2,0,0,36.123210,-86.776020,US HWY 31,,,,243.00,Feet,North,BILOXI AVE,,,,0.00,N,Not at Intersection, ,Non-Junction,None,,,         ,Roy,Morris,Cloudy,Angle,no,no,no,no,no,False
100798605,METROPOLITAN NASHVILLE POLICE DEPT,20150291425,Davidson,Nashville,3/27/2015 7:51:00 PM,3,0,0,36.188340,-86.614260,STATE HWY 45,,,,150.00,Feet,South,CONNECTING ROAD,,,,0.00,N,Not at Intersection, ,Non-Junction,None,,,         ,Tyler,Conrads,Clear,Front to Rear,no,no,no,no,yes,False
100798616,METROPOLITAN NASHVILLE POLICE DEPT,20150291367,Davidson,Nashville,3/27/2015 7:51:00 PM,2,0,0,36.132250,-86.727130,I 24,,,,0.00,,,,,,,52.00,N,Not at Intersection, ,Non-Junction,None,,,         ,Adam,Earle,Clear,Front to Rear,no,no,no,no,no,False
100798624,METROPOLITAN NASHVILLE POLICE DEPT,20150290565,Davidson,Nashville,3/27/2015 3:34:00 PM,1,1,0,36.148850,-86.762470,US HWY 41,,,,0.00,,,CHARLES E DAVIS BLVD,,,,0.00,Y,Four-Way,N,Intersection,None,,,         ,Jacob,Miller,Cloudy,Not Collision with Motor Vehicle in Transport,no,yes,no,no,no,False
100798628,METROPOLITAN NASHVILLE POLICE DEPT,20150290837,Davidson,Goodlettsville,3/27/2015 5:01:00 PM,2,1,0,36.288750,-86.704500,US HWY 31E,,,,709.00,Feet,North,EDENWOLD RD,,,,0.00,N,Not at Intersection,N,Non-Junction,None,,,         ,Carlos,Urrutia,Cloudy,Front to Rear,no,no,no,no,no,False