master_record_number,agency,agency_tracking_number,county,city,collision_date,vehicles_involved,number_injured,number_dead,latitude,longitude,roadway_name,roadway_suffix,roadway_number,roadway_local_id,distance_from_reference,miles-feet_indicator,direction_from_reference,intersection_road_name,intersection_road_name_suffix,intersection_road_number,intersection_local_id,mile_marker,intersection_indicator,intersect_type,interchange_related_indicator,relation_to_junction,work_zone_type,construction_maintenance_zone,construction_maintenance_zone_location,fatal_case_number,officer_first_name,officer_last_name,weather_condition(s),manner_of_crash,pedestrian,bicycle,scooter,parking,hitrun,mou
100799610,METROPOLITAN NASHVILLE POLICE DEPT,20150297561,Davidson,Nashville,3/30/2015 2:06:00 AM,2,0,0,36.090130,-86.720890,ELYSIAN FIELDS RD,,,,0.00,,,DEWAIN DR,,,,0.00,Y,Four-Way,N,Non-Junction,None,,,         ,Justin,McCormick,Clear,"Sideswipe, Same Direction",no,no,no,no,yes,False
100799613,METROPOLITAN NASHVILLE POLICE DEPT,2015-0294631,Davidson,Nashville,3/28/2015 10:35:00 PM,2,0,0,36.162110,-86.790620,11TH AVE N,,,,0.00,,,CHARLOTTE AVE,,,,0.00,Y,Four-Way,N,Intersection,None,,,         ,Jared,Zwilling,Clear,Angle,no,no,no,no,yes,False
100799621,METROPOLITAN NASHVILLE POLICE DEPT,20150297654,Davidson,Nashville,3/30/2015 3:20:00 AM,3,0,0,36.177150,-86.748140,WOODLAND ST,,,,103.00,Feet,East,N 12TH ST,,,,0.00,N,Not at Intersection,N,Non-Junction,None,,,         ,Douglas,Smith,Rain,"Sideswipe, Same Direction",no,no,no,no,no,False
100799627,METROPOLITAN NASHVILLE POLICE DEPT,20150297806,Davidson,Nashville,3/30/2015 5:15:00 AM,2,0,0,36.180670,-86.774210,N 1ST ST,,,,43.00,Feet,East,EXIT 47,,,,0.00,N,Not at Intersection,N,Non-Junction,None,,,         ,Ashley,Arnold,Clear,Front to Rear,no,no,no,no,yes,False
100799631,METROPOLITAN NASHVILLE POLICE DEPT,20150297753,Davidson,Nashville,3/30/2015 4:00:00 AM,1,0,0,36.152140,-86.861590,SNYDER AVE,,,,153.00,Feet,North,TWIN ST,,,,0.00,N,Not at Intersection,N,OtherLocation,None,,,         ,Autumn,Manning,Clear,Not Collision with Motor Vehicle in Transport,no,no,no,no,yes,False
100799634,METROPOLITAN NASHVILLE POLICE DEPT,20150297688,Davidson,Nashville,3/30/2015 3:49:00 AM,1,0,0,36.151190,-86.857720,STATE HWY 155,,,,0.00,,,WHITE BRIDGE PL,,,,0.00,Y,OTHER,N,Non-Junction,None,,,         ,Barry,Scarbrough,Cloudy,Not Collision with Motor Vehicle in Transport,no,no,no,yes,no,False
100799638,METROPOLITAN NASHVILLE POLICE DEPT,2015-0286757,Davidson,Antioch,3/26/2015 2:04:00 PM,2,0,0,36.063720,-86.601590,HAMILTON CHURCH,RD,,,0.00,Feet,,MT VIEW,,,,0.00,Y,Four-Way, ,Intersection,None,,,         ,William,Whitworth,Cloudy,Angle,no,no,no,no,no,False
100799641,METROPOLITAN NASHVILLE POLICE DEPT,20150296092,Davidson,Nashville,3/29/2015 1:55:00 PM,2,0,0,36.141610,-86.764500,US HWY 31 ALT,,,,0.00,,,HUMPHREYS ST,,,,0.00,Y,T-Intersection, ,Intersection,None,,,         ,Christopher,Hanor,Clear,Angle,no,no,no,no,no,False
100799642,METROPOLITAN NASHVILLE POLICE DEPT,20150297801,Davidson,Nashville,3/30/2015 5:12:00 AM,1,1,0,0.000000,0.000000,NOLENSVILLE,PIKE,SR1,1,100.00,Feet,North,SHADOW GLED,DR,SR1,,0.00,N,Not at Intersection,N,Non-Junction,None,,,         ,David,Moser,Clear,Not Collision with Motor Vehicle in Transport,no,no,no,no,no,False
100799651,METROPOLITAN NASHVILLE POLICE DEPT,20150296019,Davidson,Not in City Limit,3/29/2015 12:00:00 AM,1,0,0,36.279460,-86.680390,RYMER CT,,,,481.00,Feet,West,RIVER LANDING WAY,,,,0.00,N,Not at Intersection,N,Non-Junction,None,,,         ,Justin,Franklin,Unknown,Not Collision with Motor Vehicle in Transport,no,no,no,no,yes,False
100799654,METROPOLITAN NASHVILLE POLICE DEPT,20150292312,Davidson,Nashville,3/30/2015 12:35:00 AM,2,0,0,36.142330,-86.735670,I 40,,,,0.00,,,,,,,212.80,N,Not at Intersection, ,Non-Junction,None,,,         ,Darryl,Williams,Clear,"Sideswipe, Same Direction",no,no,no,no,no,False
100799662,METROPOLITAN NASHVILLE POLICE DEPT,20150297967,Davidson,Nashville,3/30/2015 7:09:00 AM,2,0,0,36.136160,-86.788700,WEDGEWOOD AVE,,,,0.00,,,12TH AVE S,,,,0.00,Y,Four-Way, ,Non-Junction,None,,,         ,James,Smith,Clear,Front to Rear,no,no,no,no,no,False
100799664,METROPOLITAN NASHVILLE POLICE DEPT,20150297990,Davidson,Nashville,3/30/2015 7:26:00 AM,2,0,0,36.170210,-86.601220,STATE HWY 45,,,,251.00,Feet,North,RAMP,,,,0.00,N,Not at Intersection, ,Non-Junction,None,,,         ,James,Curtis,Clear,Front to Rear,no,no,no,no,no,False
100799669,METROPOLITAN NASHVILLE POLICE DEPT,2015029796,Davidson,Nashville,3/30/2015 7:13:00 AM,2,0,0,36.040010,-86.743490,STATE HWY 254,,,,0.00,,,EDMONDSON PIKE,,,,0.00,Y,Four-Way, ,Non-Junction,None,,,         ,Tony,Folad,Clear,Rear to Rear,no,no,no,no,no,False
100799672,METROPOLITAN NASHVILLE POLICE DEPT,2015-0297970,Davidson,Nashville,3/30/2015 7:00:00 AM,2,1,0,36.153870,-86.837020,-- UNKNOWN RAMP/ROAD --,,,,0.00,Feet,East,I 40,,,,0.00,N,Not at Intersection,N,Non-Junction,None,,,         ,Cesar,Castillo,Clear,Front to Rear,no,no,no,no,no,False
100799677,METROPOLITAN NASHVILLE POLICE DEPT,20150298099,Davidson,Nashville,3/30/2015 8:09:00 AM,2,0,0,36.156930,-86.798920,18TH AVE N,,,,0.00,,,PATTERSON ST,,,,0.00,Y,Four-Way, ,,None,,,         ,Nathan,Kemp,,,no,no,no,no,no,False
100799687,METROPOLITAN NASHVILLE POLICE DEPT,20150298114,Davidson,Nashville,3/30/2015 8:15:00 AM,2,0,0,36.109640,-86.728360,RAMP,,,,0.00,,,STATE HWY 155,,,,0.00,Y,T-Intersection, ,Intersection,None,,,         ,Christopher,Hanor,Clear,Front to Rear,no,no,no,no,yes,False
100799692,METROPOLITAN NASHVILLE POLICE DEPT,20150298028,Davidson,Nashville,3/30/2015 7:45:00 AM,2,0,0,0.000000,0.000000,BRILEY,PKWY,,,500.00,Feet,South,EXIT 11 (OPRY MILLS),,,,0.00,N,Not at Intersection, ,Non-Junction,None,,,         ,Josh,Baney,Clear,"Sideswipe, Same Direction",no,no,no,no,no,False
100799693,METROPOLITAN NASHVILLE POLICE DEPT,2015-0296021,Davidson,Nashville,3/29/2015 1:00:00 PM,2,0,0,36.193950,-86.760470,DOUGLAS AVE,,,,0.00,,,N 6TH ST,,,,0.00,Y,OTHER,N,Non-Junction,None,,,         ,Kenneth,Bray,Clear,"Sideswipe, Same Direction",no,no,no,no,yes,False
100799694,METROPOLITAN NASHVILLE POLICE DEPT,2015-0286767,Davidson,Nashville,3/30/2015 1:45:00 PM,2,0,0,36.156570,-86.787470,12TH AVE S,,,,0.00,,,US HWY 70,,,,0.00,Y,Four-Way, ,OtherLocation,None,,,         ,Daniel,Massey,Clear,"Sideswipe, Same Direction",no,no,no,no,no,False
100799697,METROPOLITAN NASHVILLE POLICE DEPT,20150298095,Davidson,Nashville,3/30/2015 7:44:00 AM,2,1,0,36.021730,-86.742670,MOUNT PISGAH RD,,,,0.00,,,EDMONDSON PIKE,,,,0.00,Y,T-Intersection,Y,Intersection,None,,,         ,Gary,Sneed,Clear,Front to Rear,no,no,no,no,no,False
100799700,METROPOLITAN NASHVILLE POLICE DEPT,20150297991,Davidson,Nashville,3/30/2015 7:25:00 AM,2,2,0,36.067780,-86.695380,CREEKSIDE DR,,,,305.00,Feet,East,KEELEY DR,,,,0.00,N,Not at Intersection,N,Non-Junction,None,,,         ,James,Thomas,Clear,HeadOn,no,no,no,no,no,False
100799703,METROPOLITAN NASHVILLE POLICE DEPT,20150298251,Davidson,Nashville,3/30/2015 9:05:00 AM,2,0,0,36.141860,-86.776630,I 65,,,,0.00,,,,,,,81.95,N,Not at Intersection,N,Non-Junction,None,,,         ,Nathan,Kemp,Clear,Front to Rear,no,no,no,no,no,False
100799706,METROPOLITAN NASHVILLE POLICE DEPT,20150298012,Davidson,Nashville,3/30/2015 7:35:00 AM,3,0,0,36.124110,-86.746210,I 440,,,,0.00,,,,,,,6.50,N,Not at Intersection, ,Non-Junction,None,,,         ,George,Krukowski,Clear,Front to Rear,no,no,no,no,no,False
100799715,METROPOLITAN NASHVILLE POLICE DEPT,20150298270,Davidson,Nashville,3/30/2015 9:09:00 AM,2,1,0,36.112280,-86.723210,I 24,,,,0.00,,,,,,,53.50,N,Not at Intersection,N,Non-Junction,None,,,         ,Christopher,Hanor,Clear,Front to Rear,no,no,no,no,no,False
100799718,METROPOLITAN NASHVILLE POLICE DEPT,20150298086,Davidson,Nashville,3/30/2015 8:05:00 AM,4,1,0,36.150150,-86.868940,I 40,,,,0.00,,,,,,,203.30,N,Not at Intersection,N,Non-Junction,None,,,         ,Brian,Myatt,Clear,Front to Rear,no,no,no,no,no,False
100799724,METROPOLITAN NASHVILLE POLICE DEPT,20150298198,Davidson,Nashville,3/30/2015 8:43:00 AM,2,0,0,36.115610,-86.695670,US HWY 41,,,,466.00,Feet,West,PINEWAY DR,,,,0.00,N,Not at Intersection,N,Non-Junction,None,,,         ,Brian,Ewing,Clear,Front to Rear,no,no,no,no,no,False
100799733,METROPOLITAN NASHVILLE POLICE DEPT,2015-0297952,Davidson,Nashville,3/30/2015 6:58:00 AM,3,1,0,36.164780,-86.763440,I 24,,,,0.00,,,,,,,49.10,N,Not at Intersection,Y,Entrance/Exit Ramp Related,None,,,         ,Daniel,Massey,Clear,"Sideswipe, Same Direction",no,no,no,no,no,False
100799737,METROPOLITAN NASHVILLE POLICE DEPT,20150298062,Davidson,Nashville,3/30/2015 7:58:00 AM,1,0,0,36.093790,-86.923640,STATE HWY 251,,,,522.00,Feet,East,RIDGELAKE PKWY,,,,0.00,N,Not at Intersection,N,Non-Junction,None,,,         ,Jack,Crouch,Clear,Not Collision with Motor Vehicle in Transport,no,no,no,no,no,False
100799740,METROPOLITAN NASHVILLE POLICE DEPT,20150298281,Davidson,Nashville,3/30/2015 9:20:00 AM,2,0,0,36.140380,-86.731130,I 40,,,,0.00,,,,,,,212.90,N,Not at Intersection, ,OtherLocation,None,,,         ,Josh,Baney,Clear,"Sideswipe, Same Direction",no,no,no,no,no,False
100799747,METROPOLITAN NASHVILLE POLICE DEPT,20150298383,Davidson,Nashville,3/30/2015 9:55:00 AM,1,0,0,36.201940,-86.840040,US HWY 41 ALT,,,,474.00,Feet,South,ABERNATHY RD,,,,0.00,N,Not at Intersection,N,Non-Junction,None,,,         ,Michael,McCord,Clear,Not Collision with Motor Vehicle in Transport,no,no,no,no,no,False
100799750,METROPOLITAN NASHVILLE POLICE DEPT,20150298554,Davidson,Nashville,3/30/2015 11:03:00 AM,2,0,0,36.093510,-86.762790,I 65,,,,0.00,,,,,,,78.60,N,Not at Intersection, ,,None,,,         ,Nathan,Kemp,,,no,no,no,no,no,False
100799751,METROPOLITAN NASHVILLE POLICE DEPT,20150298512,Davidson,Nashville,3/30/2015 10:50:00 AM,2,0,0,36.137270,-86.699700,STATE HWY 155,,,,0.00,,,GLASTONBURY RD,,,,0.00,Y,T-Intersection, ,Intersection,None,,,         ,Christopher,Hanor,Clear,Front to Rear,no,no,no,no,yes,False
100799753,METROPOLITAN NASHVILLE POLICE DEPT,20150298046,Davidson,Nashville,3/30/2015 7:52:00 AM,2,0,0,36.115870,-86.783400,I 440,,,,0.00,,,,,,,4.35,N,Not at Intersection, ,Non-Junction,None,,,         ,Darrell,Osment,Clear,Front to Rear,no,no,no,no,no,False
100799756,METROPOLITAN NASHVILLE POLICE DEPT,20150295890,Davidson,Not in City Limit,3/29/2015 11:36:00 AM,1,1,0,36.270200,-86.759080,STATE HWY 45,,,,915.00,Feet,East,MARYDALE DR,,,,0.00,N,Not at Intersection,N,Non-Junction,None,,,         ,Nicholas,Truan,Clear,Not Collision with Motor Vehicle in Transport,no,no,no,no,no,False
100799757,METROPOLITAN NASHVILLE POLICE DEPT,20150297979,Davidson,Not in City Limit,3/30/2015 7:19:00 AM,2,1,0,36.263670,-86.687120,STATE HWY 45,,,,0.00,,,ARCHWOOD DR,,,,0.00,Y,Four-Way,N,Intersection,None,,,         ,Nicholas,Truan,Clear,Front to Rear,no,no,no,no,no,False
100799758,METROPOLITAN NASHVILLE POLICE DEPT,20150298092,Davidson,Not in City Limit,3/30/2015 8:10:00 AM,2,0,0,36.260360,-86.712860,HICKORY ST,,,,0.00,Feet,,US HWY 31E,,,,0.00,Y,T-Intersection,N,Intersection,None,,,         ,Nicholas,Truan,Clear,Angle,no,no,no,no,no,False
100799762,METROPOLITAN NASHVILLE POLICE DEPT,2015-0298479,Davidson,Nashville,3/30/2015 10:30:00 AM,2,0,0,36.130170,-86.855720,STATE HWY 155,,,,435.00,Feet,West,BROOKWOOD TER,,,,0.00,N,Not at Intersection, ,Non-Junction,None,,,         ,George,Spencer,Clear,Angle,no,no,no,no,no,False
100799763,METROPOLITAN NASHVILLE POLICE DEPT,20150298561,Davidson,Nashville,3/30/2015 11:02:00 AM,2,0,0,36.034850,-86.707100,CEDARMONT DR,,,,147.00,Feet,North,CEDARVIEW DR,,,,0.00,N,Not at Intersection, ,Non-Junction,None,,,         ,Brian,Birch,Clear,Front to Rear,no,no,no,no,no,False
100799766,METROPOLITAN NASHVILLE POLICE DEPT,20150298433,Davidson,Nashville,3/30/2015 9:40:00 AM,2,0,0,36.033250,-86.712910,US HWY 31 ALT,,,,119.00,Feet,South,BARNES RD,,,,0.00,N,Not at Intersection,N,Non-Junction,None,,,         ,James,Thomas,Clear,Front to Rear,no,no,no,no,no,False
100799767,METROPOLITAN NASHVILLE POLICE DEPT,20150298570,Davidson,Nashville,3/30/2015 11:05:00 AM,2,0,0,36.120550,-86.750000,US HWY 31 ALT,,,,0.00,,,MELROSE AVE,,,,0.00,Y,Four-Way, ,Intersection,None,,,         ,Kevin,Caperton,Clear,HeadOn,no,no,no,no,no,False
100799769,METROPOLITAN NASHVILLE POLICE DEPT,20150298365,Davidson,Madison,3/30/2015 10:00:00 AM,1,0,0,0.000000,0.000000,,,I65,,1.00,Feet,North,,,,,920.00,N,Not at Intersection, ,,,,,         ,Faye,Denson,,,no,no,no,no,no,False
100799778,METROPOLITAN NASHVILLE POLICE DEPT,20150298436,Davidson,Nashville,3/30/2015 10:10:00 AM,4,1,0,36.189310,-86.735130,GREENWOOD AVE,,,,336.00,Feet,East,MATTHEWS PL,,,,0.00,N,Not at Intersection,N,Non-Junction,None,,,         ,Sheila,Nidiffer,Clear,Angle,no,no,no,no,no,False
100799787,METROPOLITAN NASHVILLE POLICE DEPT,20150298143,Davidson,Nashville,3/30/2015 8:28:00 AM,2,0,0,36.169060,-86.682390,FAIRWAY DR,,,,0.00,,,US HWY 70,,,,0.00,Y,Four-Way,N,Intersection,None,,,         ,James,Curtis,Clear,Front to Rear,no,no,no,no,no,False
100799788,METROPOLITAN NASHVILLE POLICE DEPT,20150298809,Davidson,Nashville,3/30/2015 12:29:00 PM,2,0,0,36.148980,-86.667440,ELM HILL PIKE,,,,69.00,Feet,East,NELSON PL,,,,0.00,N,Not at Intersection, ,,None,,,         ,James,Curtis,,,no,no,no,no,no,False
100799804,METROPOLITAN NASHVILLE POLICE DEPT,20150298811,Davidson,Nashville,3/30/2015 12:24:00 PM,2,0,0,36.137570,-86.800760,BLAKEMORE AVE,,,,0.00,,,US HWY 431,,,,0.00,Y,Four-Way, ,Intersection-Related,None,,,         ,Joshua,Dickall,Clear,Front to Rear,no,no,no,no,no,Campus
100799811,METROPOLITAN NASHVILLE POLICE DEPT,20150298926,Davidson,Antioch,3/30/2015 12:31:00 PM,2,0,0,36.016380,-86.619980,STATE HWY 171,,,,175.00,Feet,South,FIRESTONE PKWY,,,,0.00,N,Not at Intersection, ,OtherLocation,None,,,         ,Kenneth,Alexandrow,Clear,Rear to Side,no,no,no,yes,yes,False
100799813,METROPOLITAN NASHVILLE POLICE DEPT,20150296620,Davidson,Nashville,3/30/2015 6:00:00 PM,2,0,0,36.038420,-86.783700,STATE HWY 254,,,,127.00,Feet,North,EXIT 74B,,,,0.00,N,Not at Intersection, ,Non-Junction,None,,,         ,Miguel,Garcia,Clear,Front to Rear,no,no,no,no,no,False
100799814,METROPOLITAN NASHVILLE POLICE DEPT,20150296766,Davidson,Nashville,3/30/2015 6:50:00 PM,2,0,0,36.059180,-86.853230,US HWY 431,,,,83.00,Feet,South,CROMWELL DR,,,,0.00,N,Not at Intersection, ,Non-Junction,None,,,         ,Miguel,Garcia,Clear,Front to Rear,no,no,no,no,no,False
100799820,METROPOLITAN NASHVILLE POLICE DEPT,20150298999,Davidson,Nashville,3/30/2015 1:28:00 PM,2,1,0,36.159190,-86.797220,US HWY 70,,,,208.00,Feet,West,16TH AVE N,,,,0.00,N,Not at Intersection,N,Non-Junction,None,,,         ,Nathan,Kemp,Clear,Front to Rear,no,no,no,no,no,False
100799823,METROPOLITAN NASHVILLE POLICE DEPT,2015-0298922,Davidson,Nashville,3/30/2015 12:52:00 PM,2,0,0,36.077030,-86.725530,US HWY 31 ALT,,,,0.00,Feet,,WALLACE RD,,,,0.00,Y,Four-Way,N,Intersection-Related,None,,,         ,Erik,Dabbs,Clear,Front to Rear,no,no,no,no,no,False
100799830,METROPOLITAN NASHVILLE POLICE DEPT,2015-0297939,Davidson,Nashville,3/30/2015 6:00:00 AM,2,0,0,36.150960,-86.770610,RAMP,,,,0.00,,,I 40,,,,0.00,Y,Four-Way,Y,Intersection,None,,,         ,William,Whitworth,Clear,Angle,no,no,no,no,no,False
100799831,METROPOLITAN NASHVILLE POLICE DEPT,2015-0298157,Davidson,Nashville,3/30/2015 8:35:00 AM,2,1,0,36.116920,-86.725690,I 24,,,,0.00,,,,,,,53.15,N,Not at Intersection,N,Non-Junction,None,,,         ,William,Whitworth,Clear,Angle,no,no,no,no,no,False
100799832,METROPOLITAN NASHVILLE POLICE DEPT,2015-0299025,Davidson,Nashville,3/30/2015 1:38:00 PM,2,1,0,36.046480,-86.661170,EXIT 59,,,,0.00,,,I 24,,,,0.00,Y,OTHER,Y,Entrance/Exit Ramp Related,None,,,         ,William,Whitworth,Clear,Front to Rear,no,no,no,no,no,False
100799837,METROPOLITAN NASHVILLE POLICE DEPT,20150299053,Davidson,Nashville,3/30/2015 1:45:00 PM,2,0,0,36.120550,-86.750000,US HWY 31 ALT,,,,0.00,,,MELROSE AVE,,,,0.00,Y,Four-Way,N,Intersection,None,,,         ,George,Krukowski,Clear,Angle,no,no,no,no,no,False
100799839,METROPOLITAN NASHVILLE POLICE DEPT,2015-0299148,Davidson,Nashville,3/30/2015 2:16:00 PM,2,0,0,36.121600,-86.807340,US HWY 431,,,,380.00,Feet,North,SHARONDALE DR,,,,0.00,N,Not at Intersection,N,Non-Junction,None,,,         ,Walter,Gray II,Clear,Front to Rear,no,no,no,no,yes,False
100799853,METROPOLITAN NASHVILLE POLICE DEPT,20150298897,Davidson,Nashville,3/30/2015 12:48:00 PM,3,0,0,36.166980,-86.801220,16TH AVE N,,,,142.00,Feet,South,JACKSON ST,,,,0.00,N,Not at Intersection,N,Non-Junction,None,,,         ,Ky,Luu,Clear,Front to Rear,no,no,no,no,no,False
100799856,METROPOLITAN NASHVILLE POLICE DEPT,20150299280,Davidson,Nashville,3/30/2015 3:41:00 PM,2,0,0,36.113010,-86.799440,STATE HWY 155,,,,170.00,Feet,East,BELMONT BLVD,,,,0.00,N,Not at Intersection, ,Non-Junction,None,,,         ,Eric,Burford,Clear,Front to Rear,no,no,no,no,no,False
100799859,METROPOLITAN NASHVILLE POLICE DEPT,20150299343,Davidson,Nashville,3/30/2015 3:19:00 PM,2,0,0,36.139120,-86.732940,US HWY 41,,,,0.00,,,ARLINGTON AVE,,,,0.00,Y,T-Intersection, ,,None,,,         ,James,Tidwell,,,no,no,no,no,no,False
100799866,METROPOLITAN NASHVILLE POLICE DEPT,20150299349,Davidson,Nashville,3/30/2015 3:37:00 PM,2,0,0,36.161350,-86.774810,2ND AVE S,,,,215.00,Feet,North,SHELBY STREET BRIDGE,,,,0.00,N,Not at Intersection, ,Non-Junction,None,,,         ,Blaze,Williams,Clear,Angle,no,no,no,no,no,False
100799871,METROPOLITAN NASHVILLE POLICE DEPT,20150299332,Davidson,Not in City Limit,3/30/2015 3:17:00 PM,2,0,0,36.073900,-86.926780,US HWY 70S,,,,140.00,Feet,East,WATERFORD CIR,,,,0.00,N,Not at Intersection, ,,,,,         ,Adam,Reese,,,no,no,no,no,no,False
100799872,METROPOLITAN NASHVILLE POLICE DEPT,2015-0299103,Davidson,Nashville,3/30/2015 2:04:00 PM,2,1,0,36.176890,-86.774620,SPRING ST,,,,0.00,,,N 1ST ST,,,,0.00,Y,Four-Way,N,Intersection,None,,,         ,Frank,Campbell,Clear,Angle,no,no,no,no,no,False
100799877,METROPOLITAN NASHVILLE POLICE DEPT,20150299361,Davidson,Nashville,3/30/2015 3:45:00 PM,2,0,0,36.127520,-86.803560,US HWY 431,,,,0.00,,,W LINDEN AVE,,,,0.00,Y,T-Intersection, ,Intersection-Related,None,,,         ,Charles,Griffin,Clear,Angle,no,no,no,no,no,False
100799884,METROPOLITAN NASHVILLE POLICE DEPT,20150299277,Davidson,Nashville,3/30/2015 3:16:00 PM,2,0,0,36.167230,-86.779620,CHARLOTTE AVE,,,,0.00,,,3RD AVE N,,,,0.00,Y,T-Intersection,N,Non-Junction,None,,,         ,Seth,Oden,Clear,Angle,no,no,no,no,no,False
100799885,BERRY HILL POLICE DEPT,15-1157,Davidson,Berry Hill,3/27/2015 3:45:00 PM,2,0,0,36.125790,-86.765880,BRANSFORD AVE,,,,0.00,,,CRAIGHEAD ST,,,,0.00,Y,Four-Way,Y,Intersection,None,,,         ,John,Gleixner,Rain,Angle,no,no,no,no,no,False
100799887,METROPOLITAN NASHVILLE POLICE DEPT,20150299424,Davidson,Nashville,3/30/2015 4:16:00 PM,2,0,0,36.161070,-86.777190,4TH AVE S,,,,0.00,,,US HWY 70,,,,0.00,Y,Four-Way, ,,None,,,         ,Aaron,Thomas,,,no,no,no,no,no,False
100799892,METROPOLITAN NASHVILLE POLICE DEPT,20150299249,Davidson,Nashville,3/30/2015 3:00:00 PM,2,0,0,36.183410,-86.610810,DODSON CHAPEL RD,,,,57.00,Feet,South,STATE HWY 45,,,,0.00,N,Not at Intersection, ,Non-Junction,None,,,         ,Mark,Harrison,Clear,"Sideswipe, Same Direction",no,no,no,no,no,False
100799899,METROPOLITAN NASHVILLE POLICE DEPT,20150299409,Davidson,Nashville,3/30/2015 4:00:00 PM,3,0,0,36.148760,-86.666200,ELM HILL PIKE,,,,0.00,,,STATE HWY 255,,,,0.00,Y,Four-Way, ,Intersection,None,,,         ,John,Kelley,Clear,Angle,no,no,no,no,no,False
100799901,METROPOLITAN NASHVILLE POLICE DEPT,20150299396,Davidson,Nashville,3/30/2015 4:03:00 PM,3,2,0,36.176000,-86.772000,I 24,,,,0.00,,,,,,,48.00,N,Not at Intersection,N,Non-Junction,None,,,         ,Whitney,Arnold,Clear,Front to Rear,no,no,no,no,yes,False
100799905,METROPOLITAN NASHVILLE POLICE DEPT,2015-0299301,Davidson,Nashville,3/30/2015 3:08:00 PM,3,1,0,36.114320,-86.814670,STATE HWY 155,,,,400.00,Feet,East,23RD AVE S,,,,0.00,N,Not at Intersection,N,Non-Junction,None,,,         ,Walter,Gray II,Clear,Front to Rear,no,no,no,no,no,False
100799907,METROPOLITAN NASHVILLE POLICE DEPT,20150299375,Davidson,Nashville,3/30/2015 3:51:00 PM,2,2,0,36.071300,-86.635500,US HWY 41,,,,316.00,Feet,South,BELL RD,,,,0.00,N,Not at Intersection,N,Non-Junction,None,,,         ,Thomas,Barnes,Clear,Angle,no,no,no,no,no,False
100799908,BERRY HILL POLICE DEPT,15-1159,Davidson,Nashville,3/27/2015 6:40:00 PM,1,1,0,36.109820,-86.774600,RAMP,,,,0.00,,,STATE HWY 155,,,,0.00,Y,OTHER,N,Non-Junction,None,,,         ,John,Gleixner,Rain,Not Collision with Motor Vehicle in Transport,no,no,no,no,no,False
100799910,METROPOLITAN NASHVILLE POLICE DEPT,20150299603,Davidson,Nashville,3/30/2015 5:15:00 PM,2,0,0,36.153320,-86.853030,I 40,,,,0.00,,,,,,,204.25,N,Not at Intersection, ,,None,,,         ,Brandon,Rardin,,,no,no,no,no,no,False
100799913,METROPOLITAN NASHVILLE POLICE DEPT,20150299430,Davidson,Nashville,3/30/2015 4:20:00 PM,2,0,0,36.160860,-86.793480,US HWY 70,,,,60.00,Feet,East,EXIT 209,,,,0.00,N,Not at Intersection, ,Non-Junction,None,,,         ,Peter,Knisley,Clear,Front to Rear,no,no,no,no,no,False
100799914,METROPOLITAN NASHVILLE POLICE DEPT,20150299487,Davidson,Nashville,3/30/2015 4:25:00 PM,2,0,0,36.205500,-86.765800,MERIDIAN ST,,,,51.00,Feet,South,E TRINITY LN,,,,0.00,N,Not at Intersection, ,Non-Junction,None,,,         ,Charles,Wakefield,Clear,Rear to Side,no,no,no,no,no,False
100799917,METROPOLITAN NASHVILLE POLICE DEPT,20150299369,Davidson,Not in City Limit,3/30/2015 3:43:00 PM,2,0,0,36.263750,-86.711660,US HWY 31E,,,,262.00,Feet,North,STATE HWY 45,,,,0.00,N,Not at Intersection, ,Non-Junction,None,,,         ,Ryan,Stanford,Clear,Angle,no,no,no,no,no,False
100799919,METROPOLITAN NASHVILLE POLICE DEPT,20150299378,Davidson,Nashville,3/30/2015 3:51:00 PM,2,1,0,36.045310,-86.701660,STATE HWY 254,,,,0.00,,,OLD HICKORY BLVD,,,,0.00,Y,Four-Way,N,Intersection-Related,None,,,         ,Kevin,Keating,Clear,Front to Rear,no,no,no,no,no,False
100799920,METROPOLITAN NASHVILLE POLICE DEPT,20150299559,Davidson,Antioch,3/30/2015 7:59:00 PM,2,0,0,36.012860,-86.620810,OLD HICKORY BLVD,,,,0.00,,,-- UNKNOWN RAMP/ROAD --,,,,0.00,Y,Y-Intersection, ,Entrance/Exit Ramp Related,None,,,         ,Kevin,Keating,Clear,Front to Rear,no,no,no,no,no,False
100799921,METROPOLITAN NASHVILLE POLICE DEPT,20150299466,Davidson,Nashville,3/30/2015 4:25:00 PM,2,0,0,36.048480,-86.653890,STATE HWY 254,,,,70.00,Feet,South,CONNECTING ROAD,,,,0.00,N,Not at Intersection, ,Non-Junction,None,,,         ,Oscar,Gomez,Clear,Angle,no,no,no,no,no,False
100799922,METROPOLITAN NASHVILLE POLICE DEPT,20150299544,Davidson,Nashville,3/30/2015 4:59:00 PM,2,0,0,36.142390,-86.709360,I 40,,,,0.00,,,,,,,214.25,N,Not at Intersection,N,Non-Junction,None,,,         ,Jared,Ester,Clear,Front to Rear,no,no,no,no,no,False
100799925,BERRY HILL POLICE DEPT,15-1207,Davidson,Berry Hill,3/30/2015 3:00:00 PM,2,0,0,36.119690,-86.774790,US HWY 31,,,,200.00,Feet,North,RAMP,,,,0.00,N,Not at Intersection, ,,None,,,         ,Greg,Colson,,,no,no,no,yes,no,False
100799927,METROPOLITAN NASHVILLE POLICE DEPT,20150299601,Davidson,Nashville,3/30/2015 5:17:00 PM,2,1,0,36.059100,-86.716170,TUSCULUM RD,,,,0.00,,,US HWY 31 ALT,,,,0.00,Y,OTHER,N,Non-Junction,None,,,         ,Ricki,Armstrong,Clear,Front to Rear,no,no,no,no,yes,False